kappa,k,q1,q2,m1,m2,dm,unspecified1,lhs_ass1,ass1_holds,mono_holds,cross_partial_negative,m_soph,m_naive,u_soph,u_naive,welfare_loss,naive_worse,naive_underspec
0.2,5,0.7,0.71,5.0,5.0,0.0,0.0,-0.0,True,True,True,5.0,5.0,97.5,97.5,0.0,True,True
0.2,5,0.71,0.72,5.0,5.0,0.0,0.0,-0.0,True,True,True,5.0,5.0,97.5,97.5,0.0,True,True
0.2,5,0.72,0.73,5.0,5.0,0.0,0.0,-0.0,True,True,True,5.0,5.0,97.5,97.5,0.0,True,True
0.2,5,0.73,0.74,5.0,5.0,0.0,0.0,-0.0,True,True,True,5.0,5.0,97.5,97.5,0.0,True,True
0.2,5,0.74,0.75,5.0,5.0,0.0,0.0,-0.0,True,True,True,5.0,5.0,97.5,97.5,0.0,True,True
0.2,5,0.75,0.76,5.0,5.0,0.0,0.0,-0.0,True,True,True,5.0,5.0,97.5,97.5,0.0,True,True
0.2,5,0.76,0.77,5.0,5.0,0.0,0.0,-0.0,True,True,True,5.0,5.0,97.5,97.5,0.0,True,True
0.2,5,0.77,0.78,5.0,5.0,0.0,0.0,-0.0,True,True,True,5.0,5.0,97.5,97.5,0.0,True,True
0.2,5,0.78,0.79,5.0,5.0,0.0,0.0,-0.0,True,True,True,5.0,5.0,97.5,97.5,0.0,True,True
0.2,5,0.79,0.7999999999999999,5.0,5.0,0.0,0.0,-0.0,True,True,True,5.0,5.0,97.5,97.5,0.0,True,True
0.2,5,0.7999999999999999,0.8099999999999999,5.0,5.0,0.0,0.0,-0.0,True,True,True,5.0,5.0,97.5,97.5,0.0,True,True
0.2,5,0.8099999999999999,0.82,5.0,5.0,0.0,0.0,-0.0,True,True,True,5.0,5.0,97.5,97.5,0.0,True,True
0.2,5,0.82,0.83,5.0,5.0,0.0,0.0,-0.0,True,True,True,5.0,5.0,97.5,97.5,0.0,True,True
0.2,5,0.83,0.84,5.0,5.0,0.0,0.0,-0.0,True,True,True,5.0,5.0,97.5,97.5,0.0,True,True
0.2,5,0.84,0.85,5.0,5.0,0.0,0.0,-0.0,True,True,True,5.0,5.0,97.5,97.5,0.0,True,True
0.2,5,0.85,0.86,5.0,5.0,0.0,0.0,-0.0,True,True,True,5.0,5.0,97.5,97.5,0.0,True,True
0.2,5,0.86,0.87,5.0,5.0,0.0,0.0,-0.0,True,True,True,5.0,5.0,97.5,97.5,0.0,True,True
0.2,5,0.87,0.88,5.0,5.0,0.0,0.0,-0.0,True,True,True,5.0,5.0,97.5,97.5,0.0,True,True
0.2,5,0.88,0.89,5.0,5.0,0.0,0.0,-0.0,True,True,True,5.0,5.0,97.5,97.5,0.0,True,True
0.2,5,0.89,0.9,5.0,5.0,0.0,0.0,-0.0,True,True,True,5.0,5.0,97.5,97.5,0.0,True,True
0.2,5,0.9,0.91,5.0,5.0,0.0,0.0,-0.0,True,True,True,5.0,5.0,97.5,97.5,0.0,True,True
0.2,5,0.91,0.9199999999999999,5.0,5.0,0.0,0.0,-0.0,True,True,True,5.0,5.0,97.5,97.5,0.0,True,True
0.2,5,0.9199999999999999,0.9299999999999999,5.0,5.0,0.0,0.0,-0.0,True,True,True,5.0,5.0,97.5,97.5,0.0,True,True
0.2,5,0.9299999999999999,0.94,5.0,5.0,0.0,0.0,-0.0,True,True,True,5.0,5.0,97.5,97.5,0.0,True,True
0.2,5,0.94,0.95,5.0,5.0,0.0,0.0,-0.0,True,True,True,5.0,5.0,97.5,97.5,0.0,True,True
0.2,5,0.95,0.96,5.0,5.0,0.0,0.0,-0.0,True,True,True,5.0,5.0,97.5,97.5,0.0,True,True
0.2,5,0.96,0.97,5.0,5.0,0.0,0.0,-0.0,True,True,True,5.0,5.0,97.5,97.5,0.0,True,True
0.2,5,0.97,0.98,5.0,5.0,0.0,0.0,-0.0,True,True,True,5.0,5.0,97.5,97.5,0.0,True,True
0.2,5,0.98,0.99,5.0,5.0,0.0,0.0,-0.0,True,True,True,5.0,5.0,97.5,97.5,0.0,True,True
0.2,6,0.7,0.71,6.0,6.0,0.0,0.0,-0.0,True,True,True,6.0,6.0,96.4,96.4,0.0,True,True
0.2,6,0.71,0.72,6.0,6.0,0.0,0.0,-0.0,True,True,True,6.0,6.0,96.4,96.4,0.0,True,True
0.2,6,0.72,0.73,6.0,6.0,0.0,0.0,-0.0,True,True,True,6.0,6.0,96.4,96.4,0.0,True,True
0.2,6,0.73,0.74,6.0,6.0,0.0,0.0,-0.0,True,True,True,6.0,6.0,96.4,96.4,0.0,True,True
0.2,6,0.74,0.75,6.0,6.0,0.0,0.0,-0.0,True,True,True,6.0,6.0,96.4,96.4,0.0,True,True
0.2,6,0.75,0.76,6.0,6.0,0.0,0.0,-0.0,True,True,True,6.0,6.0,96.4,96.4,0.0,True,True
0.2,6,0.76,0.77,6.0,6.0,0.0,0.0,-0.0,True,True,True,6.0,6.0,96.4,96.4,0.0,True,True
0.2,6,0.77,0.78,6.0,6.0,0.0,0.0,-0.0,True,True,True,6.0,6.0,96.4,96.4,0.0,True,True
0.2,6,0.78,0.79,6.0,6.0,0.0,0.0,-0.0,True,True,True,6.0,6.0,96.4,96.4,0.0,True,True
0.2,6,0.79,0.7999999999999999,6.0,6.0,0.0,0.0,-0.0,True,True,True,6.0,6.0,96.4,96.4,0.0,True,True
0.2,6,0.7999999999999999,0.8099999999999999,6.0,6.0,0.0,0.0,-0.0,True,True,True,6.0,6.0,96.4,96.4,0.0,True,True
0.2,6,0.8099999999999999,0.82,6.0,6.0,0.0,0.0,-0.0,True,True,True,6.0,6.0,96.4,96.4,0.0,True,True
0.2,6,0.82,0.83,6.0,6.0,0.0,0.0,-0.0,True,True,True,6.0,6.0,96.4,96.4,0.0,True,True
0.2,6,0.83,0.84,6.0,6.0,0.0,0.0,-0.0,True,True,True,6.0,6.0,96.4,96.4,0.0,True,True
0.2,6,0.84,0.85,6.0,6.0,0.0,0.0,-0.0,True,True,True,6.0,6.0,96.4,96.4,0.0,True,True
0.2,6,0.85,0.86,6.0,6.0,0.0,0.0,-0.0,True,True,True,6.0,6.0,96.4,96.4,0.0,True,True
0.2,6,0.86,0.87,6.0,6.0,0.0,0.0,-0.0,True,True,True,6.0,6.0,96.4,96.4,0.0,True,True
0.2,6,0.87,0.88,6.0,6.0,0.0,0.0,-0.0,True,True,True,6.0,6.0,96.4,96.4,0.0,True,True
0.2,6,0.88,0.89,6.0,6.0,0.0,0.0,-0.0,True,True,True,6.0,6.0,96.4,96.4,0.0,True,True
0.2,6,0.89,0.9,6.0,6.0,0.0,0.0,-0.0,True,True,True,6.0,6.0,96.4,96.4,0.0,True,True
0.2,6,0.9,0.91,6.0,6.0,0.0,0.0,-0.0,True,True,True,6.0,6.0,96.4,96.4,0.0,True,True
0.2,6,0.91,0.9199999999999999,6.0,6.0,0.0,0.0,-0.0,True,True,True,6.0,6.0,96.4,96.4,0.0,True,True
0.2,6,0.9199999999999999,0.9299999999999999,6.0,6.0,0.0,0.0,-0.0,True,True,True,6.0,6.0,96.4,96.4,0.0,True,True
0.2,6,0.9299999999999999,0.94,6.0,6.0,0.0,0.0,-0.0,True,True,True,6.0,6.0,96.4,96.4,0.0,True,True
0.2,6,0.94,0.95,6.0,6.0,0.0,0.0,-0.0,True,True,True,6.0,6.0,96.4,96.4,0.0,True,True
0.2,6,0.95,0.96,6.0,6.0,0.0,0.0,-0.0,True,True,True,6.0,6.0,96.4,96.4,0.0,True,True
0.2,6,0.96,0.97,6.0,6.0,0.0,0.0,-0.0,True,True,True,6.0,6.0,96.4,96.4,0.0,True,True
0.2,6,0.97,0.98,6.0,6.0,0.0,0.0,-0.0,True,True,True,6.0,6.0,96.4,96.4,0.0,True,True
0.2,6,0.98,0.99,6.0,4.974,-1.0259999999999998,0.0,-0.0,True,True,True,6.0,6.0,96.4,96.4,0.0,True,True
0.2,7,0.7,0.71,7.0,7.0,0.0,0.0,-0.0,True,True,True,7.0,7.0,95.1,95.1,0.0,True,True
0.2,7,0.71,0.72,7.0,7.0,0.0,0.0,-0.0,True,True,True,7.0,7.0,95.1,95.1,0.0,True,True
0.2,7,0.72,0.73,7.0,7.0,0.0,0.0,-0.0,True,True,True,7.0,7.0,95.1,95.1,0.0,True,True
0.2,7,0.73,0.74,7.0,7.0,0.0,0.0,-0.0,True,True,True,7.0,7.0,95.1,95.1,0.0,True,True
0.2,7,0.74,0.75,7.0,7.0,0.0,0.0,-0.0,True,True,True,7.0,7.0,95.1,95.1,0.0,True,True
0.2,7,0.75,0.76,7.0,7.0,0.0,0.0,-0.0,True,True,True,7.0,7.0,95.1,95.1,0.0,True,True
0.2,7,0.76,0.77,7.0,7.0,0.0,0.0,-0.0,True,True,True,7.0,7.0,95.1,95.1,0.0,True,True
0.2,7,0.77,0.78,7.0,7.0,0.0,0.0,-0.0,True,True,True,7.0,7.0,95.1,95.1,0.0,True,True
0.2,7,0.78,0.79,7.0,7.0,0.0,0.0,-0.0,True,True,True,7.0,7.0,95.1,95.1,0.0,True,True
0.2,7,0.79,0.7999999999999999,7.0,7.0,0.0,0.0,-0.0,True,True,True,7.0,7.0,95.1,95.1,0.0,True,True
0.2,7,0.7999999999999999,0.8099999999999999,7.0,7.0,0.0,0.0,-0.0,True,True,True,7.0,7.0,95.1,95.1,0.0,True,True
0.2,7,0.8099999999999999,0.82,7.0,7.0,0.0,0.0,-0.0,True,True,True,7.0,7.0,95.1,95.1,0.0,True,True
0.2,7,0.82,0.83,7.0,7.0,0.0,0.0,-0.0,True,True,True,7.0,7.0,95.1,95.1,0.0,True,True
0.2,7,0.83,0.84,7.0,7.0,0.0,0.0,-0.0,True,True,True,7.0,7.0,95.1,95.1,0.0,True,True
0.2,7,0.84,0.85,7.0,7.0,0.0,0.0,-0.0,True,True,True,7.0,7.0,95.1,95.1,0.0,True,True
0.2,7,0.85,0.86,7.0,7.0,0.0,0.0,-0.0,True,True,True,7.0,7.0,95.1,95.1,0.0,True,True
0.2,7,0.86,0.87,7.0,7.0,0.0,0.0,-0.0,True,True,True,7.0,7.0,95.1,95.1,0.0,True,True
0.2,7,0.87,0.88,7.0,7.0,0.0,0.0,-0.0,True,True,True,7.0,7.0,95.1,95.1,0.0,True,True
0.2,7,0.88,0.89,7.0,7.0,0.0,0.0,-0.0,True,True,True,7.0,7.0,95.1,95.1,0.0,True,True
0.2,7,0.89,0.9,7.0,7.0,0.0,0.0,-0.0,True,True,True,7.0,7.0,95.1,95.1,0.0,True,True
0.2,7,0.9,0.91,7.0,7.0,0.0,0.0,-0.0,True,True,True,7.0,7.0,95.1,95.1,0.0,True,True
0.2,7,0.91,0.9199999999999999,7.0,7.0,0.0,0.0,-0.0,True,True,True,7.0,7.0,95.1,95.1,0.0,True,True
0.2,7,0.9199999999999999,0.9299999999999999,7.0,7.0,0.0,0.0,-0.0,True,True,True,7.0,7.0,95.1,95.1,0.0,True,True
0.2,7,0.9299999999999999,0.94,7.0,7.0,0.0,0.0,-0.0,True,True,True,7.0,7.0,95.1,95.1,0.0,True,True
0.2,7,0.94,0.95,7.0,7.0,0.0,0.0,-0.0,True,True,True,7.0,7.0,95.1,95.1,0.0,True,True
0.2,7,0.95,0.96,7.0,7.0,0.0,0.0,-0.0,True,True,True,7.0,7.0,95.1,95.1,0.0,True,True
0.2,7,0.96,0.97,7.0,7.0,0.0,0.0,-0.0,True,True,True,7.0,7.0,95.1,95.1,0.0,True,True
0.2,7,0.97,0.98,7.0,7.0,0.0,0.0,-0.0,True,True,True,7.0,7.0,95.1,95.1,0.0,True,True
0.2,7,0.98,0.99,7.0,4.921,-2.0789999999999997,0.0,-0.0,True,True,True,7.0,7.0,95.1,95.1,0.0,True,True
0.2,8,0.7,0.71,8.0,8.0,0.0,0.0,-0.0,True,True,True,8.0,8.0,93.6,93.6,0.0,True,True
0.2,8,0.71,0.72,8.0,8.0,0.0,0.0,-0.0,True,True,True,8.0,8.0,93.6,93.6,0.0,True,True
0.2,8,0.72,0.73,8.0,8.0,0.0,0.0,-0.0,True,True,True,8.0,8.0,93.6,93.6,0.0,True,True
0.2,8,0.73,0.74,8.0,8.0,0.0,0.0,-0.0,True,True,True,8.0,8.0,93.6,93.6,0.0,True,True
0.2,8,0.74,0.75,8.0,8.0,0.0,0.0,-0.0,True,True,True,8.0,8.0,93.6,93.6,0.0,True,True
0.2,8,0.75,0.76,8.0,8.0,0.0,0.0,-0.0,True,True,True,8.0,8.0,93.6,93.6,0.0,True,True
0.2,8,0.76,0.77,8.0,8.0,0.0,0.0,-0.0,True,True,True,8.0,8.0,93.6,93.6,0.0,True,True
0.2,8,0.77,0.78,8.0,8.0,0.0,0.0,-0.0,True,True,True,8.0,8.0,93.6,93.6,0.0,True,True
0.2,8,0.78,0.79,8.0,8.0,0.0,0.0,-0.0,True,True,True,8.0,8.0,93.6,93.6,0.0,True,True
0.2,8,0.79,0.7999999999999999,8.0,8.0,0.0,0.0,-0.0,True,True,True,8.0,8.0,93.6,93.6,0.0,True,True
0.2,8,0.7999999999999999,0.8099999999999999,8.0,8.0,0.0,0.0,-0.0,True,True,True,8.0,8.0,93.6,93.6,0.0,True,True
0.2,8,0.8099999999999999,0.82,8.0,8.0,0.0,0.0,-0.0,True,True,True,8.0,8.0,93.6,93.6,0.0,True,True
0.2,8,0.82,0.83,8.0,8.0,0.0,0.0,-0.0,True,True,True,8.0,8.0,93.6,93.6,0.0,True,True
0.2,8,0.83,0.84,8.0,8.0,0.0,0.0,-0.0,True,True,True,8.0,8.0,93.6,93.6,0.0,True,True
0.2,8,0.84,0.85,8.0,8.0,0.0,0.0,-0.0,True,True,True,8.0,8.0,93.6,93.6,0.0,True,True
0.2,8,0.85,0.86,8.0,8.0,0.0,0.0,-0.0,True,True,True,8.0,8.0,93.6,93.6,0.0,True,True
0.2,8,0.86,0.87,8.0,8.0,0.0,0.0,-0.0,True,True,True,8.0,8.0,93.6,93.6,0.0,True,True
0.2,8,0.87,0.88,8.0,8.0,0.0,0.0,-0.0,True,True,True,8.0,8.0,93.6,93.6,0.0,True,True
0.2,8,0.88,0.89,8.0,8.0,0.0,0.0,-0.0,True,True,True,8.0,8.0,93.6,93.6,0.0,True,True
0.2,8,0.89,0.9,8.0,8.0,0.0,0.0,-0.0,True,True,True,8.0,8.0,93.6,93.6,0.0,True,True
0.2,8,0.9,0.91,8.0,8.0,0.0,0.0,-0.0,True,True,True,8.0,8.0,93.6,93.6,0.0,True,True
0.2,8,0.91,0.9199999999999999,8.0,8.0,0.0,0.0,-0.0,True,True,True,8.0,8.0,93.6,93.6,0.0,True,True
0.2,8,0.9199999999999999,0.9299999999999999,8.0,8.0,0.0,0.0,-0.0,True,True,True,8.0,8.0,93.6,93.6,0.0,True,True
0.2,8,0.9299999999999999,0.94,8.0,8.0,0.0,0.0,-0.0,True,True,True,8.0,8.0,93.6,93.6,0.0,True,True
0.2,8,0.94,0.95,8.0,8.0,0.0,0.0,-0.0,True,True,True,8.0,8.0,93.6,93.6,0.0,True,True
0.2,8,0.95,0.96,8.0,8.0,0.0,0.0,-0.0,True,True,True,8.0,8.0,93.6,93.6,0.0,True,True
0.2,8,0.96,0.97,8.0,8.0,0.0,0.0,-0.0,True,True,True,8.0,8.0,93.6,93.6,0.0,True,True
0.2,8,0.97,0.98,8.0,8.0,0.0,0.0,-0.0,True,True,True,8.0,8.0,93.6,93.6,0.0,True,True
0.2,8,0.98,0.99,8.0,4.868,-3.1319999999999997,0.0,-0.0,True,True,True,8.0,7.5,93.6,93.36994936611666,0.23005063388333724,True,True
0.2,9,0.7,0.71,9.0,9.0,0.0,0.0,-0.0,True,True,True,9.0,9.0,91.9,91.9,0.0,True,True
0.2,9,0.71,0.72,9.0,9.0,0.0,0.0,-0.0,True,True,True,9.0,9.0,91.9,91.9,0.0,True,True
0.2,9,0.72,0.73,9.0,9.0,0.0,0.0,-0.0,True,True,True,9.0,9.0,91.9,91.9,0.0,True,True
0.2,9,0.73,0.74,9.0,9.0,0.0,0.0,-0.0,True,True,True,9.0,9.0,91.9,91.9,0.0,True,True
0.2,9,0.74,0.75,9.0,9.0,0.0,0.0,-0.0,True,True,True,9.0,9.0,91.9,91.9,0.0,True,True
0.2,9,0.75,0.76,9.0,9.0,0.0,0.0,-0.0,True,True,True,9.0,9.0,91.9,91.9,0.0,True,True
0.2,9,0.76,0.77,9.0,9.0,0.0,0.0,-0.0,True,True,True,9.0,9.0,91.9,91.9,0.0,True,True
0.2,9,0.77,0.78,9.0,9.0,0.0,0.0,-0.0,True,True,True,9.0,9.0,91.9,91.9,0.0,True,True
0.2,9,0.78,0.79,9.0,9.0,0.0,0.0,-0.0,True,True,True,9.0,9.0,91.9,91.9,0.0,True,True
0.2,9,0.79,0.7999999999999999,9.0,9.0,0.0,0.0,-0.0,True,True,True,9.0,9.0,91.9,91.9,0.0,True,True
0.2,9,0.7999999999999999,0.8099999999999999,9.0,9.0,0.0,0.0,-0.0,True,True,True,9.0,9.0,91.9,91.9,0.0,True,True
0.2,9,0.8099999999999999,0.82,9.0,9.0,0.0,0.0,-0.0,True,True,True,9.0,9.0,91.9,91.9,0.0,True,True
0.2,9,0.82,0.83,9.0,9.0,0.0,0.0,-0.0,True,True,True,9.0,9.0,91.9,91.9,0.0,True,True
0.2,9,0.83,0.84,9.0,9.0,0.0,0.0,-0.0,True,True,True,9.0,9.0,91.9,91.9,0.0,True,True
0.2,9,0.84,0.85,9.0,9.0,0.0,0.0,-0.0,True,True,True,9.0,9.0,91.9,91.9,0.0,True,True
0.2,9,0.85,0.86,9.0,9.0,0.0,0.0,-0.0,True,True,True,9.0,9.0,91.9,91.9,0.0,True,True
0.2,9,0.86,0.87,9.0,9.0,0.0,0.0,-0.0,True,True,True,9.0,9.0,91.9,91.9,0.0,True,True
0.2,9,0.87,0.88,9.0,9.0,0.0,0.0,-0.0,True,True,True,9.0,9.0,91.9,91.9,0.0,True,True
0.2,9,0.88,0.89,9.0,9.0,0.0,0.0,-0.0,True,True,True,9.0,9.0,91.9,91.9,0.0,True,True
0.2,9,0.89,0.9,9.0,9.0,0.0,0.0,-0.0,True,True,True,9.0,9.0,91.9,91.9,0.0,True,True
0.2,9,0.9,0.91,9.0,9.0,0.0,0.0,-0.0,True,True,True,9.0,9.0,91.9,91.9,0.0,True,True
0.2,9,0.91,0.9199999999999999,9.0,9.0,0.0,0.0,-0.0,True,True,True,9.0,9.0,91.9,91.9,0.0,True,True
0.2,9,0.9199999999999999,0.9299999999999999,9.0,9.0,0.0,0.0,-0.0,True,True,True,9.0,9.0,91.9,91.9,0.0,True,True
0.2,9,0.9299999999999999,0.94,9.0,9.0,0.0,0.0,-0.0,True,True,True,9.0,9.0,91.9,91.9,0.0,True,True
0.2,9,0.94,0.95,9.0,9.0,0.0,0.0,-0.0,True,True,True,9.0,9.0,91.9,91.9,0.0,True,True
0.2,9,0.95,0.96,9.0,9.0,0.0,0.0,-0.0,True,True,True,9.0,9.0,91.9,91.9,0.0,True,True
0.2,9,0.96,0.97,9.0,9.0,0.0,0.0,-0.0,True,True,True,9.0,9.0,91.9,91.9,0.0,True,True
0.2,9,0.97,0.98,9.0,9.0,0.0,0.0,-0.0,True,True,True,9.0,9.0,91.9,91.9,0.0,True,True
0.2,9,0.98,0.99,9.0,4.8195,-4.1805,0.0,-0.0,True,True,True,9.0,7.4475,91.9,91.3656810535361,0.5343189464639124,True,True
0.2,10,0.7,0.71,10.0,10.0,0.0,0.0,-0.0,True,True,True,10.0,10.0,90.0,90.0,0.0,True,True
0.2,10,0.71,0.72,10.0,10.0,0.0,0.0,-0.0,True,True,True,10.0,10.0,90.0,90.0,0.0,True,True
0.2,10,0.72,0.73,10.0,10.0,0.0,0.0,-0.0,True,True,True,10.0,10.0,90.0,90.0,0.0,True,True
0.2,10,0.73,0.74,10.0,10.0,0.0,0.0,-0.0,True,True,True,10.0,10.0,90.0,90.0,0.0,True,True
0.2,10,0.74,0.75,10.0,10.0,0.0,0.0,-0.0,True,True,True,10.0,10.0,90.0,90.0,0.0,True,True
0.2,10,0.75,0.76,10.0,10.0,0.0,0.0,-0.0,True,True,True,10.0,10.0,90.0,90.0,0.0,True,True
0.2,10,0.76,0.77,10.0,10.0,0.0,0.0,-0.0,True,True,True,10.0,10.0,90.0,90.0,0.0,True,True
0.2,10,0.77,0.78,10.0,10.0,0.0,0.0,-0.0,True,True,True,10.0,10.0,90.0,90.0,0.0,True,True
0.2,10,0.78,0.79,10.0,10.0,0.0,0.0,-0.0,True,True,True,10.0,10.0,90.0,90.0,0.0,True,True
0.2,10,0.79,0.7999999999999999,10.0,10.0,0.0,0.0,-0.0,True,True,True,10.0,10.0,90.0,90.0,0.0,True,True
0.2,10,0.7999999999999999,0.8099999999999999,10.0,10.0,0.0,0.0,-0.0,True,True,True,10.0,10.0,90.0,90.0,0.0,True,True
0.2,10,0.8099999999999999,0.82,10.0,10.0,0.0,0.0,-0.0,True,True,True,10.0,10.0,90.0,90.0,0.0,True,True
0.2,10,0.82,0.83,10.0,10.0,0.0,0.0,-0.0,True,True,True,10.0,10.0,90.0,90.0,0.0,True,True
0.2,10,0.83,0.84,10.0,10.0,0.0,0.0,-0.0,True,True,True,10.0,10.0,90.0,90.0,0.0,True,True
0.2,10,0.84,0.85,10.0,10.0,0.0,0.0,-0.0,True,True,True,10.0,10.0,90.0,90.0,0.0,True,True
0.2,10,0.85,0.86,10.0,10.0,0.0,0.0,-0.0,True,True,True,10.0,10.0,90.0,90.0,0.0,True,True
0.2,10,0.86,0.87,10.0,10.0,0.0,0.0,-0.0,True,True,True,10.0,10.0,90.0,90.0,0.0,True,True
0.2,10,0.87,0.88,10.0,10.0,0.0,0.0,-0.0,True,True,True,10.0,10.0,90.0,90.0,0.0,True,True
0.2,10,0.88,0.89,10.0,10.0,0.0,0.0,-0.0,True,True,True,10.0,10.0,90.0,90.0,0.0,True,True
0.2,10,0.89,0.9,10.0,10.0,0.0,0.0,-0.0,True,True,True,10.0,10.0,90.0,90.0,0.0,True,True
0.2,10,0.9,0.91,10.0,10.0,0.0,0.0,-0.0,True,True,True,10.0,10.0,90.0,90.0,0.0,True,True
0.2,10,0.91,0.9199999999999999,10.0,10.0,0.0,0.0,-0.0,True,True,True,10.0,10.0,90.0,90.0,0.0,True,True
0.2,10,0.9199999999999999,0.9299999999999999,10.0,10.0,0.0,0.0,-0.0,True,True,True,10.0,10.0,90.0,90.0,0.0,True,True
0.2,10,0.9299999999999999,0.94,10.0,10.0,0.0,0.0,-0.0,True,True,True,10.0,10.0,90.0,90.0,0.0,True,True
0.2,10,0.94,0.95,10.0,10.0,0.0,0.0,-0.0,True,True,True,10.0,10.0,90.0,90.0,0.0,True,True
0.2,10,0.95,0.96,10.0,10.0,0.0,0.0,-0.0,True,True,True,10.0,10.0,90.0,90.0,0.0,True,True
0.2,10,0.96,0.97,10.0,10.0,0.0,0.0,-0.0,True,True,True,10.0,10.0,90.0,90.0,0.0,True,True
0.2,10,0.97,0.98,10.0,10.0,0.0,0.0,-0.0,True,True,True,10.0,10.0,90.0,90.0,0.0,True,True
0.2,10,0.98,0.99,10.0,4.7700000000000005,-5.2299999999999995,0.0,-0.0,True,True,True,10.0,7.3950000000000005,90.0,89.40468006079618,0.5953199392038186,True,True
0.2,11,0.7,0.71,11.0,11.0,0.0,0.0,-0.0,True,True,True,11.0,11.0,87.9,87.9,0.0,True,True
0.2,11,0.71,0.72,11.0,11.0,0.0,0.0,-0.0,True,True,True,11.0,11.0,87.9,87.9,0.0,True,True
0.2,11,0.72,0.73,11.0,11.0,0.0,0.0,-0.0,True,True,True,11.0,11.0,87.9,87.9,0.0,True,True
0.2,11,0.73,0.74,11.0,11.0,0.0,0.0,-0.0,True,True,True,11.0,11.0,87.9,87.9,0.0,True,True
0.2,11,0.74,0.75,11.0,11.0,0.0,0.0,-0.0,True,True,True,11.0,11.0,87.9,87.9,0.0,True,True
0.2,11,0.75,0.76,11.0,11.0,0.0,0.0,-0.0,True,True,True,11.0,11.0,87.9,87.9,0.0,True,True
0.2,11,0.76,0.77,11.0,11.0,0.0,0.0,-0.0,True,True,True,11.0,11.0,87.9,87.9,0.0,True,True
0.2,11,0.77,0.78,11.0,11.0,0.0,0.0,-0.0,True,True,True,11.0,11.0,87.9,87.9,0.0,True,True
0.2,11,0.78,0.79,11.0,11.0,0.0,0.0,-0.0,True,True,True,11.0,11.0,87.9,87.9,0.0,True,True
0.2,11,0.79,0.7999999999999999,11.0,11.0,0.0,0.0,-0.0,True,True,True,11.0,11.0,87.9,87.9,0.0,True,True
0.2,11,0.7999999999999999,0.8099999999999999,11.0,11.0,0.0,0.0,-0.0,True,True,True,11.0,11.0,87.9,87.9,0.0,True,True
0.2,11,0.8099999999999999,0.82,11.0,11.0,0.0,0.0,-0.0,True,True,True,11.0,11.0,87.9,87.9,0.0,True,True
0.2,11,0.82,0.83,11.0,11.0,0.0,0.0,-0.0,True,True,True,11.0,11.0,87.9,87.9,0.0,True,True
0.2,11,0.83,0.84,11.0,11.0,0.0,0.0,-0.0,True,True,True,11.0,11.0,87.9,87.9,0.0,True,True
0.2,11,0.84,0.85,11.0,11.0,0.0,0.0,-0.0,True,True,True,11.0,11.0,87.9,87.9,0.0,True,True
0.2,11,0.85,0.86,11.0,11.0,0.0,0.0,-0.0,True,True,True,11.0,11.0,87.9,87.9,0.0,True,True
0.2,11,0.86,0.87,11.0,11.0,0.0,0.0,-0.0,True,True,True,11.0,11.0,87.9,87.9,0.0,True,True
0.2,11,0.87,0.88,11.0,11.0,0.0,0.0,-0.0,True,True,True,11.0,11.0,87.9,87.9,0.0,True,True
0.2,11,0.88,0.89,11.0,11.0,0.0,0.0,-0.0,True,True,True,11.0,11.0,87.9,87.9,0.0,True,True
0.2,11,0.89,0.9,11.0,11.0,0.0,0.0,-0.0,True,True,True,11.0,11.0,87.9,87.9,0.0,True,True
0.2,11,0.9,0.91,11.0,11.0,0.0,0.0,-0.0,True,True,True,11.0,11.0,87.9,87.9,0.0,True,True
0.2,11,0.91,0.9199999999999999,11.0,11.0,0.0,0.0,-0.0,True,True,True,11.0,11.0,87.9,87.9,0.0,True,True
0.2,11,0.9199999999999999,0.9299999999999999,11.0,11.0,0.0,0.0,-0.0,True,True,True,11.0,11.0,87.9,87.9,0.0,True,True
0.2,11,0.9299999999999999,0.94,11.0,11.0,0.0,0.0,-0.0,True,True,True,11.0,11.0,87.9,87.9,0.0,True,True
0.2,11,0.94,0.95,11.0,11.0,0.0,0.0,-0.0,True,True,True,11.0,11.0,87.9,87.9,0.0,True,True
0.2,11,0.95,0.96,11.0,11.0,0.0,0.0,-0.0,True,True,True,11.0,11.0,87.9,87.9,0.0,True,True
0.2,11,0.96,0.97,11.0,11.0,0.0,0.0,-0.0,True,True,True,11.0,11.0,87.9,87.9,0.0,True,True
0.2,11,0.97,0.98,11.0,9.872499999999999,-1.1275000000000013,0.0,-0.0,True,True,True,11.0,9.9385,87.9,86.94108745462367,0.9589125453763359,True,True
0.2,11,0.98,0.99,9.872499999999999,4.718999999999999,-5.153499999999999,1.1275000000000013,-0.022778552500503223,True,True,True,9.872499999999999,7.342499999999999,88.00126638204146,87.48602449434073,0.5152418877007392,True,True
0.2,12,0.7,0.71,12.0,12.0,0.0,0.0,-0.0,True,True,True,12.0,12.0,85.6,85.6,0.0,True,True
0.2,12,0.71,0.72,12.0,12.0,0.0,0.0,-0.0,True,True,True,12.0,12.0,85.6,85.6,0.0,True,True
0.2,12,0.72,0.73,12.0,12.0,0.0,0.0,-0.0,True,True,True,12.0,12.0,85.6,85.6,0.0,True,True
0.2,12,0.73,0.74,12.0,12.0,0.0,0.0,-0.0,True,True,True,12.0,12.0,85.6,85.6,0.0,True,True
0.2,12,0.74,0.75,12.0,12.0,0.0,0.0,-0.0,True,True,True,12.0,12.0,85.6,85.6,0.0,True,True
0.2,12,0.75,0.76,12.0,12.0,0.0,0.0,-0.0,True,True,True,12.0,12.0,85.6,85.6,0.0,True,True
0.2,12,0.76,0.77,12.0,12.0,0.0,0.0,-0.0,True,True,True,12.0,12.0,85.6,85.6,0.0,True,True
0.2,12,0.77,0.78,12.0,12.0,0.0,0.0,-0.0,True,True,True,12.0,12.0,85.6,85.6,0.0,True,True
0.2,12,0.78,0.79,12.0,12.0,0.0,0.0,-0.0,True,True,True,12.0,12.0,85.6,85.6,0.0,True,True
0.2,12,0.79,0.7999999999999999,12.0,12.0,0.0,0.0,-0.0,True,True,True,12.0,12.0,85.6,85.6,0.0,True,True
0.2,12,0.7999999999999999,0.8099999999999999,12.0,12.0,0.0,0.0,-0.0,True,True,True,12.0,12.0,85.6,85.6,0.0,True,True
0.2,12,0.8099999999999999,0.82,12.0,12.0,0.0,0.0,-0.0,True,True,True,12.0,12.0,85.6,85.6,0.0,True,True
0.2,12,0.82,0.83,12.0,12.0,0.0,0.0,-0.0,True,True,True,12.0,12.0,85.6,85.6,0.0,True,True
0.2,12,0.83,0.84,12.0,12.0,0.0,0.0,-0.0,True,True,True,12.0,12.0,85.6,85.6,0.0,True,True
0.2,12,0.84,0.85,12.0,12.0,0.0,0.0,-0.0,True,True,True,12.0,12.0,85.6,85.6,0.0,True,True
0.2,12,0.85,0.86,12.0,12.0,0.0,0.0,-0.0,True,True,True,12.0,12.0,85.6,85.6,0.0,True,True
0.2,12,0.86,0.87,12.0,12.0,0.0,0.0,-0.0,True,True,True,12.0,12.0,85.6,85.6,0.0,True,True
0.2,12,0.87,0.88,12.0,12.0,0.0,0.0,-0.0,True,True,True,12.0,12.0,85.6,85.6,0.0,True,True
0.2,12,0.88,0.89,12.0,12.0,0.0,0.0,-0.0,True,True,True,12.0,12.0,85.6,85.6,0.0,True,True
0.2,12,0.89,0.9,12.0,12.0,0.0,0.0,-0.0,True,True,True,12.0,12.0,85.6,85.6,0.0,True,True
0.2,12,0.9,0.91,12.0,12.0,0.0,0.0,-0.0,True,True,True,12.0,12.0,85.6,85.6,0.0,True,True
0.2,12,0.91,0.9199999999999999,12.0,12.0,0.0,0.0,-0.0,True,True,True,12.0,12.0,85.6,85.6,0.0,True,True
0.2,12,0.9199999999999999,0.9299999999999999,12.0,12.0,0.0,0.0,-0.0,True,True,True,12.0,12.0,85.6,85.6,0.0,True,True
0.2,12,0.9299999999999999,0.94,12.0,12.0,0.0,0.0,-0.0,True,True,True,12.0,12.0,85.6,85.6,0.0,True,True
0.2,12,0.94,0.95,12.0,12.0,0.0,0.0,-0.0,True,True,True,12.0,12.0,85.6,85.6,0.0,True,True
0.2,12,0.95,0.96,12.0,12.0,0.0,0.0,-0.0,True,True,True,12.0,12.0,85.6,85.6,0.0,True,True
0.2,12,0.96,0.97,12.0,12.0,0.0,0.0,-0.0,True,True,True,12.0,12.0,85.6,85.6,0.0,True,True
0.2,12,0.97,0.98,12.0,9.63,-2.369999999999999,0.0,-0.0,True,True,True,12.0,9.81,85.6,83.92344030989857,1.6765596901014277,True,True
0.2,12,0.98,0.99,9.63,4.668,-4.962000000000001,2.369999999999999,-0.04788041634252112,True,True,True,9.63,7.29,86.0510873117128,85.60881185621984,0.4422754554929611,True,True
0.2,13,0.7,0.71,13.0,13.0,0.0,0.0,-0.0,True,True,True,13.0,13.0,83.1,83.1,0.0,True,True
0.2,13,0.71,0.72,13.0,13.0,0.0,0.0,-0.0,True,True,True,13.0,13.0,83.1,83.1,0.0,True,True
0.2,13,0.72,0.73,13.0,13.0,0.0,0.0,-0.0,True,True,True,13.0,13.0,83.1,83.1,0.0,True,True
0.2,13,0.73,0.74,13.0,13.0,0.0,0.0,-0.0,True,True,True,13.0,13.0,83.1,83.1,0.0,True,True
0.2,13,0.74,0.75,13.0,13.0,0.0,0.0,-0.0,True,True,True,13.0,13.0,83.1,83.1,0.0,True,True
0.2,13,0.75,0.76,13.0,13.0,0.0,0.0,-0.0,True,True,True,13.0,13.0,83.1,83.1,0.0,True,True
0.2,13,0.76,0.77,13.0,13.0,0.0,0.0,-0.0,True,True,True,13.0,13.0,83.1,83.1,0.0,True,True
0.2,13,0.77,0.78,13.0,13.0,0.0,0.0,-0.0,True,True,True,13.0,13.0,83.1,83.1,0.0,True,True
0.2,13,0.78,0.79,13.0,13.0,0.0,0.0,-0.0,True,True,True,13.0,13.0,83.1,83.1,0.0,True,True
0.2,13,0.79,0.7999999999999999,13.0,13.0,0.0,0.0,-0.0,True,True,True,13.0,13.0,83.1,83.1,0.0,True,True
0.2,13,0.7999999999999999,0.8099999999999999,13.0,13.0,0.0,0.0,-0.0,True,True,True,13.0,13.0,83.1,83.1,0.0,True,True
0.2,13,0.8099999999999999,0.82,13.0,13.0,0.0,0.0,-0.0,True,True,True,13.0,13.0,83.1,83.1,0.0,True,True
0.2,13,0.82,0.83,13.0,13.0,0.0,0.0,-0.0,True,True,True,13.0,13.0,83.1,83.1,0.0,True,True
0.2,13,0.83,0.84,13.0,13.0,0.0,0.0,-0.0,True,True,True,13.0,13.0,83.1,83.1,0.0,True,True
0.2,13,0.84,0.85,13.0,13.0,0.0,0.0,-0.0,True,True,True,13.0,13.0,83.1,83.1,0.0,True,True
0.2,13,0.85,0.86,13.0,13.0,0.0,0.0,-0.0,True,True,True,13.0,13.0,83.1,83.1,0.0,True,True
0.2,13,0.86,0.87,13.0,13.0,0.0,0.0,-0.0,True,True,True,13.0,13.0,83.1,83.1,0.0,True,True
0.2,13,0.87,0.88,13.0,13.0,0.0,0.0,-0.0,True,True,True,13.0,13.0,83.1,83.1,0.0,True,True
0.2,13,0.88,0.89,13.0,13.0,0.0,0.0,-0.0,True,True,True,13.0,13.0,83.1,83.1,0.0,True,True
0.2,13,0.89,0.9,13.0,13.0,0.0,0.0,-0.0,True,True,True,13.0,13.0,83.1,83.1,0.0,True,True
0.2,13,0.9,0.91,13.0,13.0,0.0,0.0,-0.0,True,True,True,13.0,13.0,83.1,83.1,0.0,True,True
0.2,13,0.91,0.9199999999999999,13.0,13.0,0.0,0.0,-0.0,True,True,True,13.0,13.0,83.1,83.1,0.0,True,True
0.2,13,0.9199999999999999,0.9299999999999999,13.0,13.0,0.0,0.0,-0.0,True,True,True,13.0,13.0,83.1,83.1,0.0,True,True
0.2,13,0.9299999999999999,0.94,13.0,13.0,0.0,0.0,-0.0,True,True,True,13.0,13.0,83.1,83.1,0.0,True,True
0.2,13,0.94,0.95,13.0,13.0,0.0,0.0,-0.0,True,True,True,13.0,13.0,83.1,83.1,0.0,True,True
0.2,13,0.95,0.96,13.0,13.0,0.0,0.0,-0.0,True,True,True,13.0,13.0,83.1,83.1,0.0,True,True
0.2,13,0.96,0.97,13.0,13.0,0.0,0.0,-0.0,True,True,True,13.0,12.4995,83.1,82.35383984559942,0.7461601544005703,True,True
0.2,13,0.97,0.98,13.0,9.3925,-3.6075,0.0,-0.0,True,True,True,13.0,9.684999999999999,83.1,81.01588717546528,2.0841128245347136,True,True
0.2,13,0.98,0.99,9.3925,4.6215,-4.771,3.6075,-0.07288126664795147,True,True,True,9.3925,7.241,84.14921549512425,83.77338525513628,0.3758302399879767,True,True
0.2,14,0.7,0.71,14.0,14.0,0.0,0.0,-0.0,True,True,True,14.0,14.0,80.4,80.4,0.0,True,True
0.2,14,0.71,0.72,14.0,14.0,0.0,0.0,-0.0,True,True,True,14.0,14.0,80.4,80.4,0.0,True,True
0.2,14,0.72,0.73,14.0,14.0,0.0,0.0,-0.0,True,True,True,14.0,14.0,80.4,80.4,0.0,True,True
0.2,14,0.73,0.74,14.0,14.0,0.0,0.0,-0.0,True,True,True,14.0,14.0,80.4,80.4,0.0,True,True
0.2,14,0.74,0.75,14.0,14.0,0.0,0.0,-0.0,True,True,True,14.0,14.0,80.4,80.4,0.0,True,True
0.2,14,0.75,0.76,14.0,14.0,0.0,0.0,-0.0,True,True,True,14.0,14.0,80.4,80.4,0.0,True,True
0.2,14,0.76,0.77,14.0,14.0,0.0,0.0,-0.0,True,True,True,14.0,14.0,80.4,80.4,0.0,True,True
0.2,14,0.77,0.78,14.0,14.0,0.0,0.0,-0.0,True,True,True,14.0,14.0,80.4,80.4,0.0,True,True
0.2,14,0.78,0.79,14.0,14.0,0.0,0.0,-0.0,True,True,True,14.0,14.0,80.4,80.4,0.0,True,True
0.2,14,0.79,0.7999999999999999,14.0,14.0,0.0,0.0,-0.0,True,True,True,14.0,14.0,80.4,80.4,0.0,True,True
0.2,14,0.7999999999999999,0.8099999999999999,14.0,14.0,0.0,0.0,-0.0,True,True,True,14.0,14.0,80.4,80.4,0.0,True,True
0.2,14,0.8099999999999999,0.82,14.0,14.0,0.0,0.0,-0.0,True,True,True,14.0,14.0,80.4,80.4,0.0,True,True
0.2,14,0.82,0.83,14.0,14.0,0.0,0.0,-0.0,True,True,True,14.0,14.0,80.4,80.4,0.0,True,True
0.2,14,0.83,0.84,14.0,14.0,0.0,0.0,-0.0,True,True,True,14.0,14.0,80.4,80.4,0.0,True,True
0.2,14,0.84,0.85,14.0,14.0,0.0,0.0,-0.0,True,True,True,14.0,14.0,80.4,80.4,0.0,True,True
0.2,14,0.85,0.86,14.0,14.0,0.0,0.0,-0.0,True,True,True,14.0,14.0,80.4,80.4,0.0,True,True
0.2,14,0.86,0.87,14.0,14.0,0.0,0.0,-0.0,True,True,True,14.0,14.0,80.4,80.4,0.0,True,True
0.2,14,0.87,0.88,14.0,14.0,0.0,0.0,-0.0,True,True,True,14.0,14.0,80.4,80.4,0.0,True,True
0.2,14,0.88,0.89,14.0,14.0,0.0,0.0,-0.0,True,True,True,14.0,14.0,80.4,80.4,0.0,True,True
0.2,14,0.89,0.9,14.0,14.0,0.0,0.0,-0.0,True,True,True,14.0,14.0,80.4,80.4,0.0,True,True
0.2,14,0.9,0.91,14.0,14.0,0.0,0.0,-0.0,True,True,True,14.0,14.0,80.4,80.4,0.0,True,True
0.2,14,0.91,0.9199999999999999,14.0,14.0,0.0,0.0,-0.0,True,True,True,14.0,14.0,80.4,80.4,0.0,True,True
0.2,14,0.9199999999999999,0.9299999999999999,14.0,14.0,0.0,0.0,-0.0,True,True,True,14.0,14.0,80.4,80.4,0.0,True,True
0.2,14,0.9299999999999999,0.94,14.0,14.0,0.0,0.0,-0.0,True,True,True,14.0,14.0,80.4,80.4,0.0,True,True
0.2,14,0.94,0.95,14.0,14.0,0.0,0.0,-0.0,True,True,True,14.0,14.0,80.4,80.4,0.0,True,True
0.2,14,0.95,0.96,14.0,14.0,0.0,0.0,-0.0,True,True,True,14.0,14.0,80.4,80.4,0.0,True,True
0.2,14,0.96,0.97,14.0,14.0,0.0,0.0,-0.0,True,True,True,14.0,12.25,80.4,78.0991044554988,2.300895544501202,True,True
0.2,14,0.97,0.98,14.0,9.163,-4.837,0.0,-0.0,True,True,True,14.0,9.569,80.4,78.2180951145551,2.181904885444908,True,True
0.2,14,0.98,0.99,9.163,4.571,-4.5920000000000005,4.837,-0.09772049529484166,True,True,True,9.163,7.196,82.29417828067584,81.97874753798112,0.3154307426947156,True,True
0.2,15,0.7,0.71,15.0,15.0,0.0,0.0,-0.0,True,True,True,15.0,15.0,77.5,77.5,0.0,True,True
0.2,15,0.71,0.72,15.0,15.0,0.0,0.0,-0.0,True,True,True,15.0,15.0,77.5,77.5,0.0,True,True
0.2,15,0.72,0.73,15.0,15.0,0.0,0.0,-0.0,True,True,True,15.0,15.0,77.5,77.5,0.0,True,True
0.2,15,0.73,0.74,15.0,15.0,0.0,0.0,-0.0,True,True,True,15.0,15.0,77.5,77.5,0.0,True,True
0.2,15,0.74,0.75,15.0,15.0,0.0,0.0,-0.0,True,True,True,15.0,15.0,77.5,77.5,0.0,True,True
0.2,15,0.75,0.76,15.0,15.0,0.0,0.0,-0.0,True,True,True,15.0,15.0,77.5,77.5,0.0,True,True
0.2,15,0.76,0.77,15.0,15.0,0.0,0.0,-0.0,True,True,True,15.0,15.0,77.5,77.5,0.0,True,True
0.2,15,0.77,0.78,15.0,15.0,0.0,0.0,-0.0,True,True,True,15.0,15.0,77.5,77.5,0.0,True,True
0.2,15,0.78,0.79,15.0,15.0,0.0,0.0,-0.0,True,True,True,15.0,15.0,77.5,77.5,0.0,True,True
0.2,15,0.79,0.7999999999999999,15.0,15.0,0.0,0.0,-0.0,True,True,True,15.0,15.0,77.5,77.5,0.0,True,True
0.2,15,0.7999999999999999,0.8099999999999999,15.0,15.0,0.0,0.0,-0.0,True,True,True,15.0,15.0,77.5,77.5,0.0,True,True
0.2,15,0.8099999999999999,0.82,15.0,15.0,0.0,0.0,-0.0,True,True,True,15.0,15.0,77.5,77.5,0.0,True,True
0.2,15,0.82,0.83,15.0,15.0,0.0,0.0,-0.0,True,True,True,15.0,15.0,77.5,77.5,0.0,True,True
0.2,15,0.83,0.84,15.0,15.0,0.0,0.0,-0.0,True,True,True,15.0,15.0,77.5,77.5,0.0,True,True
0.2,15,0.84,0.85,15.0,15.0,0.0,0.0,-0.0,True,True,True,15.0,15.0,77.5,77.5,0.0,True,True
0.2,15,0.85,0.86,15.0,15.0,0.0,0.0,-0.0,True,True,True,15.0,15.0,77.5,77.5,0.0,True,True
0.2,15,0.86,0.87,15.0,15.0,0.0,0.0,-0.0,True,True,True,15.0,15.0,77.5,77.5,0.0,True,True
0.2,15,0.87,0.88,15.0,15.0,0.0,0.0,-0.0,True,True,True,15.0,15.0,77.5,77.5,0.0,True,True
0.2,15,0.88,0.89,15.0,15.0,0.0,0.0,-0.0,True,True,True,15.0,15.0,77.5,77.5,0.0,True,True
0.2,15,0.89,0.9,15.0,15.0,0.0,0.0,-0.0,True,True,True,15.0,15.0,77.5,77.5,0.0,True,True
0.2,15,0.9,0.91,15.0,15.0,0.0,0.0,-0.0,True,True,True,15.0,15.0,77.5,77.5,0.0,True,True
0.2,15,0.91,0.9199999999999999,15.0,15.0,0.0,0.0,-0.0,True,True,True,15.0,15.0,77.5,77.5,0.0,True,True
0.2,15,0.9199999999999999,0.9299999999999999,15.0,15.0,0.0,0.0,-0.0,True,True,True,15.0,15.0,77.5,77.5,0.0,True,True
0.2,15,0.9299999999999999,0.94,15.0,15.0,0.0,0.0,-0.0,True,True,True,15.0,15.0,77.5,77.5,0.0,True,True
0.2,15,0.94,0.95,15.0,15.0,0.0,0.0,-0.0,True,True,True,15.0,15.0,77.5,77.5,0.0,True,True
0.2,15,0.95,0.96,15.0,15.0,0.0,0.0,-0.0,True,True,True,15.0,15.0,77.5,77.5,0.0,True,True
0.2,15,0.96,0.97,15.0,15.0,0.0,0.0,-0.0,True,True,True,15.0,12.0075,77.5,74.08268603815523,3.417313961844769,True,True
0.2,15,0.97,0.98,15.0,8.94,-6.0600000000000005,0.0,-0.0,True,True,True,15.0,9.45,77.5,75.51653599500692,1.9834640049930812,True,True
0.2,15,0.98,0.99,8.94,4.5225,-4.4174999999999995,6.0600000000000005,-0.12242840634416798,True,True,True,8.94,7.14,80.48456465409558,80.21931090165168,0.26525375244389693,True,True
0.4,5,0.7,0.71,5.0,5.0,0.0,0.0,-0.0,True,True,True,5.0,5.0,95.0,95.0,0.0,True,True
0.4,5,0.71,0.72,5.0,5.0,0.0,0.0,-0.0,True,True,True,5.0,5.0,95.0,95.0,0.0,True,True
0.4,5,0.72,0.73,5.0,5.0,0.0,0.0,-0.0,True,True,True,5.0,5.0,95.0,95.0,0.0,True,True
0.4,5,0.73,0.74,5.0,5.0,0.0,0.0,-0.0,True,True,True,5.0,5.0,95.0,95.0,0.0,True,True
0.4,5,0.74,0.75,5.0,5.0,0.0,0.0,-0.0,True,True,True,5.0,5.0,95.0,95.0,0.0,True,True
0.4,5,0.75,0.76,5.0,5.0,0.0,0.0,-0.0,True,True,True,5.0,5.0,95.0,95.0,0.0,True,True
0.4,5,0.76,0.77,5.0,5.0,0.0,0.0,-0.0,True,True,True,5.0,5.0,95.0,95.0,0.0,True,True
0.4,5,0.77,0.78,5.0,5.0,0.0,0.0,-0.0,True,True,True,5.0,5.0,95.0,95.0,0.0,True,True
0.4,5,0.78,0.79,5.0,5.0,0.0,0.0,-0.0,True,True,True,5.0,5.0,95.0,95.0,0.0,True,True
0.4,5,0.79,0.7999999999999999,5.0,5.0,0.0,0.0,-0.0,True,True,True,5.0,5.0,95.0,95.0,0.0,True,True
0.4,5,0.7999999999999999,0.8099999999999999,5.0,5.0,0.0,0.0,-0.0,True,True,True,5.0,5.0,95.0,95.0,0.0,True,True
0.4,5,0.8099999999999999,0.82,5.0,5.0,0.0,0.0,-0.0,True,True,True,5.0,5.0,95.0,95.0,0.0,True,True
0.4,5,0.82,0.83,5.0,5.0,0.0,0.0,-0.0,True,True,True,5.0,5.0,95.0,95.0,0.0,True,True
0.4,5,0.83,0.84,5.0,5.0,0.0,0.0,-0.0,True,True,True,5.0,5.0,95.0,95.0,0.0,True,True
0.4,5,0.84,0.85,5.0,5.0,0.0,0.0,-0.0,True,True,True,5.0,5.0,95.0,95.0,0.0,True,True
0.4,5,0.85,0.86,5.0,5.0,0.0,0.0,-0.0,True,True,True,5.0,5.0,95.0,95.0,0.0,True,True
0.4,5,0.86,0.87,5.0,5.0,0.0,0.0,-0.0,True,True,True,5.0,5.0,95.0,95.0,0.0,True,True
0.4,5,0.87,0.88,5.0,5.0,0.0,0.0,-0.0,True,True,True,5.0,5.0,95.0,95.0,0.0,True,True
0.4,5,0.88,0.89,5.0,5.0,0.0,0.0,-0.0,True,True,True,5.0,5.0,95.0,95.0,0.0,True,True
0.4,5,0.89,0.9,5.0,5.0,0.0,0.0,-0.0,True,True,True,5.0,5.0,95.0,95.0,0.0,True,True
0.4,5,0.9,0.91,5.0,5.0,0.0,0.0,-0.0,True,True,True,5.0,5.0,95.0,95.0,0.0,True,True
0.4,5,0.91,0.9199999999999999,5.0,5.0,0.0,0.0,-0.0,True,True,True,5.0,5.0,95.0,95.0,0.0,True,True
0.4,5,0.9199999999999999,0.9299999999999999,5.0,5.0,0.0,0.0,-0.0,True,True,True,5.0,5.0,95.0,95.0,0.0,True,True
0.4,5,0.9299999999999999,0.94,5.0,5.0,0.0,0.0,-0.0,True,True,True,5.0,5.0,95.0,95.0,0.0,True,True
0.4,5,0.94,0.95,5.0,5.0,0.0,0.0,-0.0,True,True,True,5.0,5.0,95.0,95.0,0.0,True,True
0.4,5,0.95,0.96,5.0,5.0,0.0,0.0,-0.0,True,True,True,5.0,5.0,95.0,95.0,0.0,True,True
0.4,5,0.96,0.97,5.0,5.0,0.0,0.0,-0.0,True,True,True,5.0,5.0,95.0,95.0,0.0,True,True
0.4,5,0.97,0.98,5.0,5.0,0.0,0.0,-0.0,True,True,True,5.0,5.0,95.0,95.0,0.0,True,True
0.4,5,0.98,0.99,5.0,2.45,-2.55,0.0,-0.0,True,True,True,5.0,3.73,95.0,94.68431166749127,0.31568833250872785,True,True
0.4,6,0.7,0.71,6.0,6.0,0.0,0.0,-0.0,True,True,True,6.0,6.0,92.8,92.8,0.0,True,True
0.4,6,0.71,0.72,6.0,6.0,0.0,0.0,-0.0,True,True,True,6.0,6.0,92.8,92.8,0.0,True,True
0.4,6,0.72,0.73,6.0,6.0,0.0,0.0,-0.0,True,True,True,6.0,6.0,92.8,92.8,0.0,True,True
0.4,6,0.73,0.74,6.0,6.0,0.0,0.0,-0.0,True,True,True,6.0,6.0,92.8,92.8,0.0,True,True
0.4,6,0.74,0.75,6.0,6.0,0.0,0.0,-0.0,True,True,True,6.0,6.0,92.8,92.8,0.0,True,True
0.4,6,0.75,0.76,6.0,6.0,0.0,0.0,-0.0,True,True,True,6.0,6.0,92.8,92.8,0.0,True,True
0.4,6,0.76,0.77,6.0,6.0,0.0,0.0,-0.0,True,True,True,6.0,6.0,92.8,92.8,0.0,True,True
0.4,6,0.77,0.78,6.0,6.0,0.0,0.0,-0.0,True,True,True,6.0,6.0,92.8,92.8,0.0,True,True
0.4,6,0.78,0.79,6.0,6.0,0.0,0.0,-0.0,True,True,True,6.0,6.0,92.8,92.8,0.0,True,True
0.4,6,0.79,0.7999999999999999,6.0,6.0,0.0,0.0,-0.0,True,True,True,6.0,6.0,92.8,92.8,0.0,True,True
0.4,6,0.7999999999999999,0.8099999999999999,6.0,6.0,0.0,0.0,-0.0,True,True,True,6.0,6.0,92.8,92.8,0.0,True,True
0.4,6,0.8099999999999999,0.82,6.0,6.0,0.0,0.0,-0.0,True,True,True,6.0,6.0,92.8,92.8,0.0,True,True
0.4,6,0.82,0.83,6.0,6.0,0.0,0.0,-0.0,True,True,True,6.0,6.0,92.8,92.8,0.0,True,True
0.4,6,0.83,0.84,6.0,6.0,0.0,0.0,-0.0,True,True,True,6.0,6.0,92.8,92.8,0.0,True,True
0.4,6,0.84,0.85,6.0,6.0,0.0,0.0,-0.0,True,True,True,6.0,6.0,92.8,92.8,0.0,True,True
0.4,6,0.85,0.86,6.0,6.0,0.0,0.0,-0.0,True,True,True,6.0,6.0,92.8,92.8,0.0,True,True
0.4,6,0.86,0.87,6.0,6.0,0.0,0.0,-0.0,True,True,True,6.0,6.0,92.8,92.8,0.0,True,True
0.4,6,0.87,0.88,6.0,6.0,0.0,0.0,-0.0,True,True,True,6.0,6.0,92.8,92.8,0.0,True,True
0.4,6,0.88,0.89,6.0,6.0,0.0,0.0,-0.0,True,True,True,6.0,6.0,92.8,92.8,0.0,True,True
0.4,6,0.89,0.9,6.0,6.0,0.0,0.0,-0.0,True,True,True,6.0,6.0,92.8,92.8,0.0,True,True
0.4,6,0.9,0.91,6.0,6.0,0.0,0.0,-0.0,True,True,True,6.0,6.0,92.8,92.8,0.0,True,True
0.4,6,0.91,0.9199999999999999,6.0,6.0,0.0,0.0,-0.0,True,True,True,6.0,6.0,92.8,92.8,0.0,True,True
0.4,6,0.9199999999999999,0.9299999999999999,6.0,6.0,0.0,0.0,-0.0,True,True,True,6.0,6.0,92.8,92.8,0.0,True,True
0.4,6,0.9299999999999999,0.94,6.0,6.0,0.0,0.0,-0.0,True,True,True,6.0,6.0,92.8,92.8,0.0,True,True
0.4,6,0.94,0.95,6.0,6.0,0.0,0.0,-0.0,True,True,True,6.0,6.0,92.8,92.8,0.0,True,True
0.4,6,0.95,0.96,6.0,6.0,0.0,0.0,-0.0,True,True,True,6.0,6.0,92.8,92.8,0.0,True,True
0.4,6,0.96,0.97,6.0,6.0,0.0,0.0,-0.0,True,True,True,6.0,6.0,92.8,92.8,0.0,True,True
0.4,6,0.97,0.98,6.0,4.944,-1.056,0.0,-0.0,True,True,True,6.0,4.971,92.8,91.97218788028,0.8278121197199937,True,True
0.4,6,0.98,0.99,4.944,2.424,-2.52,1.056,-0.021334058927300555,True,True,True,4.944,3.705,93.00056303646294,92.72391818544278,0.27664485102015135,True,True
0.4,7,0.7,0.71,7.0,7.0,0.0,0.0,-0.0,True,True,True,7.0,7.0,90.2,90.2,0.0,True,True
0.4,7,0.71,0.72,7.0,7.0,0.0,0.0,-0.0,True,True,True,7.0,7.0,90.2,90.2,0.0,True,True
0.4,7,0.72,0.73,7.0,7.0,0.0,0.0,-0.0,True,True,True,7.0,7.0,90.2,90.2,0.0,True,True
0.4,7,0.73,0.74,7.0,7.0,0.0,0.0,-0.0,True,True,True,7.0,7.0,90.2,90.2,0.0,True,True
0.4,7,0.74,0.75,7.0,7.0,0.0,0.0,-0.0,True,True,True,7.0,7.0,90.2,90.2,0.0,True,True
0.4,7,0.75,0.76,7.0,7.0,0.0,0.0,-0.0,True,True,True,7.0,7.0,90.2,90.2,0.0,True,True
0.4,7,0.76,0.77,7.0,7.0,0.0,0.0,-0.0,True,True,True,7.0,7.0,90.2,90.2,0.0,True,True
0.4,7,0.77,0.78,7.0,7.0,0.0,0.0,-0.0,True,True,True,7.0,7.0,90.2,90.2,0.0,True,True
0.4,7,0.78,0.79,7.0,7.0,0.0,0.0,-0.0,True,True,True,7.0,7.0,90.2,90.2,0.0,True,True
0.4,7,0.79,0.7999999999999999,7.0,7.0,0.0,0.0,-0.0,True,True,True,7.0,7.0,90.2,90.2,0.0,True,True
0.4,7,0.7999999999999999,0.8099999999999999,7.0,7.0,0.0,0.0,-0.0,True,True,True,7.0,7.0,90.2,90.2,0.0,True,True
0.4,7,0.8099999999999999,0.82,7.0,7.0,0.0,0.0,-0.0,True,True,True,7.0,7.0,90.2,90.2,0.0,True,True
0.4,7,0.82,0.83,7.0,7.0,0.0,0.0,-0.0,True,True,True,7.0,7.0,90.2,90.2,0.0,True,True
0.4,7,0.83,0.84,7.0,7.0,0.0,0.0,-0.0,True,True,True,7.0,7.0,90.2,90.2,0.0,True,True
0.4,7,0.84,0.85,7.0,7.0,0.0,0.0,-0.0,True,True,True,7.0,7.0,90.2,90.2,0.0,True,True
0.4,7,0.85,0.86,7.0,7.0,0.0,0.0,-0.0,True,True,True,7.0,7.0,90.2,90.2,0.0,True,True
0.4,7,0.86,0.87,7.0,7.0,0.0,0.0,-0.0,True,True,True,7.0,7.0,90.2,90.2,0.0,True,True
0.4,7,0.87,0.88,7.0,7.0,0.0,0.0,-0.0,True,True,True,7.0,7.0,90.2,90.2,0.0,True,True
0.4,7,0.88,0.89,7.0,7.0,0.0,0.0,-0.0,True,True,True,7.0,7.0,90.2,90.2,0.0,True,True
0.4,7,0.89,0.9,7.0,7.0,0.0,0.0,-0.0,True,True,True,7.0,7.0,90.2,90.2,0.0,True,True
0.4,7,0.9,0.91,7.0,7.0,0.0,0.0,-0.0,True,True,True,7.0,7.0,90.2,90.2,0.0,True,True
0.4,7,0.91,0.9199999999999999,7.0,7.0,0.0,0.0,-0.0,True,True,True,7.0,7.0,90.2,90.2,0.0,True,True
0.4,7,0.9199999999999999,0.9299999999999999,7.0,7.0,0.0,0.0,-0.0,True,True,True,7.0,7.0,90.2,90.2,0.0,True,True
0.4,7,0.9299999999999999,0.94,7.0,7.0,0.0,0.0,-0.0,True,True,True,7.0,7.0,90.2,90.2,0.0,True,True
0.4,7,0.94,0.95,7.0,7.0,0.0,0.0,-0.0,True,True,True,7.0,7.0,90.2,90.2,0.0,True,True
0.4,7,0.95,0.96,7.0,7.0,0.0,0.0,-0.0,True,True,True,7.0,7.0,90.2,90.2,0.0,True,True
0.4,7,0.96,0.97,7.0,7.0,0.0,0.0,-0.0,True,True,True,7.0,6.223,90.2,89.13276132406473,1.0672386759352719,True,True
0.4,7,0.97,0.98,7.0,4.8335,-2.1665,0.0,-0.0,True,True,True,7.0,4.9105,90.2,89.01124859141258,1.1887514085874216,True,True
0.4,7,0.98,0.99,4.8335,2.3975,-2.436,2.1665,-0.043769165403405925,True,True,True,4.8335,3.6785,91.04494365512006,90.80358833106864,0.24135532405142612,True,True
0.4,8,0.7,0.71,8.0,8.0,0.0,0.0,-0.0,True,True,True,8.0,8.0,87.2,87.2,0.0,True,True
0.4,8,0.71,0.72,8.0,8.0,0.0,0.0,-0.0,True,True,True,8.0,8.0,87.2,87.2,0.0,True,True
0.4,8,0.72,0.73,8.0,8.0,0.0,0.0,-0.0,True,True,True,8.0,8.0,87.2,87.2,0.0,True,True
0.4,8,0.73,0.74,8.0,8.0,0.0,0.0,-0.0,True,True,True,8.0,8.0,87.2,87.2,0.0,True,True
0.4,8,0.74,0.75,8.0,8.0,0.0,0.0,-0.0,True,True,True,8.0,8.0,87.2,87.2,0.0,True,True
0.4,8,0.75,0.76,8.0,8.0,0.0,0.0,-0.0,True,True,True,8.0,8.0,87.2,87.2,0.0,True,True
0.4,8,0.76,0.77,8.0,8.0,0.0,0.0,-0.0,True,True,True,8.0,8.0,87.2,87.2,0.0,True,True
0.4,8,0.77,0.78,8.0,8.0,0.0,0.0,-0.0,True,True,True,8.0,8.0,87.2,87.2,0.0,True,True
0.4,8,0.78,0.79,8.0,8.0,0.0,0.0,-0.0,True,True,True,8.0,8.0,87.2,87.2,0.0,True,True
0.4,8,0.79,0.7999999999999999,8.0,8.0,0.0,0.0,-0.0,True,True,True,8.0,8.0,87.2,87.2,0.0,True,True
0.4,8,0.7999999999999999,0.8099999999999999,8.0,8.0,0.0,0.0,-0.0,True,True,True,8.0,8.0,87.2,87.2,0.0,True,True
0.4,8,0.8099999999999999,0.82,8.0,8.0,0.0,0.0,-0.0,True,True,True,8.0,8.0,87.2,87.2,0.0,True,True
0.4,8,0.82,0.83,8.0,8.0,0.0,0.0,-0.0,True,True,True,8.0,8.0,87.2,87.2,0.0,True,True
0.4,8,0.83,0.84,8.0,8.0,0.0,0.0,-0.0,True,True,True,8.0,8.0,87.2,87.2,0.0,True,True
0.4,8,0.84,0.85,8.0,8.0,0.0,0.0,-0.0,True,True,True,8.0,8.0,87.2,87.2,0.0,True,True
0.4,8,0.85,0.86,8.0,8.0,0.0,0.0,-0.0,True,True,True,8.0,8.0,87.2,87.2,0.0,True,True
0.4,8,0.86,0.87,8.0,8.0,0.0,0.0,-0.0,True,True,True,8.0,8.0,87.2,87.2,0.0,True,True
0.4,8,0.87,0.88,8.0,8.0,0.0,0.0,-0.0,True,True,True,8.0,8.0,87.2,87.2,0.0,True,True
0.4,8,0.88,0.89,8.0,8.0,0.0,0.0,-0.0,True,True,True,8.0,8.0,87.2,87.2,0.0,True,True
0.4,8,0.89,0.9,8.0,8.0,0.0,0.0,-0.0,True,True,True,8.0,8.0,87.2,87.2,0.0,True,True
0.4,8,0.9,0.91,8.0,8.0,0.0,0.0,-0.0,True,True,True,8.0,8.0,87.2,87.2,0.0,True,True
0.4,8,0.91,0.9199999999999999,8.0,8.0,0.0,0.0,-0.0,True,True,True,8.0,8.0,87.2,87.2,0.0,True,True
0.4,8,0.9199999999999999,0.9299999999999999,8.0,8.0,0.0,0.0,-0.0,True,True,True,8.0,8.0,87.2,87.2,0.0,True,True
0.4,8,0.9299999999999999,0.94,8.0,8.0,0.0,0.0,-0.0,True,True,True,8.0,8.0,87.2,87.2,0.0,True,True
0.4,8,0.94,0.95,8.0,8.0,0.0,0.0,-0.0,True,True,True,8.0,8.0,87.2,87.2,0.0,True,True
0.4,8,0.95,0.96,8.0,8.0,0.0,0.0,-0.0,True,True,True,8.0,7.5,87.2,86.21794344808963,0.9820565519103752,True,True
0.4,8,0.96,0.97,8.0,7.5,-0.5,0.0,-0.0,True,True,True,8.0,6.112,87.2,85.11101727679144,2.0889827232085594,True,True
0.4,8,0.97,0.98,7.5,4.728,-2.7720000000000002,0.5,-0.015229603742354287,True,True,True,7.5,4.852,87.23857801796105,86.1484155778525,1.0901624401085428,True,True
0.4,8,0.98,0.99,4.728,2.376,-2.352,3.2720000000000002,-0.0661032583429237,True,True,True,4.728,3.656,89.13262379602878,88.92475002227629,0.20787377375249605,True,True
0.4,9,0.7,0.71,9.0,9.0,0.0,0.0,-0.0,True,True,True,9.0,9.0,83.8,83.8,0.0,True,True
0.4,9,0.71,0.72,9.0,9.0,0.0,0.0,-0.0,True,True,True,9.0,9.0,83.8,83.8,0.0,True,True
0.4,9,0.72,0.73,9.0,9.0,0.0,0.0,-0.0,True,True,True,9.0,9.0,83.8,83.8,0.0,True,True
0.4,9,0.73,0.74,9.0,9.0,0.0,0.0,-0.0,True,True,True,9.0,9.0,83.8,83.8,0.0,True,True
0.4,9,0.74,0.75,9.0,9.0,0.0,0.0,-0.0,True,True,True,9.0,9.0,83.8,83.8,0.0,True,True
0.4,9,0.75,0.76,9.0,9.0,0.0,0.0,-0.0,True,True,True,9.0,9.0,83.8,83.8,0.0,True,True
0.4,9,0.76,0.77,9.0,9.0,0.0,0.0,-0.0,True,True,True,9.0,9.0,83.8,83.8,0.0,True,True
0.4,9,0.77,0.78,9.0,9.0,0.0,0.0,-0.0,True,True,True,9.0,9.0,83.8,83.8,0.0,True,True
0.4,9,0.78,0.79,9.0,9.0,0.0,0.0,-0.0,True,True,True,9.0,9.0,83.8,83.8,0.0,True,True
0.4,9,0.79,0.7999999999999999,9.0,9.0,0.0,0.0,-0.0,True,True,True,9.0,9.0,83.8,83.8,0.0,True,True
0.4,9,0.7999999999999999,0.8099999999999999,9.0,9.0,0.0,0.0,-0.0,True,True,True,9.0,9.0,83.8,83.8,0.0,True,True
0.4,9,0.8099999999999999,0.82,9.0,9.0,0.0,0.0,-0.0,True,True,True,9.0,9.0,83.8,83.8,0.0,True,True
0.4,9,0.82,0.83,9.0,9.0,0.0,0.0,-0.0,True,True,True,9.0,9.0,83.8,83.8,0.0,True,True
0.4,9,0.83,0.84,9.0,9.0,0.0,0.0,-0.0,True,True,True,9.0,9.0,83.8,83.8,0.0,True,True
0.4,9,0.84,0.85,9.0,9.0,0.0,0.0,-0.0,True,True,True,9.0,9.0,83.8,83.8,0.0,True,True
0.4,9,0.85,0.86,9.0,9.0,0.0,0.0,-0.0,True,True,True,9.0,9.0,83.8,83.8,0.0,True,True
0.4,9,0.86,0.87,9.0,9.0,0.0,0.0,-0.0,True,True,True,9.0,9.0,83.8,83.8,0.0,True,True
0.4,9,0.87,0.88,9.0,9.0,0.0,0.0,-0.0,True,True,True,9.0,9.0,83.8,83.8,0.0,True,True
0.4,9,0.88,0.89,9.0,9.0,0.0,0.0,-0.0,True,True,True,9.0,9.0,83.8,83.8,0.0,True,True
0.4,9,0.89,0.9,9.0,9.0,0.0,0.0,-0.0,True,True,True,9.0,9.0,83.8,83.8,0.0,True,True
0.4,9,0.9,0.91,9.0,9.0,0.0,0.0,-0.0,True,True,True,9.0,9.0,83.8,83.8,0.0,True,True
0.4,9,0.91,0.9199999999999999,9.0,9.0,0.0,0.0,-0.0,True,True,True,9.0,9.0,83.8,83.8,0.0,True,True
0.4,9,0.9199999999999999,0.9299999999999999,9.0,9.0,0.0,0.0,-0.0,True,True,True,9.0,9.0,83.8,83.8,0.0,True,True
0.4,9,0.9299999999999999,0.94,9.0,9.0,0.0,0.0,-0.0,True,True,True,9.0,9.0,83.8,83.8,0.0,True,True
0.4,9,0.94,0.95,9.0,9.0,0.0,0.0,-0.0,True,True,True,9.0,8.824499999999999,83.8,83.34560136946173,0.45439863053826457,True,True
0.4,9,0.95,0.96,9.0,9.0,0.0,0.0,-0.0,True,True,True,9.0,7.316999999999999,83.8,81.0217602618873,2.7782397381127026,True,True
0.4,9,0.96,0.97,9.0,7.209,-1.7910000000000004,0.0,-0.0,True,True,True,9.0,6.002999999999999,83.8,81.2772338699301,2.522766130069897,True,True
0.4,9,0.97,0.98,7.209,4.621499999999999,-2.5875000000000004,1.7910000000000004,-0.054552440605113064,True,True,True,7.209,4.797,84.29694890826568,83.38133210898452,0.9156167992811532,True,True
0.4,9,0.98,0.99,4.621499999999999,2.3489999999999998,-2.2724999999999995,4.378500000000001,-0.08845755398975899,True,True,True,4.621499999999999,3.6314999999999995,87.26254380257554,87.08407824631804,0.1784655562574926,True,True
0.4,10,0.7,0.71,10.0,10.0,0.0,0.0,-0.0,True,True,True,10.0,10.0,80.0,80.0,0.0,True,True
0.4,10,0.71,0.72,10.0,10.0,0.0,0.0,-0.0,True,True,True,10.0,10.0,80.0,80.0,0.0,True,True
0.4,10,0.72,0.73,10.0,10.0,0.0,0.0,-0.0,True,True,True,10.0,10.0,80.0,80.0,0.0,True,True
0.4,10,0.73,0.74,10.0,10.0,0.0,0.0,-0.0,True,True,True,10.0,10.0,80.0,80.0,0.0,True,True
0.4,10,0.74,0.75,10.0,10.0,0.0,0.0,-0.0,True,True,True,10.0,10.0,80.0,80.0,0.0,True,True
0.4,10,0.75,0.76,10.0,10.0,0.0,0.0,-0.0,True,True,True,10.0,10.0,80.0,80.0,0.0,True,True
0.4,10,0.76,0.77,10.0,10.0,0.0,0.0,-0.0,True,True,True,10.0,10.0,80.0,80.0,0.0,True,True
0.4,10,0.77,0.78,10.0,10.0,0.0,0.0,-0.0,True,True,True,10.0,10.0,80.0,80.0,0.0,True,True
0.4,10,0.78,0.79,10.0,10.0,0.0,0.0,-0.0,True,True,True,10.0,10.0,80.0,80.0,0.0,True,True
0.4,10,0.79,0.7999999999999999,10.0,10.0,0.0,0.0,-0.0,True,True,True,10.0,10.0,80.0,80.0,0.0,True,True
0.4,10,0.7999999999999999,0.8099999999999999,10.0,10.0,0.0,0.0,-0.0,True,True,True,10.0,10.0,80.0,80.0,0.0,True,True
0.4,10,0.8099999999999999,0.82,10.0,10.0,0.0,0.0,-0.0,True,True,True,10.0,10.0,80.0,80.0,0.0,True,True
0.4,10,0.82,0.83,10.0,10.0,0.0,0.0,-0.0,True,True,True,10.0,10.0,80.0,80.0,0.0,True,True
0.4,10,0.83,0.84,10.0,10.0,0.0,0.0,-0.0,True,True,True,10.0,10.0,80.0,80.0,0.0,True,True
0.4,10,0.84,0.85,10.0,10.0,0.0,0.0,-0.0,True,True,True,10.0,10.0,80.0,80.0,0.0,True,True
0.4,10,0.85,0.86,10.0,10.0,0.0,0.0,-0.0,True,True,True,10.0,10.0,80.0,80.0,0.0,True,True
0.4,10,0.86,0.87,10.0,10.0,0.0,0.0,-0.0,True,True,True,10.0,10.0,80.0,80.0,0.0,True,True
0.4,10,0.87,0.88,10.0,10.0,0.0,0.0,-0.0,True,True,True,10.0,10.0,80.0,80.0,0.0,True,True
0.4,10,0.88,0.89,10.0,10.0,0.0,0.0,-0.0,True,True,True,10.0,10.0,80.0,80.0,0.0,True,True
0.4,10,0.89,0.9,10.0,10.0,0.0,0.0,-0.0,True,True,True,10.0,10.0,80.0,80.0,0.0,True,True
0.4,10,0.9,0.91,10.0,10.0,0.0,0.0,-0.0,True,True,True,10.0,10.0,80.0,80.0,0.0,True,True
0.4,10,0.91,0.9199999999999999,10.0,10.0,0.0,0.0,-0.0,True,True,True,10.0,10.0,80.0,80.0,0.0,True,True
0.4,10,0.9199999999999999,0.9299999999999999,10.0,10.0,0.0,0.0,-0.0,True,True,True,10.0,10.0,80.0,80.0,0.0,True,True
0.4,10,0.9299999999999999,0.94,10.0,10.0,0.0,0.0,-0.0,True,True,True,10.0,10.0,80.0,80.0,0.0,True,True
0.4,10,0.94,0.95,10.0,10.0,0.0,0.0,-0.0,True,True,True,10.0,8.53,80.0,76.75353144297782,3.246468557022183,True,True
0.4,10,0.95,0.96,10.0,10.0,0.0,0.0,-0.0,True,True,True,10.0,7.135,80.0,76.15161275166966,3.84838724833034,True,True
0.4,10,0.96,0.97,10.0,6.9350000000000005,-3.0649999999999995,0.0,-0.0,True,True,True,10.0,5.9,80.0,77.62664252234067,2.373357477659326,True,True
0.4,10,0.97,0.98,6.9350000000000005,4.5200000000000005,-2.415,3.0649999999999995,-0.09335747094063176,True,True,True,6.9350000000000005,4.74,81.46793833102019,80.70250302355505,0.7654353074651397,True,True
0.4,10,0.98,0.99,4.5200000000000005,2.325,-2.1950000000000003,5.4799999999999995,-0.11071083610000666,True,True,True,4.5200000000000005,3.605,85.43367703270255,85.28093782059568,0.1527392121068658,True,True
0.4,11,0.7,0.71,11.0,11.0,0.0,0.0,-0.0,True,True,True,11.0,11.0,75.8,75.8,0.0,True,True
0.4,11,0.71,0.72,11.0,11.0,0.0,0.0,-0.0,True,True,True,11.0,11.0,75.8,75.8,0.0,True,True
0.4,11,0.72,0.73,11.0,11.0,0.0,0.0,-0.0,True,True,True,11.0,11.0,75.8,75.8,0.0,True,True
0.4,11,0.73,0.74,11.0,11.0,0.0,0.0,-0.0,True,True,True,11.0,11.0,75.8,75.8,0.0,True,True
0.4,11,0.74,0.75,11.0,11.0,0.0,0.0,-0.0,True,True,True,11.0,11.0,75.8,75.8,0.0,True,True
0.4,11,0.75,0.76,11.0,11.0,0.0,0.0,-0.0,True,True,True,11.0,11.0,75.8,75.8,0.0,True,True
0.4,11,0.76,0.77,11.0,11.0,0.0,0.0,-0.0,True,True,True,11.0,11.0,75.8,75.8,0.0,True,True
0.4,11,0.77,0.78,11.0,11.0,0.0,0.0,-0.0,True,True,True,11.0,11.0,75.8,75.8,0.0,True,True
0.4,11,0.78,0.79,11.0,11.0,0.0,0.0,-0.0,True,True,True,11.0,11.0,75.8,75.8,0.0,True,True
0.4,11,0.79,0.7999999999999999,11.0,11.0,0.0,0.0,-0.0,True,True,True,11.0,11.0,75.8,75.8,0.0,True,True
0.4,11,0.7999999999999999,0.8099999999999999,11.0,11.0,0.0,0.0,-0.0,True,True,True,11.0,11.0,75.8,75.8,0.0,True,True
0.4,11,0.8099999999999999,0.82,11.0,11.0,0.0,0.0,-0.0,True,True,True,11.0,11.0,75.8,75.8,0.0,True,True
0.4,11,0.82,0.83,11.0,11.0,0.0,0.0,-0.0,True,True,True,11.0,11.0,75.8,75.8,0.0,True,True
0.4,11,0.83,0.84,11.0,11.0,0.0,0.0,-0.0,True,True,True,11.0,11.0,75.8,75.8,0.0,True,True
0.4,11,0.84,0.85,11.0,11.0,0.0,0.0,-0.0,True,True,True,11.0,11.0,75.8,75.8,0.0,True,True
0.4,11,0.85,0.86,11.0,11.0,0.0,0.0,-0.0,True,True,True,11.0,11.0,75.8,75.8,0.0,True,True
0.4,11,0.86,0.87,11.0,11.0,0.0,0.0,-0.0,True,True,True,11.0,11.0,75.8,75.8,0.0,True,True
0.4,11,0.87,0.88,11.0,11.0,0.0,0.0,-0.0,True,True,True,11.0,11.0,75.8,75.8,0.0,True,True
0.4,11,0.88,0.89,11.0,11.0,0.0,0.0,-0.0,True,True,True,11.0,11.0,75.8,75.8,0.0,True,True
0.4,11,0.89,0.9,11.0,11.0,0.0,0.0,-0.0,True,True,True,11.0,11.0,75.8,75.8,0.0,True,True
0.4,11,0.9,0.91,11.0,11.0,0.0,0.0,-0.0,True,True,True,11.0,11.0,75.8,75.8,0.0,True,True
0.4,11,0.91,0.9199999999999999,11.0,11.0,0.0,0.0,-0.0,True,True,True,11.0,11.0,75.8,75.8,0.0,True,True
0.4,11,0.9199999999999999,0.9299999999999999,11.0,11.0,0.0,0.0,-0.0,True,True,True,11.0,11.0,75.8,75.8,0.0,True,True
0.4,11,0.9299999999999999,0.94,11.0,11.0,0.0,0.0,-0.0,True,True,True,11.0,9.779,75.8,72.39458345760588,3.4054165423941214,True,True
0.4,11,0.94,0.95,11.0,11.0,0.0,0.0,-0.0,True,True,True,11.0,8.2555,75.8,70.75126224880334,5.048737751196654,True,True
0.4,11,0.95,0.96,11.0,9.663499999999999,-1.336500000000001,0.0,-0.0,True,True,True,11.0,6.962999999999999,75.8,71.59951657059243,4.200483429407569,True,True
0.4,11,0.96,0.97,9.663499999999999,6.677,-2.9864999999999995,1.336500000000001,-0.05455859567632106,True,True,True,9.663499999999999,5.797,76.01365583091878,74.1433315736771,1.870324257241677,True,True
0.4,11,0.97,0.98,6.677,4.422,-2.255,4.323,-0.13167515395639517,True,True,True,6.677,4.686,78.74610592274014,78.11260858210237,0.6334973406377742,True,True
0.4,11,0.98,0.99,4.422,2.3045,-2.1174999999999997,6.578,-0.13289340873464306,True,True,True,4.422,3.5805,83.64502460142765,83.51592670462144,0.12909789680621486,True,True
0.4,12,0.7,0.71,12.0,12.0,0.0,0.0,-0.0,True,True,True,12.0,12.0,71.2,71.2,0.0,True,True
0.4,12,0.71,0.72,12.0,12.0,0.0,0.0,-0.0,True,True,True,12.0,12.0,71.2,71.2,0.0,True,True
0.4,12,0.72,0.73,12.0,12.0,0.0,0.0,-0.0,True,True,True,12.0,12.0,71.2,71.2,0.0,True,True
0.4,12,0.73,0.74,12.0,12.0,0.0,0.0,-0.0,True,True,True,12.0,12.0,71.2,71.2,0.0,True,True
0.4,12,0.74,0.75,12.0,12.0,0.0,0.0,-0.0,True,True,True,12.0,12.0,71.2,71.2,0.0,True,True
0.4,12,0.75,0.76,12.0,12.0,0.0,0.0,-0.0,True,True,True,12.0,12.0,71.2,71.2,0.0,True,True
0.4,12,0.76,0.77,12.0,12.0,0.0,0.0,-0.0,True,True,True,12.0,12.0,71.2,71.2,0.0,True,True
0.4,12,0.77,0.78,12.0,12.0,0.0,0.0,-0.0,True,True,True,12.0,12.0,71.2,71.2,0.0,True,True
0.4,12,0.78,0.79,12.0,12.0,0.0,0.0,-0.0,True,True,True,12.0,12.0,71.2,71.2,0.0,True,True
0.4,12,0.79,0.7999999999999999,12.0,12.0,0.0,0.0,-0.0,True,True,True,12.0,12.0,71.2,71.2,0.0,True,True
0.4,12,0.7999999999999999,0.8099999999999999,12.0,12.0,0.0,0.0,-0.0,True,True,True,12.0,12.0,71.2,71.2,0.0,True,True
0.4,12,0.8099999999999999,0.82,12.0,12.0,0.0,0.0,-0.0,True,True,True,12.0,12.0,71.2,71.2,0.0,True,True
0.4,12,0.82,0.83,12.0,12.0,0.0,0.0,-0.0,True,True,True,12.0,12.0,71.2,71.2,0.0,True,True
0.4,12,0.83,0.84,12.0,12.0,0.0,0.0,-0.0,True,True,True,12.0,12.0,71.2,71.2,0.0,True,True
0.4,12,0.84,0.85,12.0,12.0,0.0,0.0,-0.0,True,True,True,12.0,12.0,71.2,71.2,0.0,True,True
0.4,12,0.85,0.86,12.0,12.0,0.0,0.0,-0.0,True,True,True,12.0,12.0,71.2,71.2,0.0,True,True
0.4,12,0.86,0.87,12.0,12.0,0.0,0.0,-0.0,True,True,True,12.0,12.0,71.2,71.2,0.0,True,True
0.4,12,0.87,0.88,12.0,12.0,0.0,0.0,-0.0,True,True,True,12.0,12.0,71.2,71.2,0.0,True,True
0.4,12,0.88,0.89,12.0,12.0,0.0,0.0,-0.0,True,True,True,12.0,12.0,71.2,71.2,0.0,True,True
0.4,12,0.89,0.9,12.0,12.0,0.0,0.0,-0.0,True,True,True,12.0,12.0,71.2,71.2,0.0,True,True
0.4,12,0.9,0.91,12.0,12.0,0.0,0.0,-0.0,True,True,True,12.0,12.0,71.2,71.2,0.0,True,True
0.4,12,0.91,0.9199999999999999,12.0,12.0,0.0,0.0,-0.0,True,True,True,12.0,12.0,71.2,71.2,0.0,True,True
0.4,12,0.9199999999999999,0.9299999999999999,12.0,12.0,0.0,0.0,-0.0,True,True,True,12.0,11.076,71.2,68.04930016740242,3.1506998325975815,True,True
0.4,12,0.9299999999999999,0.94,12.0,12.0,0.0,0.0,-0.0,True,True,True,12.0,9.354000000000001,71.2,65.0294036001124,6.1705963998876,True,True
0.4,12,0.94,0.95,12.0,12.0,0.0,0.0,-0.0,True,True,True,12.0,7.992,71.2,65.26184543801543,5.938154561984575,True,True
0.4,12,0.95,0.96,12.0,9.048,-2.952,0.0,-0.0,True,True,True,12.0,6.798,71.2,67.337938697352,3.8620613026480015,True,True
0.4,12,0.96,0.97,9.048,6.426,-2.622,2.952,-0.12050652782379324,True,True,True,9.048,5.694,72.27386925980429,70.81974916451234,1.454120095291941,True,True
0.4,12,0.97,0.98,6.426,4.3260000000000005,-2.0999999999999996,5.574,-0.16977962251976558,True,True,True,6.426,4.632,76.1263809811144,75.60658954208276,0.5197914390316356,True,True
0.4,12,0.98,0.99,4.3260000000000005,2.2800000000000002,-2.0460000000000003,7.6739999999999995,-0.15503557595464437,True,True,True,4.3260000000000005,3.5580000000000003,81.89561582380566,81.78811421645291,0.10750160735274505,True,True
0.4,13,0.7,0.71,13.0,13.0,0.0,0.0,-0.0,True,True,True,13.0,13.0,66.19999999999999,66.19999999999999,0.0,True,True
0.4,13,0.71,0.72,13.0,13.0,0.0,0.0,-0.0,True,True,True,13.0,13.0,66.19999999999999,66.19999999999999,0.0,True,True
0.4,13,0.72,0.73,13.0,13.0,0.0,0.0,-0.0,True,True,True,13.0,13.0,66.19999999999999,66.19999999999999,0.0,True,True
0.4,13,0.73,0.74,13.0,13.0,0.0,0.0,-0.0,True,True,True,13.0,13.0,66.19999999999999,66.19999999999999,0.0,True,True
0.4,13,0.74,0.75,13.0,13.0,0.0,0.0,-0.0,True,True,True,13.0,13.0,66.19999999999999,66.19999999999999,0.0,True,True
0.4,13,0.75,0.76,13.0,13.0,0.0,0.0,-0.0,True,True,True,13.0,13.0,66.19999999999999,66.19999999999999,0.0,True,True
0.4,13,0.76,0.77,13.0,13.0,0.0,0.0,-0.0,True,True,True,13.0,13.0,66.19999999999999,66.19999999999999,0.0,True,True
0.4,13,0.77,0.78,13.0,13.0,0.0,0.0,-0.0,True,True,True,13.0,13.0,66.19999999999999,66.19999999999999,0.0,True,True
0.4,13,0.78,0.79,13.0,13.0,0.0,0.0,-0.0,True,True,True,13.0,13.0,66.19999999999999,66.19999999999999,0.0,True,True
0.4,13,0.79,0.7999999999999999,13.0,13.0,0.0,0.0,-0.0,True,True,True,13.0,13.0,66.19999999999999,66.19999999999999,0.0,True,True
0.4,13,0.7999999999999999,0.8099999999999999,13.0,13.0,0.0,0.0,-0.0,True,True,True,13.0,13.0,66.19999999999999,66.19999999999999,0.0,True,True
0.4,13,0.8099999999999999,0.82,13.0,13.0,0.0,0.0,-0.0,True,True,True,13.0,13.0,66.19999999999999,66.19999999999999,0.0,True,True
0.4,13,0.82,0.83,13.0,13.0,0.0,0.0,-0.0,True,True,True,13.0,13.0,66.19999999999999,66.19999999999999,0.0,True,True
0.4,13,0.83,0.84,13.0,13.0,0.0,0.0,-0.0,True,True,True,13.0,13.0,66.19999999999999,66.19999999999999,0.0,True,True
0.4,13,0.84,0.85,13.0,13.0,0.0,0.0,-0.0,True,True,True,13.0,13.0,66.19999999999999,66.19999999999999,0.0,True,True
0.4,13,0.85,0.86,13.0,13.0,0.0,0.0,-0.0,True,True,True,13.0,13.0,66.19999999999999,66.19999999999999,0.0,True,True
0.4,13,0.86,0.87,13.0,13.0,0.0,0.0,-0.0,True,True,True,13.0,13.0,66.19999999999999,66.19999999999999,0.0,True,True
0.4,13,0.87,0.88,13.0,13.0,0.0,0.0,-0.0,True,True,True,13.0,13.0,66.19999999999999,66.19999999999999,0.0,True,True
0.4,13,0.88,0.89,13.0,13.0,0.0,0.0,-0.0,True,True,True,13.0,13.0,66.19999999999999,66.19999999999999,0.0,True,True
0.4,13,0.89,0.9,13.0,13.0,0.0,0.0,-0.0,True,True,True,13.0,13.0,66.19999999999999,66.19999999999999,0.0,True,True
0.4,13,0.9,0.91,13.0,13.0,0.0,0.0,-0.0,True,True,True,13.0,13.0,66.19999999999999,66.19999999999999,0.0,True,True
0.4,13,0.91,0.9199999999999999,13.0,13.0,0.0,0.0,-0.0,True,True,True,13.0,12.4995,66.19999999999999,64.1419218650401,2.058078134959885,True,True
0.4,13,0.9199999999999999,0.9299999999999999,13.0,13.0,0.0,0.0,-0.0,True,True,True,13.0,10.4455,66.19999999999999,58.99405543918105,7.205944560818942,True,True
0.4,13,0.9299999999999999,0.94,13.0,13.0,0.0,0.0,-0.0,True,True,True,13.0,8.9635,66.19999999999999,58.53845046423716,7.6615495357628305,True,True
0.4,13,0.94,0.95,13.0,12.492999999999999,-0.5070000000000014,0.0,-0.0,True,True,True,13.0,7.734999999999999,66.19999999999999,60.230788342326555,5.9692116576734335,True,True
0.4,13,0.95,0.96,12.492999999999999,8.488999999999999,-4.004,0.5070000000000014,-0.02600570025448822,True,True,True,12.492999999999999,6.6365,66.21794376666112,63.342673844185235,2.875269922475887,True,True
0.4,13,0.96,0.97,8.488999999999999,6.188,-2.3009999999999993,4.511000000000001,-0.1841480172808711,True,True,True,8.488999999999999,5.5965,68.76864300641691,67.65296376065828,1.1156792457586278,True,True
0.4,13,0.97,0.98,6.188,4.2315,-1.9565000000000001,6.812,-0.2074881213858348,True,True,True,6.188,4.576,73.60402065495929,73.18070736089958,0.4233132940597102,True,True
0.4,13,0.98,0.99,4.2315,2.2555,-1.9759999999999995,8.7685,-0.17714743911366942,True,True,True,4.2315,3.536,80.1845087619617,80.09620894888852,0.0882998130731778,True,True
0.4,14,0.7,0.71,14.0,14.0,0.0,0.0,-0.0,True,True,True,14.0,14.0,60.8,60.8,0.0,True,True
0.4,14,0.71,0.72,14.0,14.0,0.0,0.0,-0.0,True,True,True,14.0,14.0,60.8,60.8,0.0,True,True
0.4,14,0.72,0.73,14.0,14.0,0.0,0.0,-0.0,True,True,True,14.0,14.0,60.8,60.8,0.0,True,True
0.4,14,0.73,0.74,14.0,14.0,0.0,0.0,-0.0,True,True,True,14.0,14.0,60.8,60.8,0.0,True,True
0.4,14,0.74,0.75,14.0,14.0,0.0,0.0,-0.0,True,True,True,14.0,14.0,60.8,60.8,0.0,True,True
0.4,14,0.75,0.76,14.0,14.0,0.0,0.0,-0.0,True,True,True,14.0,14.0,60.8,60.8,0.0,True,True
0.4,14,0.76,0.77,14.0,14.0,0.0,0.0,-0.0,True,True,True,14.0,14.0,60.8,60.8,0.0,True,True
0.4,14,0.77,0.78,14.0,14.0,0.0,0.0,-0.0,True,True,True,14.0,14.0,60.8,60.8,0.0,True,True
0.4,14,0.78,0.79,14.0,14.0,0.0,0.0,-0.0,True,True,True,14.0,14.0,60.8,60.8,0.0,True,True
0.4,14,0.79,0.7999999999999999,14.0,14.0,0.0,0.0,-0.0,True,True,True,14.0,14.0,60.8,60.8,0.0,True,True
0.4,14,0.7999999999999999,0.8099999999999999,14.0,14.0,0.0,0.0,-0.0,True,True,True,14.0,14.0,60.8,60.8,0.0,True,True
0.4,14,0.8099999999999999,0.82,14.0,14.0,0.0,0.0,-0.0,True,True,True,14.0,14.0,60.8,60.8,0.0,True,True
0.4,14,0.82,0.83,14.0,14.0,0.0,0.0,-0.0,True,True,True,14.0,14.0,60.8,60.8,0.0,True,True
0.4,14,0.83,0.84,14.0,14.0,0.0,0.0,-0.0,True,True,True,14.0,14.0,60.8,60.8,0.0,True,True
0.4,14,0.84,0.85,14.0,14.0,0.0,0.0,-0.0,True,True,True,14.0,14.0,60.8,60.8,0.0,True,True
0.4,14,0.85,0.86,14.0,14.0,0.0,0.0,-0.0,True,True,True,14.0,14.0,60.8,60.8,0.0,True,True
0.4,14,0.86,0.87,14.0,14.0,0.0,0.0,-0.0,True,True,True,14.0,14.0,60.8,60.8,0.0,True,True
0.4,14,0.87,0.88,14.0,14.0,0.0,0.0,-0.0,True,True,True,14.0,14.0,60.8,60.8,0.0,True,True
0.4,14,0.88,0.89,14.0,14.0,0.0,0.0,-0.0,True,True,True,14.0,14.0,60.8,60.8,0.0,True,True
0.4,14,0.89,0.9,14.0,14.0,0.0,0.0,-0.0,True,True,True,14.0,14.0,60.8,60.8,0.0,True,True
0.4,14,0.9,0.91,14.0,14.0,0.0,0.0,-0.0,True,True,True,14.0,14.0,60.8,60.8,0.0,True,True
0.4,14,0.91,0.9199999999999999,14.0,14.0,0.0,0.0,-0.0,True,True,True,14.0,11.515,60.8,52.58849143182279,8.211508568177209,True,True
0.4,14,0.9199999999999999,0.9299999999999999,14.0,14.0,0.0,0.0,-0.0,True,True,True,14.0,9.870000000000001,60.8,51.38356757064784,9.416432429352156,True,True
0.4,14,0.9299999999999999,0.94,14.0,14.0,0.0,0.0,-0.0,True,True,True,14.0,8.596,60.8,52.78054545796814,8.019454542031859,True,True
0.4,14,0.94,0.95,14.0,10.99,-3.01,0.0,-0.0,True,True,True,14.0,7.497,60.8,55.63194051420235,5.168059485797649,True,True
0.4,14,0.95,0.96,10.99,7.98,-3.01,3.01,-0.15439281610652722,True,True,True,10.99,6.482,61.5375136885732,59.59942081826583,1.938092870307372,True,True
0.4,14,0.96,0.97,7.98,5.964,-2.016,6.02,-0.2457484070119361,True,True,True,7.98,5.502,65.47581758240152,64.63282512237656,0.8429924600249592,True,True
0.4,14,0.97,0.98,5.964,4.1370000000000005,-1.827,8.036,-0.24477019134711808,True,True,True,5.964,4.522,71.1745839187092,70.83456925667362,0.3400146620355855,True,True
0.4,14,0.98,0.99,4.1370000000000005,2.233,-1.9040000000000004,9.863,-0.19925930227269448,True,True,True,4.1370000000000005,3.5140000000000002,78.51078717329287,78.43932283143018,0.07146434186269346,True,True
0.4,15,0.7,0.71,15.0,15.0,0.0,0.0,-0.0,True,True,True,15.0,15.0,55.0,55.0,0.0,True,True
0.4,15,0.71,0.72,15.0,15.0,0.0,0.0,-0.0,True,True,True,15.0,15.0,55.0,55.0,0.0,True,True
0.4,15,0.72,0.73,15.0,15.0,0.0,0.0,-0.0,True,True,True,15.0,15.0,55.0,55.0,0.0,True,True
0.4,15,0.73,0.74,15.0,15.0,0.0,0.0,-0.0,True,True,True,15.0,15.0,55.0,55.0,0.0,True,True
0.4,15,0.74,0.75,15.0,15.0,0.0,0.0,-0.0,True,True,True,15.0,15.0,55.0,55.0,0.0,True,True
0.4,15,0.75,0.76,15.0,15.0,0.0,0.0,-0.0,True,True,True,15.0,15.0,55.0,55.0,0.0,True,True
0.4,15,0.76,0.77,15.0,15.0,0.0,0.0,-0.0,True,True,True,15.0,15.0,55.0,55.0,0.0,True,True
0.4,15,0.77,0.78,15.0,15.0,0.0,0.0,-0.0,True,True,True,15.0,15.0,55.0,55.0,0.0,True,True
0.4,15,0.78,0.79,15.0,15.0,0.0,0.0,-0.0,True,True,True,15.0,15.0,55.0,55.0,0.0,True,True
0.4,15,0.79,0.7999999999999999,15.0,15.0,0.0,0.0,-0.0,True,True,True,15.0,15.0,55.0,55.0,0.0,True,True
0.4,15,0.7999999999999999,0.8099999999999999,15.0,15.0,0.0,0.0,-0.0,True,True,True,15.0,15.0,55.0,55.0,0.0,True,True
0.4,15,0.8099999999999999,0.82,15.0,15.0,0.0,0.0,-0.0,True,True,True,15.0,15.0,55.0,55.0,0.0,True,True
0.4,15,0.82,0.83,15.0,15.0,0.0,0.0,-0.0,True,True,True,15.0,15.0,55.0,55.0,0.0,True,True
0.4,15,0.83,0.84,15.0,15.0,0.0,0.0,-0.0,True,True,True,15.0,15.0,55.0,55.0,0.0,True,True
0.4,15,0.84,0.85,15.0,15.0,0.0,0.0,-0.0,True,True,True,15.0,15.0,55.0,55.0,0.0,True,True
0.4,15,0.85,0.86,15.0,15.0,0.0,0.0,-0.0,True,True,True,15.0,15.0,55.0,55.0,0.0,True,True
0.4,15,0.86,0.87,15.0,15.0,0.0,0.0,-0.0,True,True,True,15.0,15.0,55.0,55.0,0.0,True,True
0.4,15,0.87,0.88,15.0,15.0,0.0,0.0,-0.0,True,True,True,15.0,15.0,55.0,55.0,0.0,True,True
0.4,15,0.88,0.89,15.0,15.0,0.0,0.0,-0.0,True,True,True,15.0,15.0,55.0,55.0,0.0,True,True
0.4,15,0.89,0.9,15.0,15.0,0.0,0.0,-0.0,True,True,True,15.0,15.0,55.0,55.0,0.0,True,True
0.4,15,0.9,0.91,15.0,15.0,0.0,0.0,-0.0,True,True,True,15.0,12.57,55.0,45.81120002967022,9.188799970329782,True,True
0.4,15,0.91,0.9199999999999999,15.0,15.0,0.0,0.0,-0.0,True,True,True,15.0,10.6875,55.0,43.7388743123126,11.261125687687397,True,True
0.4,15,0.9199999999999999,0.9299999999999999,15.0,15.0,0.0,0.0,-0.0,True,True,True,15.0,9.3525,55.0,44.95029826674075,10.049701733259248,True,True
0.4,15,0.9299999999999999,0.94,15.0,15.0,0.0,0.0,-0.0,True,True,True,15.0,8.2575,55.0,47.66779293535935,7.332207064640649,True,True
0.4,15,0.94,0.95,15.0,9.84,-5.16,0.0,-0.0,True,True,True,15.0,7.2675,55.0,51.41091709272059,3.589082907279412,True,True
0.4,15,0.95,0.96,9.84,7.5225,-2.3175,5.16,-0.264673399039761,True,True,True,9.84,6.33,57.38053610985078,56.087050723524925,1.2934853863258553,True,True
0.4,15,0.96,0.97,7.5225,5.745,-1.7774999999999999,7.4775,-0.305246464025208,True,True,True,7.5225,5.4075,62.37657098839622,61.750248873583935,0.6263221148122824,True,True
0.4,15,0.97,0.98,5.745,4.05,-1.6950000000000003,9.254999999999999,-0.2818999652709778,True,True,True,5.745,4.47,68.8339091870844,68.5653383605322,0.26857082655220665,True,True
0.4,15,0.98,0.99,4.05,2.2125,-1.8375,10.95,-0.22121964512683814,True,True,True,4.05,3.4875,76.87356064658513,76.81581285739217,0.057747789192958976,True,True
0.6,5,0.7,0.71,5.0,5.0,0.0,0.0,-0.0,True,True,True,5.0,5.0,92.5,92.5,0.0,True,True
0.6,5,0.71,0.72,5.0,5.0,0.0,0.0,-0.0,True,True,True,5.0,5.0,92.5,92.5,0.0,True,True
0.6,5,0.72,0.73,5.0,5.0,0.0,0.0,-0.0,True,True,True,5.0,5.0,92.5,92.5,0.0,True,True
0.6,5,0.73,0.74,5.0,5.0,0.0,0.0,-0.0,True,True,True,5.0,5.0,92.5,92.5,0.0,True,True
0.6,5,0.74,0.75,5.0,5.0,0.0,0.0,-0.0,True,True,True,5.0,5.0,92.5,92.5,0.0,True,True
0.6,5,0.75,0.76,5.0,5.0,0.0,0.0,-0.0,True,True,True,5.0,5.0,92.5,92.5,0.0,True,True
0.6,5,0.76,0.77,5.0,5.0,0.0,0.0,-0.0,True,True,True,5.0,5.0,92.5,92.5,0.0,True,True
0.6,5,0.77,0.78,5.0,5.0,0.0,0.0,-0.0,True,True,True,5.0,5.0,92.5,92.5,0.0,True,True
0.6,5,0.78,0.79,5.0,5.0,0.0,0.0,-0.0,True,True,True,5.0,5.0,92.5,92.5,0.0,True,True
0.6,5,0.79,0.7999999999999999,5.0,5.0,0.0,0.0,-0.0,True,True,True,5.0,5.0,92.5,92.5,0.0,True,True
0.6,5,0.7999999999999999,0.8099999999999999,5.0,5.0,0.0,0.0,-0.0,True,True,True,5.0,5.0,92.5,92.5,0.0,True,True
0.6,5,0.8099999999999999,0.82,5.0,5.0,0.0,0.0,-0.0,True,True,True,5.0,5.0,92.5,92.5,0.0,True,True
0.6,5,0.82,0.83,5.0,5.0,0.0,0.0,-0.0,True,True,True,5.0,5.0,92.5,92.5,0.0,True,True
0.6,5,0.83,0.84,5.0,5.0,0.0,0.0,-0.0,True,True,True,5.0,5.0,92.5,92.5,0.0,True,True
0.6,5,0.84,0.85,5.0,5.0,0.0,0.0,-0.0,True,True,True,5.0,5.0,92.5,92.5,0.0,True,True
0.6,5,0.85,0.86,5.0,5.0,0.0,0.0,-0.0,True,True,True,5.0,5.0,92.5,92.5,0.0,True,True
0.6,5,0.86,0.87,5.0,5.0,0.0,0.0,-0.0,True,True,True,5.0,5.0,92.5,92.5,0.0,True,True
0.6,5,0.87,0.88,5.0,5.0,0.0,0.0,-0.0,True,True,True,5.0,5.0,92.5,92.5,0.0,True,True
0.6,5,0.88,0.89,5.0,5.0,0.0,0.0,-0.0,True,True,True,5.0,5.0,92.5,92.5,0.0,True,True
0.6,5,0.89,0.9,5.0,5.0,0.0,0.0,-0.0,True,True,True,5.0,5.0,92.5,92.5,0.0,True,True
0.6,5,0.9,0.91,5.0,5.0,0.0,0.0,-0.0,True,True,True,5.0,5.0,92.5,92.5,0.0,True,True
0.6,5,0.91,0.9199999999999999,5.0,5.0,0.0,0.0,-0.0,True,True,True,5.0,5.0,92.5,92.5,0.0,True,True
0.6,5,0.9199999999999999,0.9299999999999999,5.0,5.0,0.0,0.0,-0.0,True,True,True,5.0,5.0,92.5,92.5,0.0,True,True
0.6,5,0.9299999999999999,0.94,5.0,5.0,0.0,0.0,-0.0,True,True,True,5.0,5.0,92.5,92.5,0.0,True,True
0.6,5,0.94,0.95,5.0,5.0,0.0,0.0,-0.0,True,True,True,5.0,5.0,92.5,92.5,0.0,True,True
0.6,5,0.95,0.96,5.0,5.0,0.0,0.0,-0.0,True,True,True,5.0,5.0,92.5,92.5,0.0,True,True
0.6,5,0.96,0.97,5.0,5.0,0.0,0.0,-0.0,True,True,True,5.0,4.1425,92.5,91.41198043858864,1.0880195614113575,True,True
0.6,5,0.97,0.98,5.0,3.25,-1.75,0.0,-0.0,True,True,True,5.0,3.2875,92.5,91.67526955954995,0.824730440450054,True,True
0.6,5,0.98,0.99,3.25,1.62,-1.63,1.75,-0.035354737805659064,True,True,True,3.25,2.4675000000000002,93.35754402592542,93.18577804708411,0.1717659788413073,True,True
0.6,6,0.7,0.71,6.0,6.0,0.0,0.0,-0.0,True,True,True,6.0,6.0,89.2,89.2,0.0,True,True
0.6,6,0.71,0.72,6.0,6.0,0.0,0.0,-0.0,True,True,True,6.0,6.0,89.2,89.2,0.0,True,True
0.6,6,0.72,0.73,6.0,6.0,0.0,0.0,-0.0,True,True,True,6.0,6.0,89.2,89.2,0.0,True,True
0.6,6,0.73,0.74,6.0,6.0,0.0,0.0,-0.0,True,True,True,6.0,6.0,89.2,89.2,0.0,True,True
0.6,6,0.74,0.75,6.0,6.0,0.0,0.0,-0.0,True,True,True,6.0,6.0,89.2,89.2,0.0,True,True
0.6,6,0.75,0.76,6.0,6.0,0.0,0.0,-0.0,True,True,True,6.0,6.0,89.2,89.2,0.0,True,True
0.6,6,0.76,0.77,6.0,6.0,0.0,0.0,-0.0,True,True,True,6.0,6.0,89.2,89.2,0.0,True,True
0.6,6,0.77,0.78,6.0,6.0,0.0,0.0,-0.0,True,True,True,6.0,6.0,89.2,89.2,0.0,True,True
0.6,6,0.78,0.79,6.0,6.0,0.0,0.0,-0.0,True,True,True,6.0,6.0,89.2,89.2,0.0,True,True
0.6,6,0.79,0.7999999999999999,6.0,6.0,0.0,0.0,-0.0,True,True,True,6.0,6.0,89.2,89.2,0.0,True,True
0.6,6,0.7999999999999999,0.8099999999999999,6.0,6.0,0.0,0.0,-0.0,True,True,True,6.0,6.0,89.2,89.2,0.0,True,True
0.6,6,0.8099999999999999,0.82,6.0,6.0,0.0,0.0,-0.0,True,True,True,6.0,6.0,89.2,89.2,0.0,True,True
0.6,6,0.82,0.83,6.0,6.0,0.0,0.0,-0.0,True,True,True,6.0,6.0,89.2,89.2,0.0,True,True
0.6,6,0.83,0.84,6.0,6.0,0.0,0.0,-0.0,True,True,True,6.0,6.0,89.2,89.2,0.0,True,True
0.6,6,0.84,0.85,6.0,6.0,0.0,0.0,-0.0,True,True,True,6.0,6.0,89.2,89.2,0.0,True,True
0.6,6,0.85,0.86,6.0,6.0,0.0,0.0,-0.0,True,True,True,6.0,6.0,89.2,89.2,0.0,True,True
0.6,6,0.86,0.87,6.0,6.0,0.0,0.0,-0.0,True,True,True,6.0,6.0,89.2,89.2,0.0,True,True
0.6,6,0.87,0.88,6.0,6.0,0.0,0.0,-0.0,True,True,True,6.0,6.0,89.2,89.2,0.0,True,True
0.6,6,0.88,0.89,6.0,6.0,0.0,0.0,-0.0,True,True,True,6.0,6.0,89.2,89.2,0.0,True,True
0.6,6,0.89,0.9,6.0,6.0,0.0,0.0,-0.0,True,True,True,6.0,6.0,89.2,89.2,0.0,True,True
0.6,6,0.9,0.91,6.0,6.0,0.0,0.0,-0.0,True,True,True,6.0,6.0,89.2,89.2,0.0,True,True
0.6,6,0.91,0.9199999999999999,6.0,6.0,0.0,0.0,-0.0,True,True,True,6.0,6.0,89.2,89.2,0.0,True,True
0.6,6,0.9199999999999999,0.9299999999999999,6.0,6.0,0.0,0.0,-0.0,True,True,True,6.0,6.0,89.2,89.2,0.0,True,True
0.6,6,0.9299999999999999,0.94,6.0,6.0,0.0,0.0,-0.0,True,True,True,6.0,6.0,89.2,89.2,0.0,True,True
0.6,6,0.94,0.95,6.0,6.0,0.0,0.0,-0.0,True,True,True,6.0,5.892,89.2,88.91927429395426,0.2807257060457431,True,True
0.6,6,0.95,0.96,6.0,6.0,0.0,0.0,-0.0,True,True,True,6.0,4.941,89.2,87.38889137605692,1.8111086239430847,True,True
0.6,6,0.96,0.97,6.0,4.9110000000000005,-1.0889999999999995,0.0,-0.0,True,True,True,6.0,4.071,89.2,87.45558817535694,1.7444118246430662,True,True
0.6,6,0.97,0.98,4.9110000000000005,3.18,-1.7310000000000003,1.0889999999999995,-0.03317007695084762,True,True,True,4.9110000000000005,3.249,89.50202545737883,88.79533377635612,0.7066916810227184,True,True
0.6,6,0.98,0.99,3.18,1.602,-1.578,2.82,-0.05697163463540489,True,True,True,3.18,2.451,91.42836635017062,91.27884447465637,0.1495218755142531,True,True
0.6,7,0.7,0.71,7.0,7.0,0.0,0.0,-0.0,True,True,True,7.0,7.0,85.3,85.3,0.0,True,True
0.6,7,0.71,0.72,7.0,7.0,0.0,0.0,-0.0,True,True,True,7.0,7.0,85.3,85.3,0.0,True,True
0.6,7,0.72,0.73,7.0,7.0,0.0,0.0,-0.0,True,True,True,7.0,7.0,85.3,85.3,0.0,True,True
0.6,7,0.73,0.74,7.0,7.0,0.0,0.0,-0.0,True,True,True,7.0,7.0,85.3,85.3,0.0,True,True
0.6,7,0.74,0.75,7.0,7.0,0.0,0.0,-0.0,True,True,True,7.0,7.0,85.3,85.3,0.0,True,True
0.6,7,0.75,0.76,7.0,7.0,0.0,0.0,-0.0,True,True,True,7.0,7.0,85.3,85.3,0.0,True,True
0.6,7,0.76,0.77,7.0,7.0,0.0,0.0,-0.0,True,True,True,7.0,7.0,85.3,85.3,0.0,True,True
0.6,7,0.77,0.78,7.0,7.0,0.0,0.0,-0.0,True,True,True,7.0,7.0,85.3,85.3,0.0,True,True
0.6,7,0.78,0.79,7.0,7.0,0.0,0.0,-0.0,True,True,True,7.0,7.0,85.3,85.3,0.0,True,True
0.6,7,0.79,0.7999999999999999,7.0,7.0,0.0,0.0,-0.0,True,True,True,7.0,7.0,85.3,85.3,0.0,True,True
0.6,7,0.7999999999999999,0.8099999999999999,7.0,7.0,0.0,0.0,-0.0,True,True,True,7.0,7.0,85.3,85.3,0.0,True,True
0.6,7,0.8099999999999999,0.82,7.0,7.0,0.0,0.0,-0.0,True,True,True,7.0,7.0,85.3,85.3,0.0,True,True
0.6,7,0.82,0.83,7.0,7.0,0.0,0.0,-0.0,True,True,True,7.0,7.0,85.3,85.3,0.0,True,True
0.6,7,0.83,0.84,7.0,7.0,0.0,0.0,-0.0,True,True,True,7.0,7.0,85.3,85.3,0.0,True,True
0.6,7,0.84,0.85,7.0,7.0,0.0,0.0,-0.0,True,True,True,7.0,7.0,85.3,85.3,0.0,True,True
0.6,7,0.85,0.86,7.0,7.0,0.0,0.0,-0.0,True,True,True,7.0,7.0,85.3,85.3,0.0,True,True
0.6,7,0.86,0.87,7.0,7.0,0.0,0.0,-0.0,True,True,True,7.0,7.0,85.3,85.3,0.0,True,True
0.6,7,0.87,0.88,7.0,7.0,0.0,0.0,-0.0,True,True,True,7.0,7.0,85.3,85.3,0.0,True,True
0.6,7,0.88,0.89,7.0,7.0,0.0,0.0,-0.0,True,True,True,7.0,7.0,85.3,85.3,0.0,True,True
0.6,7,0.89,0.9,7.0,7.0,0.0,0.0,-0.0,True,True,True,7.0,7.0,85.3,85.3,0.0,True,True
0.6,7,0.9,0.91,7.0,7.0,0.0,0.0,-0.0,True,True,True,7.0,7.0,85.3,85.3,0.0,True,True
0.6,7,0.91,0.9199999999999999,7.0,7.0,0.0,0.0,-0.0,True,True,True,7.0,7.0,85.3,85.3,0.0,True,True
0.6,7,0.9199999999999999,0.9299999999999999,7.0,7.0,0.0,0.0,-0.0,True,True,True,7.0,7.0,85.3,85.3,0.0,True,True
0.6,7,0.9299999999999999,0.94,7.0,7.0,0.0,0.0,-0.0,True,True,True,7.0,6.7095,85.3,84.40867104291893,0.8913289570810718,True,True
0.6,7,0.94,0.95,7.0,7.0,0.0,0.0,-0.0,True,True,True,7.0,5.7155000000000005,85.3,82.55966351288775,2.740336487112245,True,True
0.6,7,0.95,0.96,7.0,6.727,-0.2729999999999997,0.0,-0.0,True,True,True,7.0,4.8265,85.3,82.46186296687301,2.8381370331269835,True,True
0.6,7,0.96,0.97,6.727,4.739,-1.9880000000000004,0.2729999999999997,-0.011144404504029648,True,True,True,6.727,4.0040000000000004,85.31598773281296,83.67844305480594,1.6375446780070178,True,True
0.6,7,0.97,0.98,4.739,3.1115,-1.6275,2.261,-0.0688682681229261,True,True,True,4.739,3.213,86.60752740521906,86.00849876984734,0.5990286353717238,True,True
0.6,7,0.98,0.99,3.1115,1.5855000000000001,-1.5259999999999998,3.8885,-0.07855822740417444,True,True,True,3.1115,2.4325,89.5403933393649,89.41023969976364,0.1301536396012608,True,True
0.6,8,0.7,0.71,8.0,8.0,0.0,0.0,-0.0,True,True,True,8.0,8.0,80.8,80.8,0.0,True,True
0.6,8,0.71,0.72,8.0,8.0,0.0,0.0,-0.0,True,True,True,8.0,8.0,80.8,80.8,0.0,True,True
0.6,8,0.72,0.73,8.0,8.0,0.0,0.0,-0.0,True,True,True,8.0,8.0,80.8,80.8,0.0,True,True
0.6,8,0.73,0.74,8.0,8.0,0.0,0.0,-0.0,True,True,True,8.0,8.0,80.8,80.8,0.0,True,True
0.6,8,0.74,0.75,8.0,8.0,0.0,0.0,-0.0,True,True,True,8.0,8.0,80.8,80.8,0.0,True,True
0.6,8,0.75,0.76,8.0,8.0,0.0,0.0,-0.0,True,True,True,8.0,8.0,80.8,80.8,0.0,True,True
0.6,8,0.76,0.77,8.0,8.0,0.0,0.0,-0.0,True,True,True,8.0,8.0,80.8,80.8,0.0,True,True
0.6,8,0.77,0.78,8.0,8.0,0.0,0.0,-0.0,True,True,True,8.0,8.0,80.8,80.8,0.0,True,True
0.6,8,0.78,0.79,8.0,8.0,0.0,0.0,-0.0,True,True,True,8.0,8.0,80.8,80.8,0.0,True,True
0.6,8,0.79,0.7999999999999999,8.0,8.0,0.0,0.0,-0.0,True,True,True,8.0,8.0,80.8,80.8,0.0,True,True
0.6,8,0.7999999999999999,0.8099999999999999,8.0,8.0,0.0,0.0,-0.0,True,True,True,8.0,8.0,80.8,80.8,0.0,True,True
0.6,8,0.8099999999999999,0.82,8.0,8.0,0.0,0.0,-0.0,True,True,True,8.0,8.0,80.8,80.8,0.0,True,True
0.6,8,0.82,0.83,8.0,8.0,0.0,0.0,-0.0,True,True,True,8.0,8.0,80.8,80.8,0.0,True,True
0.6,8,0.83,0.84,8.0,8.0,0.0,0.0,-0.0,True,True,True,8.0,8.0,80.8,80.8,0.0,True,True
0.6,8,0.84,0.85,8.0,8.0,0.0,0.0,-0.0,True,True,True,8.0,8.0,80.8,80.8,0.0,True,True
0.6,8,0.85,0.86,8.0,8.0,0.0,0.0,-0.0,True,True,True,8.0,8.0,80.8,80.8,0.0,True,True
0.6,8,0.86,0.87,8.0,8.0,0.0,0.0,-0.0,True,True,True,8.0,8.0,80.8,80.8,0.0,True,True
0.6,8,0.87,0.88,8.0,8.0,0.0,0.0,-0.0,True,True,True,8.0,8.0,80.8,80.8,0.0,True,True
0.6,8,0.88,0.89,8.0,8.0,0.0,0.0,-0.0,True,True,True,8.0,8.0,80.8,80.8,0.0,True,True
0.6,8,0.89,0.9,8.0,8.0,0.0,0.0,-0.0,True,True,True,8.0,8.0,80.8,80.8,0.0,True,True
0.6,8,0.9,0.91,8.0,8.0,0.0,0.0,-0.0,True,True,True,8.0,8.0,80.8,80.8,0.0,True,True
0.6,8,0.91,0.9199999999999999,8.0,8.0,0.0,0.0,-0.0,True,True,True,8.0,8.0,80.8,80.8,0.0,True,True
0.6,8,0.9199999999999999,0.9299999999999999,8.0,8.0,0.0,0.0,-0.0,True,True,True,8.0,7.5,80.8,79.04163046625439,1.7583695337456078,True,True
0.6,8,0.9299999999999999,0.94,8.0,8.0,0.0,0.0,-0.0,True,True,True,8.0,6.452,80.8,76.8855929313052,3.9144070686948,True,True
0.6,8,0.94,0.95,8.0,8.0,0.0,0.0,-0.0,True,True,True,8.0,5.5440000000000005,80.8,76.68096861136536,4.119031388634639,True,True
0.6,8,0.95,0.96,8.0,6.364,-1.6360000000000001,0.0,-0.0,True,True,True,8.0,4.716,80.8,77.82539269073553,2.9746073092644707,True,True
0.6,8,0.96,0.97,6.364,4.572,-1.7919999999999998,1.6360000000000001,-0.06678478303513746,True,True,True,6.364,3.936,81.38950048694618,80.06541588580606,1.3240846011401146,True,True
0.6,8,0.97,0.98,4.572,3.048,-1.524,3.428,-0.10441416325758099,True,True,True,4.572,3.176,83.81425682996708,83.30889780826023,0.5053590217068518,True,True
0.6,8,0.98,0.99,3.048,1.572,-1.476,4.952,-0.1000438066363564,True,True,True,3.048,2.416,87.69268690204144,87.58074937798015,0.11193752406128965,True,True
0.6,9,0.7,0.71,9.0,9.0,0.0,0.0,-0.0,True,True,True,9.0,9.0,75.7,75.7,0.0,True,True
0.6,9,0.71,0.72,9.0,9.0,0.0,0.0,-0.0,True,True,True,9.0,9.0,75.7,75.7,0.0,True,True
0.6,9,0.72,0.73,9.0,9.0,0.0,0.0,-0.0,True,True,True,9.0,9.0,75.7,75.7,0.0,True,True
0.6,9,0.73,0.74,9.0,9.0,0.0,0.0,-0.0,True,True,True,9.0,9.0,75.7,75.7,0.0,True,True
0.6,9,0.74,0.75,9.0,9.0,0.0,0.0,-0.0,True,True,True,9.0,9.0,75.7,75.7,0.0,True,True
0.6,9,0.75,0.76,9.0,9.0,0.0,0.0,-0.0,True,True,True,9.0,9.0,75.7,75.7,0.0,True,True
0.6,9,0.76,0.77,9.0,9.0,0.0,0.0,-0.0,True,True,True,9.0,9.0,75.7,75.7,0.0,True,True
0.6,9,0.77,0.78,9.0,9.0,0.0,0.0,-0.0,True,True,True,9.0,9.0,75.7,75.7,0.0,True,True
0.6,9,0.78,0.79,9.0,9.0,0.0,0.0,-0.0,True,True,True,9.0,9.0,75.7,75.7,0.0,True,True
0.6,9,0.79,0.7999999999999999,9.0,9.0,0.0,0.0,-0.0,True,True,True,9.0,9.0,75.7,75.7,0.0,True,True
0.6,9,0.7999999999999999,0.8099999999999999,9.0,9.0,0.0,0.0,-0.0,True,True,True,9.0,9.0,75.7,75.7,0.0,True,True
0.6,9,0.8099999999999999,0.82,9.0,9.0,0.0,0.0,-0.0,True,True,True,9.0,9.0,75.7,75.7,0.0,True,True
0.6,9,0.82,0.83,9.0,9.0,0.0,0.0,-0.0,True,True,True,9.0,9.0,75.7,75.7,0.0,True,True
0.6,9,0.83,0.84,9.0,9.0,0.0,0.0,-0.0,True,True,True,9.0,9.0,75.7,75.7,0.0,True,True
0.6,9,0.84,0.85,9.0,9.0,0.0,0.0,-0.0,True,True,True,9.0,9.0,75.7,75.7,0.0,True,True
0.6,9,0.85,0.86,9.0,9.0,0.0,0.0,-0.0,True,True,True,9.0,9.0,75.7,75.7,0.0,True,True
0.6,9,0.86,0.87,9.0,9.0,0.0,0.0,-0.0,True,True,True,9.0,9.0,75.7,75.7,0.0,True,True
0.6,9,0.87,0.88,9.0,9.0,0.0,0.0,-0.0,True,True,True,9.0,9.0,75.7,75.7,0.0,True,True
0.6,9,0.88,0.89,9.0,9.0,0.0,0.0,-0.0,True,True,True,9.0,9.0,75.7,75.7,0.0,True,True
0.6,9,0.89,0.9,9.0,9.0,0.0,0.0,-0.0,True,True,True,9.0,9.0,75.7,75.7,0.0,True,True
0.6,9,0.9,0.91,9.0,9.0,0.0,0.0,-0.0,True,True,True,9.0,9.0,75.7,75.7,0.0,True,True
0.6,9,0.91,0.9199999999999999,9.0,9.0,0.0,0.0,-0.0,True,True,True,9.0,8.244,75.7,72.7292936281366,2.9707063718634004,True,True
0.6,9,0.9199999999999999,0.9299999999999999,9.0,9.0,0.0,0.0,-0.0,True,True,True,9.0,7.1415,75.7,70.34423254114452,5.355767458855482,True,True
0.6,9,0.9299999999999999,0.94,9.0,9.0,0.0,0.0,-0.0,True,True,True,9.0,6.21,75.7,70.10168598390048,5.598314016099522,True,True
0.6,9,0.94,0.95,9.0,8.208,-0.7919999999999998,0.0,-0.0,True,True,True,9.0,5.382,75.7,71.2525108796513,4.447489120348706,True,True
0.6,9,0.95,0.96,8.208,6.025499999999999,-2.182500000000001,0.7919999999999998,-0.04062428915494005,True,True,True,8.208,4.608,75.80760239138965,73.45915546112577,2.3484469302638757,True,True
0.6,9,0.96,0.97,6.025499999999999,4.414499999999999,-1.6109999999999998,2.974500000000001,-0.12142502270049903,True,True,True,6.025499999999999,3.8699999999999997,77.67375043137892,76.61263907143771,1.0611113599412079,True,True
0.6,9,0.97,0.98,4.414499999999999,2.9835,-1.4309999999999996,4.585500000000001,-0.13967069592113118,True,True,True,4.414499999999999,3.1365,81.11811350040104,80.69295502395188,0.4251584764491554,True,True
0.6,9,0.98,0.99,2.9835,1.5525,-1.4309999999999998,6.016500000000001,-0.12154958857585588,True,True,True,2.9835,2.403,85.88433224885692,85.78991671520795,0.09441553364897004,True,True
0.6,10,0.7,0.71,10.0,10.0,0.0,0.0,-0.0,True,True,True,10.0,10.0,70.0,70.0,0.0,True,True
0.6,10,0.71,0.72,10.0,10.0,0.0,0.0,-0.0,True,True,True,10.0,10.0,70.0,70.0,0.0,True,True
0.6,10,0.72,0.73,10.0,10.0,0.0,0.0,-0.0,True,True,True,10.0,10.0,70.0,70.0,0.0,True,True
0.6,10,0.73,0.74,10.0,10.0,0.0,0.0,-0.0,True,True,True,10.0,10.0,70.0,70.0,0.0,True,True
0.6,10,0.74,0.75,10.0,10.0,0.0,0.0,-0.0,True,True,True,10.0,10.0,70.0,70.0,0.0,True,True
0.6,10,0.75,0.76,10.0,10.0,0.0,0.0,-0.0,True,True,True,10.0,10.0,70.0,70.0,0.0,True,True
0.6,10,0.76,0.77,10.0,10.0,0.0,0.0,-0.0,True,True,True,10.0,10.0,70.0,70.0,0.0,True,True
0.6,10,0.77,0.78,10.0,10.0,0.0,0.0,-0.0,True,True,True,10.0,10.0,70.0,70.0,0.0,True,True
0.6,10,0.78,0.79,10.0,10.0,0.0,0.0,-0.0,True,True,True,10.0,10.0,70.0,70.0,0.0,True,True
0.6,10,0.79,0.7999999999999999,10.0,10.0,0.0,0.0,-0.0,True,True,True,10.0,10.0,70.0,70.0,0.0,True,True
0.6,10,0.7999999999999999,0.8099999999999999,10.0,10.0,0.0,0.0,-0.0,True,True,True,10.0,10.0,70.0,70.0,0.0,True,True
0.6,10,0.8099999999999999,0.82,10.0,10.0,0.0,0.0,-0.0,True,True,True,10.0,10.0,70.0,70.0,0.0,True,True
0.6,10,0.82,0.83,10.0,10.0,0.0,0.0,-0.0,True,True,True,10.0,10.0,70.0,70.0,0.0,True,True
0.6,10,0.83,0.84,10.0,10.0,0.0,0.0,-0.0,True,True,True,10.0,10.0,70.0,70.0,0.0,True,True
0.6,10,0.84,0.85,10.0,10.0,0.0,0.0,-0.0,True,True,True,10.0,10.0,70.0,70.0,0.0,True,True
0.6,10,0.85,0.86,10.0,10.0,0.0,0.0,-0.0,True,True,True,10.0,10.0,70.0,70.0,0.0,True,True
0.6,10,0.86,0.87,10.0,10.0,0.0,0.0,-0.0,True,True,True,10.0,10.0,70.0,70.0,0.0,True,True
0.6,10,0.87,0.88,10.0,10.0,0.0,0.0,-0.0,True,True,True,10.0,10.0,70.0,70.0,0.0,True,True
0.6,10,0.88,0.89,10.0,10.0,0.0,0.0,-0.0,True,True,True,10.0,10.0,70.0,70.0,0.0,True,True
0.6,10,0.89,0.9,10.0,10.0,0.0,0.0,-0.0,True,True,True,10.0,10.0,70.0,70.0,0.0,True,True
0.6,10,0.9,0.91,10.0,10.0,0.0,0.0,-0.0,True,True,True,10.0,8.925,70.0,65.39493153228045,4.605068467719548,True,True
0.6,10,0.91,0.9199999999999999,10.0,10.0,0.0,0.0,-0.0,True,True,True,10.0,7.755,70.0,62.87651153801448,7.1234884619855166,True,True
0.6,10,0.9199999999999999,0.9299999999999999,10.0,10.0,0.0,0.0,-0.0,True,True,True,10.0,6.805,70.0,62.72052893323431,7.279471066765687,True,True
0.6,10,0.9299999999999999,0.94,10.0,10.0,0.0,0.0,-0.0,True,True,True,10.0,5.98,70.0,63.968586449009166,6.031413550990834,True,True
0.6,10,0.94,0.95,10.0,7.535,-2.465,0.0,-0.0,True,True,True,10.0,5.22,70.0,66.22174628330829,3.778253716691708,True,True
0.6,10,0.95,0.96,7.535,5.71,-1.8250000000000002,2.465,-0.12643797066531218,True,True,True,7.535,4.505,71.09001348850106,69.34967404096592,1.7403394475351348,True,True
0.6,10,0.96,0.97,5.71,4.265,-1.4450000000000003,4.29,-0.17512635649189467,True,True,True,5.71,3.805,74.15386566260543,73.3117471045135,0.8421185580919257,True,True
0.6,10,0.97,0.98,4.265,2.92,-1.3449999999999998,5.735,-0.17468355492480367,True,True,True,4.265,3.105,78.51520298442603,78.16480107497084,0.35040190945518646,True,True
0.6,10,0.98,0.99,2.92,1.54,-1.38,7.08,-0.14303516780803782,True,True,True,2.92,2.3850000000000002,84.11443875907615,84.03414199313158,0.08029676594456703,True,True
0.6,11,0.7,0.71,11.0,11.0,0.0,0.0,-0.0,True,True,True,11.0,11.0,63.7,63.7,0.0,True,True
0.6,11,0.71,0.72,11.0,11.0,0.0,0.0,-0.0,True,True,True,11.0,11.0,63.7,63.7,0.0,True,True
0.6,11,0.72,0.73,11.0,11.0,0.0,0.0,-0.0,True,True,True,11.0,11.0,63.7,63.7,0.0,True,True
0.6,11,0.73,0.74,11.0,11.0,0.0,0.0,-0.0,True,True,True,11.0,11.0,63.7,63.7,0.0,True,True
0.6,11,0.74,0.75,11.0,11.0,0.0,0.0,-0.0,True,True,True,11.0,11.0,63.7,63.7,0.0,True,True
0.6,11,0.75,0.76,11.0,11.0,0.0,0.0,-0.0,True,True,True,11.0,11.0,63.7,63.7,0.0,True,True
0.6,11,0.76,0.77,11.0,11.0,0.0,0.0,-0.0,True,True,True,11.0,11.0,63.7,63.7,0.0,True,True
0.6,11,0.77,0.78,11.0,11.0,0.0,0.0,-0.0,True,True,True,11.0,11.0,63.7,63.7,0.0,True,True
0.6,11,0.78,0.79,11.0,11.0,0.0,0.0,-0.0,True,True,True,11.0,11.0,63.7,63.7,0.0,True,True
0.6,11,0.79,0.7999999999999999,11.0,11.0,0.0,0.0,-0.0,True,True,True,11.0,11.0,63.7,63.7,0.0,True,True
0.6,11,0.7999999999999999,0.8099999999999999,11.0,11.0,0.0,0.0,-0.0,True,True,True,11.0,11.0,63.7,63.7,0.0,True,True
0.6,11,0.8099999999999999,0.82,11.0,11.0,0.0,0.0,-0.0,True,True,True,11.0,11.0,63.7,63.7,0.0,True,True
0.6,11,0.82,0.83,11.0,11.0,0.0,0.0,-0.0,True,True,True,11.0,11.0,63.7,63.7,0.0,True,True
0.6,11,0.83,0.84,11.0,11.0,0.0,0.0,-0.0,True,True,True,11.0,11.0,63.7,63.7,0.0,True,True
0.6,11,0.84,0.85,11.0,11.0,0.0,0.0,-0.0,True,True,True,11.0,11.0,63.7,63.7,0.0,True,True
0.6,11,0.85,0.86,11.0,11.0,0.0,0.0,-0.0,True,True,True,11.0,11.0,63.7,63.7,0.0,True,True
0.6,11,0.86,0.87,11.0,11.0,0.0,0.0,-0.0,True,True,True,11.0,11.0,63.7,63.7,0.0,True,True
0.6,11,0.87,0.88,11.0,11.0,0.0,0.0,-0.0,True,True,True,11.0,11.0,63.7,63.7,0.0,True,True
0.6,11,0.88,0.89,11.0,11.0,0.0,0.0,-0.0,True,True,True,11.0,11.0,63.7,63.7,0.0,True,True
0.6,11,0.89,0.9,11.0,11.0,0.0,0.0,-0.0,True,True,True,11.0,9.487499999999999,63.7,56.83641845391554,6.863581546084461,True,True
0.6,11,0.9,0.91,11.0,11.0,0.0,0.0,-0.0,True,True,True,11.0,8.261,63.7,54.45926559640364,9.240734403596363,True,True
0.6,11,0.91,0.9199999999999999,11.0,11.0,0.0,0.0,-0.0,True,True,True,11.0,7.3095,63.7,54.5774685993619,9.122531400638103,True,True
0.6,11,0.9199999999999999,0.9299999999999999,11.0,11.0,0.0,0.0,-0.0,True,True,True,11.0,6.4955,63.7,56.03076489739419,7.6692351026058105,True,True
0.6,11,0.9299999999999999,0.94,11.0,9.261999999999999,-1.7380000000000013,0.0,-0.0,True,True,True,11.0,5.7585,63.7,58.41211122495497,5.287888775045033,True,True
0.6,11,0.94,0.95,9.261999999999999,6.941,-2.320999999999999,1.7380000000000013,-0.10753945166203621,True,True,True,9.261999999999999,5.071,64.06871605382453,61.57620289457921,2.49251315924532,True,True
0.6,11,0.95,0.96,6.941,5.4174999999999995,-1.5235000000000003,4.059,-0.2081994819190678,True,True,True,6.941,4.4055,66.7512589252593,65.47891324797573,1.2723456772835675,True,True
0.6,11,0.96,0.97,5.4174999999999995,4.114,-1.3034999999999997,5.5825000000000005,-0.22788878440932447,True,True,True,5.4174999999999995,3.7399999999999998,70.81648874390388,70.15512023668863,0.6613685072152435,True,True
0.6,11,0.97,0.98,4.114,2.8545,-1.2595,6.886,-0.20974210273970326,True,True,True,4.114,3.069,76.00183323851631,75.71359904903646,0.28823418947985147,True,True
0.6,11,0.98,0.99,2.8545,1.5234999999999999,-1.331,8.1455,-0.1645611524548548,True,True,True,2.8545,2.3705,82.38213710671671,82.31540537863138,0.06673172808532968,True,True
0.6,12,0.7,0.71,12.0,12.0,0.0,0.0,-0.0,True,True,True,12.0,12.0,56.800000000000004,56.800000000000004,0.0,True,True
0.6,12,0.71,0.72,12.0,12.0,0.0,0.0,-0.0,True,True,True,12.0,12.0,56.800000000000004,56.800000000000004,0.0,True,True
0.6,12,0.72,0.73,12.0,12.0,0.0,0.0,-0.0,True,True,True,12.0,12.0,56.800000000000004,56.800000000000004,0.0,True,True
0.6,12,0.73,0.74,12.0,12.0,0.0,0.0,-0.0,True,True,True,12.0,12.0,56.800000000000004,56.800000000000004,0.0,True,True
0.6,12,0.74,0.75,12.0,12.0,0.0,0.0,-0.0,True,True,True,12.0,12.0,56.800000000000004,56.800000000000004,0.0,True,True
0.6,12,0.75,0.76,12.0,12.0,0.0,0.0,-0.0,True,True,True,12.0,12.0,56.800000000000004,56.800000000000004,0.0,True,True
0.6,12,0.76,0.77,12.0,12.0,0.0,0.0,-0.0,True,True,True,12.0,12.0,56.800000000000004,56.800000000000004,0.0,True,True
0.6,12,0.77,0.78,12.0,12.0,0.0,0.0,-0.0,True,True,True,12.0,12.0,56.800000000000004,56.800000000000004,0.0,True,True
0.6,12,0.78,0.79,12.0,12.0,0.0,0.0,-0.0,True,True,True,12.0,12.0,56.800000000000004,56.800000000000004,0.0,True,True
0.6,12,0.79,0.7999999999999999,12.0,12.0,0.0,0.0,-0.0,True,True,True,12.0,12.0,56.800000000000004,56.800000000000004,0.0,True,True
0.6,12,0.7999999999999999,0.8099999999999999,12.0,12.0,0.0,0.0,-0.0,True,True,True,12.0,12.0,56.800000000000004,56.800000000000004,0.0,True,True
0.6,12,0.8099999999999999,0.82,12.0,12.0,0.0,0.0,-0.0,True,True,True,12.0,12.0,56.800000000000004,56.800000000000004,0.0,True,True
0.6,12,0.82,0.83,12.0,12.0,0.0,0.0,-0.0,True,True,True,12.0,12.0,56.800000000000004,56.800000000000004,0.0,True,True
0.6,12,0.83,0.84,12.0,12.0,0.0,0.0,-0.0,True,True,True,12.0,12.0,56.800000000000004,56.800000000000004,0.0,True,True
0.6,12,0.84,0.85,12.0,12.0,0.0,0.0,-0.0,True,True,True,12.0,12.0,56.800000000000004,56.800000000000004,0.0,True,True
0.6,12,0.85,0.86,12.0,12.0,0.0,0.0,-0.0,True,True,True,12.0,12.0,56.800000000000004,56.800000000000004,0.0,True,True
0.6,12,0.86,0.87,12.0,12.0,0.0,0.0,-0.0,True,True,True,12.0,12.0,56.800000000000004,56.800000000000004,0.0,True,True
0.6,12,0.87,0.88,12.0,12.0,0.0,0.0,-0.0,True,True,True,12.0,12.0,56.800000000000004,56.800000000000004,0.0,True,True
0.6,12,0.88,0.89,12.0,12.0,0.0,0.0,-0.0,True,True,True,12.0,9.876,56.800000000000004,46.961537355016404,9.8384626449836,True,True
0.6,12,0.89,0.9,12.0,12.0,0.0,0.0,-0.0,True,True,True,12.0,8.622,56.800000000000004,45.157263883832556,11.642736116167448,True,True
0.6,12,0.9,0.91,12.0,12.0,0.0,0.0,-0.0,True,True,True,12.0,7.686,56.800000000000004,45.75254463964234,11.047455360357667,True,True
0.6,12,0.91,0.9199999999999999,12.0,12.0,0.0,0.0,-0.0,True,True,True,12.0,6.9,56.800000000000004,47.53445207820043,9.265547921799573,True,True
0.6,12,0.9199999999999999,0.9299999999999999,12.0,12.0,0.0,0.0,-0.0,True,True,True,12.0,6.204,56.800000000000004,50.12883792187155,6.671162078128454,True,True
0.6,12,0.9299999999999999,0.94,12.0,8.106,-3.894,0.0,-0.0,True,True,True,12.0,5.55,56.800000000000004,53.37953187236244,3.4204681276375624,True,True
0.6,12,0.94,0.95,8.106,6.42,-1.686,3.894,-0.24094282207823284,True,True,True,8.106,4.926,58.87648524639869,57.27187174110022,1.6046135052984667,True,True
0.6,12,0.95,0.96,6.42,5.142,-1.2779999999999996,5.58,-0.28621658268253225,True,True,True,6.42,4.308,62.74507230931013,61.83080056858834,0.9142717407217944,True,True
0.6,12,0.96,0.97,5.142,3.978,-1.1640000000000001,6.858,-0.27995723841990994,True,True,True,5.142,3.678,67.64955686537216,67.13861398374416,0.5109428816279973,True,True
0.6,12,0.97,0.98,3.978,2.7960000000000003,-1.182,8.022,-0.2443437624423322,True,True,True,3.978,3.036,73.5744894928259,73.34132451453232,0.23316497829358696,True,True
0.6,12,0.98,0.99,2.7960000000000003,1.506,-1.2900000000000003,9.204,-0.18594571815044916,True,True,True,2.7960000000000003,2.352,80.68658169915321,80.63082973193175,0.055751967221453924,True,True
0.6,13,0.7,0.71,13.0,13.0,0.0,0.0,-0.0,True,True,True,13.0,13.0,49.300000000000004,49.300000000000004,0.0,True,True
0.6,13,0.71,0.72,13.0,13.0,0.0,0.0,-0.0,True,True,True,13.0,13.0,49.300000000000004,49.300000000000004,0.0,True,True
0.6,13,0.72,0.73,13.0,13.0,0.0,0.0,-0.0,True,True,True,13.0,13.0,49.300000000000004,49.300000000000004,0.0,True,True
0.6,13,0.73,0.74,13.0,13.0,0.0,0.0,-0.0,True,True,True,13.0,13.0,49.300000000000004,49.300000000000004,0.0,True,True
0.6,13,0.74,0.75,13.0,13.0,0.0,0.0,-0.0,True,True,True,13.0,13.0,49.300000000000004,49.300000000000004,0.0,True,True
0.6,13,0.75,0.76,13.0,13.0,0.0,0.0,-0.0,True,True,True,13.0,13.0,49.300000000000004,49.300000000000004,0.0,True,True
0.6,13,0.76,0.77,13.0,13.0,0.0,0.0,-0.0,True,True,True,13.0,13.0,49.300000000000004,49.300000000000004,0.0,True,True
0.6,13,0.77,0.78,13.0,13.0,0.0,0.0,-0.0,True,True,True,13.0,13.0,49.300000000000004,49.300000000000004,0.0,True,True
0.6,13,0.78,0.79,13.0,13.0,0.0,0.0,-0.0,True,True,True,13.0,13.0,49.300000000000004,49.300000000000004,0.0,True,True
0.6,13,0.79,0.7999999999999999,13.0,13.0,0.0,0.0,-0.0,True,True,True,13.0,13.0,49.300000000000004,49.300000000000004,0.0,True,True
0.6,13,0.7999999999999999,0.8099999999999999,13.0,13.0,0.0,0.0,-0.0,True,True,True,13.0,13.0,49.300000000000004,49.300000000000004,0.0,True,True
0.6,13,0.8099999999999999,0.82,13.0,13.0,0.0,0.0,-0.0,True,True,True,13.0,13.0,49.300000000000004,49.300000000000004,0.0,True,True
0.6,13,0.82,0.83,13.0,13.0,0.0,0.0,-0.0,True,True,True,13.0,13.0,49.300000000000004,49.300000000000004,0.0,True,True
0.6,13,0.83,0.84,13.0,13.0,0.0,0.0,-0.0,True,True,True,13.0,13.0,49.300000000000004,49.300000000000004,0.0,True,True
0.6,13,0.84,0.85,13.0,13.0,0.0,0.0,-0.0,True,True,True,13.0,13.0,49.300000000000004,49.300000000000004,0.0,True,True
0.6,13,0.85,0.86,13.0,13.0,0.0,0.0,-0.0,True,True,True,13.0,13.0,49.300000000000004,49.300000000000004,0.0,True,True
0.6,13,0.86,0.87,13.0,13.0,0.0,0.0,-0.0,True,True,True,13.0,12.4865,49.300000000000004,45.77375139773646,3.526248602263543,True,True
0.6,13,0.87,0.88,13.0,13.0,0.0,0.0,-0.0,True,True,True,13.0,9.971,49.300000000000004,35.75864097806219,13.541359021937815,True,True
0.6,13,0.88,0.89,13.0,13.0,0.0,0.0,-0.0,True,True,True,13.0,8.775,49.300000000000004,35.169043935646656,14.130956064353349,True,True
0.6,13,0.89,0.9,13.0,13.0,0.0,0.0,-0.0,True,True,True,13.0,7.8975,49.300000000000004,36.46641031282023,12.833589687179774,True,True
0.6,13,0.9,0.91,13.0,13.0,0.0,0.0,-0.0,True,True,True,13.0,7.175999999999999,49.300000000000004,38.690275995186035,10.60972400481397,True,True
0.6,13,0.91,0.9199999999999999,13.0,13.0,0.0,0.0,-0.0,True,True,True,13.0,6.5325,49.300000000000004,41.535502144152055,7.764497855847949,True,True
0.6,13,0.9199999999999999,0.9299999999999999,13.0,9.139,-3.8610000000000007,0.0,-0.0,True,True,True,13.0,5.9345,49.300000000000004,44.91533584278533,4.384664157214672,True,True
0.6,13,0.9299999999999999,0.94,9.139,7.2085,-1.9304999999999994,3.8610000000000007,-0.2801954450352999,True,True,True,9.139,5.356,50.50720787097588,48.816685770742936,1.690522100232947,True,True
0.6,13,0.94,0.95,7.2085,5.954,-1.2545000000000002,5.7915,-0.35835140063330395,True,True,True,7.2085,4.784,54.29400466917997,53.281622908267124,1.0123817609128452,True,True
0.6,13,0.95,0.96,5.954,4.888,-1.0659999999999998,7.046,-0.3614125522546814,True,True,True,5.954,4.212,59.03411695141247,58.39174204734863,0.6423749040638427,True,True
0.6,13,0.96,0.97,4.888,3.8415,-1.0465,8.112,-0.3311480195483099,True,True,True,4.888,3.6205,64.64212365033279,64.25639119034923,0.3857324599835579,True,True
0.6,13,0.97,0.98,3.8415,2.7365,-1.105,9.1585,-0.2789606517487035,True,True,True,3.8415,2.9964999999999997,71.22983055729523,71.04084795945303,0.18898259784219817,True,True
0.6,13,0.98,0.99,2.7365,1.4949999999999999,-1.2415,10.2635,-0.20735048655336105,True,True,True,2.7365,2.34,79.02694507128004,78.98236441369613,0.04458065758390717,True,True
0.6,14,0.7,0.71,14.0,14.0,0.0,0.0,-0.0,True,True,True,14.0,14.0,41.2,41.2,0.0,True,True
0.6,14,0.71,0.72,14.0,14.0,0.0,0.0,-0.0,True,True,True,14.0,14.0,41.2,41.2,0.0,True,True
0.6,14,0.72,0.73,14.0,14.0,0.0,0.0,-0.0,True,True,True,14.0,14.0,41.2,41.2,0.0,True,True
0.6,14,0.73,0.74,14.0,14.0,0.0,0.0,-0.0,True,True,True,14.0,14.0,41.2,41.2,0.0,True,True
0.6,14,0.74,0.75,14.0,14.0,0.0,0.0,-0.0,True,True,True,14.0,14.0,41.2,41.2,0.0,True,True
0.6,14,0.75,0.76,14.0,14.0,0.0,0.0,-0.0,True,True,True,14.0,14.0,41.2,41.2,0.0,True,True
0.6,14,0.76,0.77,14.0,14.0,0.0,0.0,-0.0,True,True,True,14.0,14.0,41.2,41.2,0.0,True,True
0.6,14,0.77,0.78,14.0,14.0,0.0,0.0,-0.0,True,True,True,14.0,14.0,41.2,41.2,0.0,True,True
0.6,14,0.78,0.79,14.0,14.0,0.0,0.0,-0.0,True,True,True,14.0,14.0,41.2,41.2,0.0,True,True
0.6,14,0.79,0.7999999999999999,14.0,14.0,0.0,0.0,-0.0,True,True,True,14.0,14.0,41.2,41.2,0.0,True,True
0.6,14,0.7999999999999999,0.8099999999999999,14.0,14.0,0.0,0.0,-0.0,True,True,True,14.0,14.0,41.2,41.2,0.0,True,True
0.6,14,0.8099999999999999,0.82,14.0,14.0,0.0,0.0,-0.0,True,True,True,14.0,14.0,41.2,41.2,0.0,True,True
0.6,14,0.82,0.83,14.0,14.0,0.0,0.0,-0.0,True,True,True,14.0,14.0,41.2,41.2,0.0,True,True
0.6,14,0.83,0.84,14.0,14.0,0.0,0.0,-0.0,True,True,True,14.0,14.0,41.2,41.2,0.0,True,True
0.6,14,0.84,0.85,14.0,14.0,0.0,0.0,-0.0,True,True,True,14.0,14.0,41.2,41.2,0.0,True,True
0.6,14,0.85,0.86,14.0,14.0,0.0,0.0,-0.0,True,True,True,14.0,11.662,41.2,27.587570137344613,13.61242986265539,True,True
0.6,14,0.86,0.87,14.0,14.0,0.0,0.0,-0.0,True,True,True,14.0,9.66,41.2,23.97179735994762,17.228202640052384,True,True
0.6,14,0.87,0.88,14.0,14.0,0.0,0.0,-0.0,True,True,True,14.0,8.652000000000001,41.2,25.02705102956375,16.172948970436252,True,True
0.6,14,0.88,0.89,14.0,14.0,0.0,0.0,-0.0,True,True,True,14.0,7.91,41.2,27.138743408531493,14.06125659146851,True,True
0.6,14,0.89,0.9,14.0,14.0,0.0,0.0,-0.0,True,True,True,14.0,7.28,41.2,29.79886420671587,11.401135793284134,True,True
0.6,14,0.9,0.91,14.0,14.0,0.0,0.0,-0.0,True,True,True,14.0,6.72,41.2,32.89175903246458,8.308240967535426,True,True
0.6,14,0.91,0.9199999999999999,14.0,9.751,-4.2490000000000006,0.0,-0.0,True,True,True,14.0,6.188,41.2,36.37906194903403,4.820938050965971,True,True
0.6,14,0.9199999999999999,0.9299999999999999,9.751,7.602,-2.148999999999999,4.2490000000000006,-0.3542884563820283,True,True,True,9.751,5.6770000000000005,41.642653323935185,40.28962131714089,1.3530320067942938,True,True
0.6,14,0.9299999999999999,0.94,7.602,6.4750000000000005,-1.1269999999999998,6.398,-0.4643072927572775,True,True,True,7.602,5.166,45.51991576644362,44.66555835192814,0.8543574145154764,True,True
0.6,14,0.94,0.95,6.4750000000000005,5.537,-0.9380000000000006,7.5249999999999995,-0.4656124129786086,True,True,True,6.4750000000000005,4.655,50.19736698657887,49.588563038718256,0.6088039478606149,True,True
0.6,14,0.95,0.96,5.537,4.641,-0.8959999999999999,8.463000000000001,-0.4340951504018406,True,True,True,5.537,4.116,55.58755023067595,55.148568881108076,0.43898134956787516,True,True
0.6,14,0.96,0.97,4.641,3.71,-0.931,9.359,-0.38205304671506807,True,True,True,4.641,3.563,61.78422070450052,61.499279998546335,0.28494070595418464,True,True
0.6,14,0.97,0.98,3.71,2.681,-1.029,10.29,-0.3134252450176512,True,True,True,3.71,2.968,68.96467182947097,68.81774703132565,0.14692479814532078,True,True
0.6,14,0.98,0.99,2.681,1.477,-1.204,11.318999999999999,-0.2286744441270028,True,True,True,2.681,2.324,77.4024216531807,77.36671457617923,0.035707077001461585,True,True
0.6,15,0.7,0.71,15.0,15.0,0.0,0.0,-0.0,True,True,True,15.0,15.0,32.5,32.5,0.0,True,True
0.6,15,0.71,0.72,15.0,15.0,0.0,0.0,-0.0,True,True,True,15.0,15.0,32.5,32.5,0.0,True,True
0.6,15,0.72,0.73,15.0,15.0,0.0,0.0,-0.0,True,True,True,15.0,15.0,32.5,32.5,0.0,True,True
0.6,15,0.73,0.74,15.0,15.0,0.0,0.0,-0.0,True,True,True,15.0,15.0,32.5,32.5,0.0,True,True
0.6,15,0.74,0.75,15.0,15.0,0.0,0.0,-0.0,True,True,True,15.0,15.0,32.5,32.5,0.0,True,True
0.6,15,0.75,0.76,15.0,15.0,0.0,0.0,-0.0,True,True,True,15.0,15.0,32.5,32.5,0.0,True,True
0.6,15,0.76,0.77,15.0,15.0,0.0,0.0,-0.0,True,True,True,15.0,15.0,32.5,32.5,0.0,True,True
0.6,15,0.77,0.78,15.0,15.0,0.0,0.0,-0.0,True,True,True,15.0,15.0,32.5,32.5,0.0,True,True
0.6,15,0.78,0.79,15.0,15.0,0.0,0.0,-0.0,True,True,True,15.0,15.0,32.5,32.5,0.0,True,True
0.6,15,0.79,0.7999999999999999,15.0,15.0,0.0,0.0,-0.0,True,True,True,15.0,15.0,32.5,32.5,0.0,True,True
0.6,15,0.7999999999999999,0.8099999999999999,15.0,15.0,0.0,0.0,-0.0,True,True,True,15.0,15.0,32.5,32.5,0.0,True,True
0.6,15,0.8099999999999999,0.82,15.0,15.0,0.0,0.0,-0.0,True,True,True,15.0,15.0,32.5,32.5,0.0,True,True
0.6,15,0.82,0.83,15.0,15.0,0.0,0.0,-0.0,True,True,True,15.0,15.0,32.5,32.5,0.0,True,True
0.6,15,0.83,0.84,15.0,15.0,0.0,0.0,-0.0,True,True,True,15.0,15.0,32.5,32.5,0.0,True,True
0.6,15,0.84,0.85,15.0,15.0,0.0,0.0,-0.0,True,True,True,15.0,9.9675,32.5,11.779568344792494,20.720431655207506,True,True
0.6,15,0.85,0.86,15.0,15.0,0.0,0.0,-0.0,True,True,True,15.0,8.924999999999999,32.5,13.361349848242387,19.138650151757613,True,True
0.6,15,0.86,0.87,15.0,15.0,0.0,0.0,-0.0,True,True,True,15.0,8.235,32.5,15.703502910599266,16.796497089400734,True,True
0.6,15,0.87,0.88,15.0,15.0,0.0,0.0,-0.0,True,True,True,15.0,7.6875,32.5,18.389604734777787,14.110395265222213,True,True
0.6,15,0.88,0.89,15.0,15.0,0.0,0.0,-0.0,True,True,True,15.0,7.199999999999999,32.5,21.342773011614074,11.157226988385926,True,True
0.6,15,0.89,0.9,15.0,15.0,0.0,0.0,-0.0,True,True,True,15.0,6.7425,32.5,24.563773463293984,7.936226536706016,True,True
0.6,15,0.9,0.91,15.0,15.0,0.0,0.0,-0.0,True,True,True,15.0,6.3075,32.5,28.08241505703286,4.417584942967139,True,True
0.6,15,0.91,0.9199999999999999,15.0,7.335,-7.665,0.0,-0.0,True,True,True,15.0,5.8725,32.5,31.935615555527857,0.5643844444721431,True,True
0.6,15,0.9199999999999999,0.9299999999999999,7.335,6.555,-0.7800000000000002,7.665,-0.639120032517827,True,True,True,7.335,5.4375,36.63499534422364,36.18280672638578,0.45218861783786224,True,True
0.6,15,0.9299999999999999,0.94,6.555,5.8575,-0.6974999999999998,8.445,-0.6128595009901858,True,True,True,6.555,4.9875,41.28953010314895,40.89180008596538,0.3977300171835694,True,True
0.6,15,0.94,0.95,5.8575,5.16,-0.6974999999999998,9.1425,-0.5656958784926153,True,True,True,5.8575,4.5225,46.503385598674996,46.157522988054346,0.3458626106206495,True,True
0.6,15,0.95,0.96,5.16,4.4174999999999995,-0.7425000000000006,9.84,-0.5047260167734977,True,True,True,5.16,4.0275,52.37941484854958,52.09407195030259,0.2853428982469879,True,True
0.6,15,0.96,0.97,4.4174999999999995,3.585,-0.8324999999999996,10.5825,-0.43199875701060025,True,True,True,4.4174999999999995,3.5025,59.06672648960223,58.86055814593429,0.20616834366794023,True,True
0.6,15,0.97,0.98,3.585,2.625,-0.96,11.415,-0.34769185343794834,True,True,True,3.585,2.9325,66.77598166825656,66.66186202495767,0.11411964329889202,True,True
0.6,15,0.98,0.99,2.625,1.4625,-1.1625,12.375,-0.2500085030543034,True,True,True,2.625,2.31,75.81222859142092,75.78454661545219,0.027681975968732786,True,True
0.8,5,0.7,0.71,5.0,5.0,0.0,0.0,-0.0,True,True,True,5.0,5.0,90.0,90.0,0.0,True,True
0.8,5,0.71,0.72,5.0,5.0,0.0,0.0,-0.0,True,True,True,5.0,5.0,90.0,90.0,0.0,True,True
0.8,5,0.72,0.73,5.0,5.0,0.0,0.0,-0.0,True,True,True,5.0,5.0,90.0,90.0,0.0,True,True
0.8,5,0.73,0.74,5.0,5.0,0.0,0.0,-0.0,True,True,True,5.0,5.0,90.0,90.0,0.0,True,True
0.8,5,0.74,0.75,5.0,5.0,0.0,0.0,-0.0,True,True,True,5.0,5.0,90.0,90.0,0.0,True,True
0.8,5,0.75,0.76,5.0,5.0,0.0,0.0,-0.0,True,True,True,5.0,5.0,90.0,90.0,0.0,True,True
0.8,5,0.76,0.77,5.0,5.0,0.0,0.0,-0.0,True,True,True,5.0,5.0,90.0,90.0,0.0,True,True
0.8,5,0.77,0.78,5.0,5.0,0.0,0.0,-0.0,True,True,True,5.0,5.0,90.0,90.0,0.0,True,True
0.8,5,0.78,0.79,5.0,5.0,0.0,0.0,-0.0,True,True,True,5.0,5.0,90.0,90.0,0.0,True,True
0.8,5,0.79,0.7999999999999999,5.0,5.0,0.0,0.0,-0.0,True,True,True,5.0,5.0,90.0,90.0,0.0,True,True
0.8,5,0.7999999999999999,0.8099999999999999,5.0,5.0,0.0,0.0,-0.0,True,True,True,5.0,5.0,90.0,90.0,0.0,True,True
0.8,5,0.8099999999999999,0.82,5.0,5.0,0.0,0.0,-0.0,True,True,True,5.0,5.0,90.0,90.0,0.0,True,True
0.8,5,0.82,0.83,5.0,5.0,0.0,0.0,-0.0,True,True,True,5.0,5.0,90.0,90.0,0.0,True,True
0.8,5,0.83,0.84,5.0,5.0,0.0,0.0,-0.0,True,True,True,5.0,5.0,90.0,90.0,0.0,True,True
0.8,5,0.84,0.85,5.0,5.0,0.0,0.0,-0.0,True,True,True,5.0,5.0,90.0,90.0,0.0,True,True
0.8,5,0.85,0.86,5.0,5.0,0.0,0.0,-0.0,True,True,True,5.0,5.0,90.0,90.0,0.0,True,True
0.8,5,0.86,0.87,5.0,5.0,0.0,0.0,-0.0,True,True,True,5.0,5.0,90.0,90.0,0.0,True,True
0.8,5,0.87,0.88,5.0,5.0,0.0,0.0,-0.0,True,True,True,5.0,5.0,90.0,90.0,0.0,True,True
0.8,5,0.88,0.89,5.0,5.0,0.0,0.0,-0.0,True,True,True,5.0,5.0,90.0,90.0,0.0,True,True
0.8,5,0.89,0.9,5.0,5.0,0.0,0.0,-0.0,True,True,True,5.0,5.0,90.0,90.0,0.0,True,True
0.8,5,0.9,0.91,5.0,5.0,0.0,0.0,-0.0,True,True,True,5.0,5.0,90.0,90.0,0.0,True,True
0.8,5,0.91,0.9199999999999999,5.0,5.0,0.0,0.0,-0.0,True,True,True,5.0,5.0,90.0,90.0,0.0,True,True
0.8,5,0.9199999999999999,0.9299999999999999,5.0,5.0,0.0,0.0,-0.0,True,True,True,5.0,5.0,90.0,90.0,0.0,True,True
0.8,5,0.9299999999999999,0.94,5.0,5.0,0.0,0.0,-0.0,True,True,True,5.0,5.0,90.0,90.0,0.0,True,True
0.8,5,0.94,0.95,5.0,5.0,0.0,0.0,-0.0,True,True,True,5.0,4.36,90.0,88.51351834537337,1.4864816546266297,True,True
0.8,5,0.95,0.96,5.0,5.0,0.0,0.0,-0.0,True,True,True,5.0,3.685,90.0,88.04569205426982,1.9543079457301786,True,True
0.8,5,0.96,0.97,5.0,3.6550000000000002,-1.3449999999999998,0.0,-0.0,True,True,True,5.0,3.0525,90.0,88.63062244017436,1.3693775598256366,True,True
0.8,5,0.97,0.98,3.6550000000000002,2.395,-1.2600000000000002,1.3449999999999998,-0.040967634066933024,True,True,True,3.6550000000000002,2.4425,90.64240962159163,90.11942362376814,0.5229859978234828,True,True
0.8,5,0.98,0.99,2.395,1.21,-1.185,2.605,-0.052628052562138206,True,True,True,2.395,1.8425,92.57887256079619,92.46227308982688,0.11659947096930523,True,True
0.8,6,0.7,0.71,6.0,6.0,0.0,0.0,-0.0,True,True,True,6.0,6.0,85.6,85.6,0.0,True,True
0.8,6,0.71,0.72,6.0,6.0,0.0,0.0,-0.0,True,True,True,6.0,6.0,85.6,85.6,0.0,True,True
0.8,6,0.72,0.73,6.0,6.0,0.0,0.0,-0.0,True,True,True,6.0,6.0,85.6,85.6,0.0,True,True
0.8,6,0.73,0.74,6.0,6.0,0.0,0.0,-0.0,True,True,True,6.0,6.0,85.6,85.6,0.0,True,True
0.8,6,0.74,0.75,6.0,6.0,0.0,0.0,-0.0,True,True,True,6.0,6.0,85.6,85.6,0.0,True,True
0.8,6,0.75,0.76,6.0,6.0,0.0,0.0,-0.0,True,True,True,6.0,6.0,85.6,85.6,0.0,True,True
0.8,6,0.76,0.77,6.0,6.0,0.0,0.0,-0.0,True,True,True,6.0,6.0,85.6,85.6,0.0,True,True
0.8,6,0.77,0.78,6.0,6.0,0.0,0.0,-0.0,True,True,True,6.0,6.0,85.6,85.6,0.0,True,True
0.8,6,0.78,0.79,6.0,6.0,0.0,0.0,-0.0,True,True,True,6.0,6.0,85.6,85.6,0.0,True,True
0.8,6,0.79,0.7999999999999999,6.0,6.0,0.0,0.0,-0.0,True,True,True,6.0,6.0,85.6,85.6,0.0,True,True
0.8,6,0.7999999999999999,0.8099999999999999,6.0,6.0,0.0,0.0,-0.0,True,True,True,6.0,6.0,85.6,85.6,0.0,True,True
0.8,6,0.8099999999999999,0.82,6.0,6.0,0.0,0.0,-0.0,True,True,True,6.0,6.0,85.6,85.6,0.0,True,True
0.8,6,0.82,0.83,6.0,6.0,0.0,0.0,-0.0,True,True,True,6.0,6.0,85.6,85.6,0.0,True,True
0.8,6,0.83,0.84,6.0,6.0,0.0,0.0,-0.0,True,True,True,6.0,6.0,85.6,85.6,0.0,True,True
0.8,6,0.84,0.85,6.0,6.0,0.0,0.0,-0.0,True,True,True,6.0,6.0,85.6,85.6,0.0,True,True
0.8,6,0.85,0.86,6.0,6.0,0.0,0.0,-0.0,True,True,True,6.0,6.0,85.6,85.6,0.0,True,True
0.8,6,0.86,0.87,6.0,6.0,0.0,0.0,-0.0,True,True,True,6.0,6.0,85.6,85.6,0.0,True,True
0.8,6,0.87,0.88,6.0,6.0,0.0,0.0,-0.0,True,True,True,6.0,6.0,85.6,85.6,0.0,True,True
0.8,6,0.88,0.89,6.0,6.0,0.0,0.0,-0.0,True,True,True,6.0,6.0,85.6,85.6,0.0,True,True
0.8,6,0.89,0.9,6.0,6.0,0.0,0.0,-0.0,True,True,True,6.0,6.0,85.6,85.6,0.0,True,True
0.8,6,0.9,0.91,6.0,6.0,0.0,0.0,-0.0,True,True,True,6.0,6.0,85.6,85.6,0.0,True,True
0.8,6,0.91,0.9199999999999999,6.0,6.0,0.0,0.0,-0.0,True,True,True,6.0,6.0,85.6,85.6,0.0,True,True
0.8,6,0.9199999999999999,0.9299999999999999,6.0,6.0,0.0,0.0,-0.0,True,True,True,6.0,5.658,85.6,84.38343919217942,1.2165608078205707,True,True
0.8,6,0.9299999999999999,0.94,6.0,6.0,0.0,0.0,-0.0,True,True,True,6.0,4.908,85.6,82.74576771699425,2.854232283005743,True,True
0.8,6,0.94,0.95,6.0,6.0,0.0,0.0,-0.0,True,True,True,6.0,4.233,85.6,82.47579484413248,3.1242051558675143,True,True
0.8,6,0.95,0.96,6.0,4.872,-1.1280000000000001,0.0,-0.0,True,True,True,6.0,3.603,85.6,83.23814172851817,2.3618582714818217,True,True
0.8,6,0.96,0.97,4.872,3.531,-1.3409999999999997,1.1280000000000001,-0.04604720981884783,True,True,True,4.872,3.003,86.00513398969538,84.87723206993009,1.1279019197652929,True,True
0.8,6,0.97,0.98,3.531,2.346,-1.185,2.469,-0.07520378327974546,True,True,True,3.531,2.415,87.76826029803297,87.32255435020588,0.4457059478270935,True,True
0.8,6,0.98,0.99,2.346,1.197,-1.149,3.654,-0.07382069253821613,True,True,True,2.346,1.83,90.68233625353716,90.58101569065327,0.10132056288388469,True,True
0.8,7,0.7,0.71,7.0,7.0,0.0,0.0,-0.0,True,True,True,7.0,7.0,80.4,80.4,0.0,True,True
0.8,7,0.71,0.72,7.0,7.0,0.0,0.0,-0.0,True,True,True,7.0,7.0,80.4,80.4,0.0,True,True
0.8,7,0.72,0.73,7.0,7.0,0.0,0.0,-0.0,True,True,True,7.0,7.0,80.4,80.4,0.0,True,True
0.8,7,0.73,0.74,7.0,7.0,0.0,0.0,-0.0,True,True,True,7.0,7.0,80.4,80.4,0.0,True,True
0.8,7,0.74,0.75,7.0,7.0,0.0,0.0,-0.0,True,True,True,7.0,7.0,80.4,80.4,0.0,True,True
0.8,7,0.75,0.76,7.0,7.0,0.0,0.0,-0.0,True,True,True,7.0,7.0,80.4,80.4,0.0,True,True
0.8,7,0.76,0.77,7.0,7.0,0.0,0.0,-0.0,True,True,True,7.0,7.0,80.4,80.4,0.0,True,True
0.8,7,0.77,0.78,7.0,7.0,0.0,0.0,-0.0,True,True,True,7.0,7.0,80.4,80.4,0.0,True,True
0.8,7,0.78,0.79,7.0,7.0,0.0,0.0,-0.0,True,True,True,7.0,7.0,80.4,80.4,0.0,True,True
0.8,7,0.79,0.7999999999999999,7.0,7.0,0.0,0.0,-0.0,True,True,True,7.0,7.0,80.4,80.4,0.0,True,True
0.8,7,0.7999999999999999,0.8099999999999999,7.0,7.0,0.0,0.0,-0.0,True,True,True,7.0,7.0,80.4,80.4,0.0,True,True
0.8,7,0.8099999999999999,0.82,7.0,7.0,0.0,0.0,-0.0,True,True,True,7.0,7.0,80.4,80.4,0.0,True,True
0.8,7,0.82,0.83,7.0,7.0,0.0,0.0,-0.0,True,True,True,7.0,7.0,80.4,80.4,0.0,True,True
0.8,7,0.83,0.84,7.0,7.0,0.0,0.0,-0.0,True,True,True,7.0,7.0,80.4,80.4,0.0,True,True
0.8,7,0.84,0.85,7.0,7.0,0.0,0.0,-0.0,True,True,True,7.0,7.0,80.4,80.4,0.0,True,True
0.8,7,0.85,0.86,7.0,7.0,0.0,0.0,-0.0,True,True,True,7.0,7.0,80.4,80.4,0.0,True,True
0.8,7,0.86,0.87,7.0,7.0,0.0,0.0,-0.0,True,True,True,7.0,7.0,80.4,80.4,0.0,True,True
0.8,7,0.87,0.88,7.0,7.0,0.0,0.0,-0.0,True,True,True,7.0,7.0,80.4,80.4,0.0,True,True
0.8,7,0.88,0.89,7.0,7.0,0.0,0.0,-0.0,True,True,True,7.0,7.0,80.4,80.4,0.0,True,True
0.8,7,0.89,0.9,7.0,7.0,0.0,0.0,-0.0,True,True,True,7.0,7.0,80.4,80.4,0.0,True,True
0.8,7,0.9,0.91,7.0,7.0,0.0,0.0,-0.0,True,True,True,7.0,7.0,80.4,80.4,0.0,True,True
0.8,7,0.91,0.9199999999999999,7.0,7.0,0.0,0.0,-0.0,True,True,True,7.0,6.1635,80.4,77.21858290617305,3.1814170938269513,True,True
0.8,7,0.9199999999999999,0.9299999999999999,7.0,7.0,0.0,0.0,-0.0,True,True,True,7.0,5.4075,80.4,75.8688926494561,4.5311073505439055,True,True
0.8,7,0.9299999999999999,0.94,7.0,7.0,0.0,0.0,-0.0,True,True,True,7.0,4.732,80.4,75.86738347175562,4.5326165282443895,True,True
0.8,7,0.94,0.95,7.0,6.132000000000001,-0.8679999999999994,0.0,-0.0,True,True,True,7.0,4.1125,80.4,76.8735225901201,3.5264774098799023,True,True
0.8,7,0.95,0.96,6.132000000000001,4.634,-1.4980000000000002,0.8679999999999994,-0.04452257952839387,True,True,True,6.132000000000001,3.5245,80.60483075694708,78.70282085272243,1.9020099042246557,True,True
0.8,7,0.96,0.97,4.634,3.4125,-1.2215000000000003,2.3659999999999997,-0.09658483903492371,True,True,True,4.634,2.9505,82.20370421840181,81.28102268307136,0.9226815353304545,True,True
0.8,7,0.97,0.98,3.4125,2.2960000000000003,-1.1164999999999998,3.5875,-0.109272406851392,True,True,True,3.4125,2.387,84.99055502567977,84.61253559319748,0.3780194324822901,True,True
0.8,7,0.98,0.99,2.2960000000000003,1.1865,-1.1095000000000002,4.704,-0.09503353522161156,True,True,True,2.2960000000000003,1.8165,88.82559749566862,88.73772992836186,0.08786756730675904,True,True
0.8,8,0.7,0.71,8.0,8.0,0.0,0.0,-0.0,True,True,True,8.0,8.0,74.4,74.4,0.0,True,True
0.8,8,0.71,0.72,8.0,8.0,0.0,0.0,-0.0,True,True,True,8.0,8.0,74.4,74.4,0.0,True,True
0.8,8,0.72,0.73,8.0,8.0,0.0,0.0,-0.0,True,True,True,8.0,8.0,74.4,74.4,0.0,True,True
0.8,8,0.73,0.74,8.0,8.0,0.0,0.0,-0.0,True,True,True,8.0,8.0,74.4,74.4,0.0,True,True
0.8,8,0.74,0.75,8.0,8.0,0.0,0.0,-0.0,True,True,True,8.0,8.0,74.4,74.4,0.0,True,True
0.8,8,0.75,0.76,8.0,8.0,0.0,0.0,-0.0,True,True,True,8.0,8.0,74.4,74.4,0.0,True,True
0.8,8,0.76,0.77,8.0,8.0,0.0,0.0,-0.0,True,True,True,8.0,8.0,74.4,74.4,0.0,True,True
0.8,8,0.77,0.78,8.0,8.0,0.0,0.0,-0.0,True,True,True,8.0,8.0,74.4,74.4,0.0,True,True
0.8,8,0.78,0.79,8.0,8.0,0.0,0.0,-0.0,True,True,True,8.0,8.0,74.4,74.4,0.0,True,True
0.8,8,0.79,0.7999999999999999,8.0,8.0,0.0,0.0,-0.0,True,True,True,8.0,8.0,74.4,74.4,0.0,True,True
0.8,8,0.7999999999999999,0.8099999999999999,8.0,8.0,0.0,0.0,-0.0,True,True,True,8.0,8.0,74.4,74.4,0.0,True,True
0.8,8,0.8099999999999999,0.82,8.0,8.0,0.0,0.0,-0.0,True,True,True,8.0,8.0,74.4,74.4,0.0,True,True
0.8,8,0.82,0.83,8.0,8.0,0.0,0.0,-0.0,True,True,True,8.0,8.0,74.4,74.4,0.0,True,True
0.8,8,0.83,0.84,8.0,8.0,0.0,0.0,-0.0,True,True,True,8.0,8.0,74.4,74.4,0.0,True,True
0.8,8,0.84,0.85,8.0,8.0,0.0,0.0,-0.0,True,True,True,8.0,8.0,74.4,74.4,0.0,True,True
0.8,8,0.85,0.86,8.0,8.0,0.0,0.0,-0.0,True,True,True,8.0,8.0,74.4,74.4,0.0,True,True
0.8,8,0.86,0.87,8.0,8.0,0.0,0.0,-0.0,True,True,True,8.0,8.0,74.4,74.4,0.0,True,True
0.8,8,0.87,0.88,8.0,8.0,0.0,0.0,-0.0,True,True,True,8.0,8.0,74.4,74.4,0.0,True,True
0.8,8,0.88,0.89,8.0,8.0,0.0,0.0,-0.0,True,True,True,8.0,8.0,74.4,74.4,0.0,True,True
0.8,8,0.89,0.9,8.0,8.0,0.0,0.0,-0.0,True,True,True,8.0,7.5,74.4,71.83981132056604,2.5601886794339634,True,True
0.8,8,0.9,0.91,8.0,8.0,0.0,0.0,-0.0,True,True,True,8.0,6.588,74.4,68.816114289469,5.583885710531007,True,True
0.8,8,0.91,0.9199999999999999,8.0,8.0,0.0,0.0,-0.0,True,True,True,8.0,5.836,74.4,67.91547765785586,6.484522342144146,True,True
0.8,8,0.9199999999999999,0.9299999999999999,8.0,8.0,0.0,0.0,-0.0,True,True,True,8.0,5.172,74.4,68.29377899010869,6.106221009891314,True,True
0.8,8,0.9299999999999999,0.94,8.0,7.496,-0.5039999999999996,0.0,-0.0,True,True,True,8.0,4.564,74.4,69.59845236978258,4.801547630217428,True,True
0.8,8,0.94,0.95,7.496,5.696,-1.8000000000000007,0.5039999999999996,-0.03118520347391609,True,True,True,7.496,3.996,74.45359754576535,71.6683683282806,2.785229217484755,True,True
0.8,8,0.95,0.96,5.696,4.408,-1.2879999999999994,2.3040000000000003,-0.11817975026891654,True,True,True,5.696,3.444,75.875865961627,74.41608515830231,1.4597808033246906,True,True
0.8,8,0.96,0.97,4.408,3.3000000000000003,-1.108,3.5919999999999996,-0.14663260431675654,True,True,True,4.408,2.904,78.58893501676609,77.8450713201601,0.7438636966059846,True,True
0.8,8,0.97,0.98,3.3000000000000003,2.248,-1.052,4.699999999999999,-0.14315827517813026,True,True,True,3.3000000000000003,2.36,82.30568940968087,81.9877666132712,0.31792279640966115,True,True
0.8,8,0.98,0.99,2.248,1.172,-1.0760000000000003,5.752,-0.11620597249037197,True,True,True,2.248,1.804,87.0077812785876,86.9323955262041,0.07538575238349665,True,True
0.8,9,0.7,0.71,9.0,9.0,0.0,0.0,-0.0,True,True,True,9.0,9.0,67.6,67.6,0.0,True,True
0.8,9,0.71,0.72,9.0,9.0,0.0,0.0,-0.0,True,True,True,9.0,9.0,67.6,67.6,0.0,True,True
0.8,9,0.72,0.73,9.0,9.0,0.0,0.0,-0.0,True,True,True,9.0,9.0,67.6,67.6,0.0,True,True
0.8,9,0.73,0.74,9.0,9.0,0.0,0.0,-0.0,True,True,True,9.0,9.0,67.6,67.6,0.0,True,True
0.8,9,0.74,0.75,9.0,9.0,0.0,0.0,-0.0,True,True,True,9.0,9.0,67.6,67.6,0.0,True,True
0.8,9,0.75,0.76,9.0,9.0,0.0,0.0,-0.0,True,True,True,9.0,9.0,67.6,67.6,0.0,True,True
0.8,9,0.76,0.77,9.0,9.0,0.0,0.0,-0.0,True,True,True,9.0,9.0,67.6,67.6,0.0,True,True
0.8,9,0.77,0.78,9.0,9.0,0.0,0.0,-0.0,True,True,True,9.0,9.0,67.6,67.6,0.0,True,True
0.8,9,0.78,0.79,9.0,9.0,0.0,0.0,-0.0,True,True,True,9.0,9.0,67.6,67.6,0.0,True,True
0.8,9,0.79,0.7999999999999999,9.0,9.0,0.0,0.0,-0.0,True,True,True,9.0,9.0,67.6,67.6,0.0,True,True
0.8,9,0.7999999999999999,0.8099999999999999,9.0,9.0,0.0,0.0,-0.0,True,True,True,9.0,9.0,67.6,67.6,0.0,True,True
0.8,9,0.8099999999999999,0.82,9.0,9.0,0.0,0.0,-0.0,True,True,True,9.0,9.0,67.6,67.6,0.0,True,True
0.8,9,0.82,0.83,9.0,9.0,0.0,0.0,-0.0,True,True,True,9.0,9.0,67.6,67.6,0.0,True,True
0.8,9,0.83,0.84,9.0,9.0,0.0,0.0,-0.0,True,True,True,9.0,9.0,67.6,67.6,0.0,True,True
0.8,9,0.84,0.85,9.0,9.0,0.0,0.0,-0.0,True,True,True,9.0,9.0,67.6,67.6,0.0,True,True
0.8,9,0.85,0.86,9.0,9.0,0.0,0.0,-0.0,True,True,True,9.0,9.0,67.6,67.6,0.0,True,True
0.8,9,0.86,0.87,9.0,9.0,0.0,0.0,-0.0,True,True,True,9.0,9.0,67.6,67.6,0.0,True,True
0.8,9,0.87,0.88,9.0,9.0,0.0,0.0,-0.0,True,True,True,9.0,9.0,67.6,67.6,0.0,True,True
0.8,9,0.88,0.89,9.0,9.0,0.0,0.0,-0.0,True,True,True,9.0,7.811999999999999,67.6,61.499397791953015,6.100602208046979,True,True
0.8,9,0.89,0.9,9.0,9.0,0.0,0.0,-0.0,True,True,True,9.0,6.9075,67.6,59.27532838016172,8.324671619838277,True,True
0.8,9,0.9,0.91,9.0,9.0,0.0,0.0,-0.0,True,True,True,9.0,6.169499999999999,67.6,58.98849488522475,8.611505114775241,True,True
0.8,9,0.91,0.9199999999999999,9.0,9.0,0.0,0.0,-0.0,True,True,True,9.0,5.5305,67.6,59.85859597519495,7.741404024805043,True,True
0.8,9,0.9199999999999999,0.9299999999999999,9.0,9.0,0.0,0.0,-0.0,True,True,True,9.0,4.949999999999999,67.6,61.540247737109155,6.059752262890839,True,True
0.8,9,0.9299999999999999,0.94,9.0,6.7139999999999995,-2.2860000000000005,0.0,-0.0,True,True,True,9.0,4.4055,67.6,63.883115952719564,3.7168840472804305,True,True
0.8,9,0.94,0.95,6.7139999999999995,5.305499999999999,-1.4085,2.2860000000000005,-0.1414471728995481,True,True,True,6.7139999999999995,3.8834999999999997,68.77898496341135,66.83064195237381,1.9483430110375366,True,True
0.8,9,0.95,0.96,5.305499999999999,4.194,-1.1114999999999995,3.6945000000000006,-0.18950307611480563,True,True,True,5.305499999999999,3.3705,71.47768508079065,70.37542047918214,1.1022646016085105,True,True
0.8,9,0.96,0.97,4.194,3.1904999999999997,-1.0035000000000003,4.806,-0.19619050566434632,True,True,True,4.194,2.8575,75.1497107606773,74.5556375819268,0.5940731787504916,True,True
0.8,9,0.97,0.98,3.1904999999999997,2.2005,-0.9899999999999998,5.8095,-0.17695276588241446,True,True,True,3.1904999999999997,2.331,79.71021962464307,79.44358846835348,0.26663115628959133,True,True
0.8,9,0.98,0.99,2.2005,1.1609999999999998,-1.0395,6.7995,-0.13736830840547362,True,True,True,2.2005,1.7954999999999999,85.22803303030942,85.1651030632038,0.06292996710561738,True,True
0.8,10,0.7,0.71,10.0,10.0,0.0,0.0,-0.0,True,True,True,10.0,10.0,60.0,60.0,0.0,True,True
0.8,10,0.71,0.72,10.0,10.0,0.0,0.0,-0.0,True,True,True,10.0,10.0,60.0,60.0,0.0,True,True
0.8,10,0.72,0.73,10.0,10.0,0.0,0.0,-0.0,True,True,True,10.0,10.0,60.0,60.0,0.0,True,True
0.8,10,0.73,0.74,10.0,10.0,0.0,0.0,-0.0,True,True,True,10.0,10.0,60.0,60.0,0.0,True,True
0.8,10,0.74,0.75,10.0,10.0,0.0,0.0,-0.0,True,True,True,10.0,10.0,60.0,60.0,0.0,True,True
0.8,10,0.75,0.76,10.0,10.0,0.0,0.0,-0.0,True,True,True,10.0,10.0,60.0,60.0,0.0,True,True
0.8,10,0.76,0.77,10.0,10.0,0.0,0.0,-0.0,True,True,True,10.0,10.0,60.0,60.0,0.0,True,True
0.8,10,0.77,0.78,10.0,10.0,0.0,0.0,-0.0,True,True,True,10.0,10.0,60.0,60.0,0.0,True,True
0.8,10,0.78,0.79,10.0,10.0,0.0,0.0,-0.0,True,True,True,10.0,10.0,60.0,60.0,0.0,True,True
0.8,10,0.79,0.7999999999999999,10.0,10.0,0.0,0.0,-0.0,True,True,True,10.0,10.0,60.0,60.0,0.0,True,True
0.8,10,0.7999999999999999,0.8099999999999999,10.0,10.0,0.0,0.0,-0.0,True,True,True,10.0,10.0,60.0,60.0,0.0,True,True
0.8,10,0.8099999999999999,0.82,10.0,10.0,0.0,0.0,-0.0,True,True,True,10.0,10.0,60.0,60.0,0.0,True,True
0.8,10,0.82,0.83,10.0,10.0,0.0,0.0,-0.0,True,True,True,10.0,10.0,60.0,60.0,0.0,True,True
0.8,10,0.83,0.84,10.0,10.0,0.0,0.0,-0.0,True,True,True,10.0,10.0,60.0,60.0,0.0,True,True
0.8,10,0.84,0.85,10.0,10.0,0.0,0.0,-0.0,True,True,True,10.0,10.0,60.0,60.0,0.0,True,True
0.8,10,0.85,0.86,10.0,10.0,0.0,0.0,-0.0,True,True,True,10.0,10.0,60.0,60.0,0.0,True,True
0.8,10,0.86,0.87,10.0,10.0,0.0,0.0,-0.0,True,True,True,10.0,9.16,60.0,54.53832610324952,5.461673896750483,True,True
0.8,10,0.87,0.88,10.0,10.0,0.0,0.0,-0.0,True,True,True,10.0,7.94,60.0,49.84275017031967,10.157249829680332,True,True
0.8,10,0.88,0.89,10.0,10.0,0.0,0.0,-0.0,True,True,True,10.0,7.08,60.0,48.79713466551033,11.202865334489672,True,True
0.8,10,0.89,0.9,10.0,10.0,0.0,0.0,-0.0,True,True,True,10.0,6.390000000000001,60.0,49.32671333168442,10.673286668315583,True,True
0.8,10,0.9,0.91,10.0,10.0,0.0,0.0,-0.0,True,True,True,10.0,5.79,60.0,50.764634076492285,9.235365923507715,True,True
0.8,10,0.91,0.9199999999999999,10.0,10.0,0.0,0.0,-0.0,True,True,True,10.0,5.25,60.0,52.86701920414816,7.132980795851843,True,True
0.8,10,0.9199999999999999,0.9299999999999999,10.0,7.65,-2.3499999999999996,0.0,-0.0,True,True,True,10.0,4.74,60.0,55.507651814705675,4.4923481852943254,True,True
0.8,10,0.9299999999999999,0.94,7.65,6.0600000000000005,-1.5899999999999999,2.3499999999999996,-0.1705411281618634,True,True,True,7.65,4.255,60.91184093035068,58.66544464366151,2.246396286689169,True,True
0.8,10,0.94,0.95,6.0600000000000005,4.95,-1.1100000000000003,3.9399999999999995,-0.24378909064926482,True,True,True,6.0600000000000005,3.775,63.6758496558183,62.33294840263787,1.342901253180429,True,True
0.8,10,0.95,0.96,4.95,3.995,-0.9550000000000001,5.05,-0.2590311366571304,True,True,True,4.95,3.295,67.37889914290037,66.55564535975329,0.8232537831470808,True,True
0.8,10,0.96,0.97,3.995,3.085,-0.9100000000000001,6.005,-0.24513607709413227,True,True,True,3.995,2.81,71.87579373290717,71.40572615714558,0.47006757576158975,True,True
0.8,10,0.97,0.98,3.085,2.1550000000000002,-0.9299999999999997,6.915,-0.2106254197567598,True,True,True,3.085,2.305,77.20085490651572,76.98062064579908,0.2202342607166372,True,True
0.8,10,0.98,0.99,2.1550000000000002,1.1500000000000001,-1.0050000000000001,7.845,-0.15849023890594022,True,True,True,2.1550000000000002,1.78,83.48551941734131,83.43165157201956,0.053867845321747154,True,True
0.8,11,0.7,0.71,11.0,11.0,0.0,0.0,-0.0,True,True,True,11.0,11.0,51.599999999999994,51.599999999999994,0.0,True,True
0.8,11,0.71,0.72,11.0,11.0,0.0,0.0,-0.0,True,True,True,11.0,11.0,51.599999999999994,51.599999999999994,0.0,True,True
0.8,11,0.72,0.73,11.0,11.0,0.0,0.0,-0.0,True,True,True,11.0,11.0,51.599999999999994,51.599999999999994,0.0,True,True
0.8,11,0.73,0.74,11.0,11.0,0.0,0.0,-0.0,True,True,True,11.0,11.0,51.599999999999994,51.599999999999994,0.0,True,True
0.8,11,0.74,0.75,11.0,11.0,0.0,0.0,-0.0,True,True,True,11.0,11.0,51.599999999999994,51.599999999999994,0.0,True,True
0.8,11,0.75,0.76,11.0,11.0,0.0,0.0,-0.0,True,True,True,11.0,11.0,51.599999999999994,51.599999999999994,0.0,True,True
0.8,11,0.76,0.77,11.0,11.0,0.0,0.0,-0.0,True,True,True,11.0,11.0,51.599999999999994,51.599999999999994,0.0,True,True
0.8,11,0.77,0.78,11.0,11.0,0.0,0.0,-0.0,True,True,True,11.0,11.0,51.599999999999994,51.599999999999994,0.0,True,True
0.8,11,0.78,0.79,11.0,11.0,0.0,0.0,-0.0,True,True,True,11.0,11.0,51.599999999999994,51.599999999999994,0.0,True,True
0.8,11,0.79,0.7999999999999999,11.0,11.0,0.0,0.0,-0.0,True,True,True,11.0,11.0,51.599999999999994,51.599999999999994,0.0,True,True
0.8,11,0.7999999999999999,0.8099999999999999,11.0,11.0,0.0,0.0,-0.0,True,True,True,11.0,11.0,51.599999999999994,51.599999999999994,0.0,True,True
0.8,11,0.8099999999999999,0.82,11.0,11.0,0.0,0.0,-0.0,True,True,True,11.0,11.0,51.599999999999994,51.599999999999994,0.0,True,True
0.8,11,0.82,0.83,11.0,11.0,0.0,0.0,-0.0,True,True,True,11.0,11.0,51.599999999999994,51.599999999999994,0.0,True,True
0.8,11,0.83,0.84,11.0,11.0,0.0,0.0,-0.0,True,True,True,11.0,11.0,51.599999999999994,51.599999999999994,0.0,True,True
0.8,11,0.84,0.85,11.0,11.0,0.0,0.0,-0.0,True,True,True,11.0,11.0,51.599999999999994,51.599999999999994,0.0,True,True
0.8,11,0.85,0.86,11.0,11.0,0.0,0.0,-0.0,True,True,True,11.0,8.8935,51.599999999999994,39.37250089918509,12.227499100814903,True,True
0.8,11,0.86,0.87,11.0,11.0,0.0,0.0,-0.0,True,True,True,11.0,7.832,51.599999999999994,37.478102972538494,14.1218970274615,True,True
0.8,11,0.87,0.88,11.0,11.0,0.0,0.0,-0.0,True,True,True,11.0,7.0785,51.599999999999994,37.87742777296515,13.722572227034846,True,True
0.8,11,0.88,0.89,11.0,11.0,0.0,0.0,-0.0,True,True,True,11.0,6.468,51.599999999999994,39.29274550128093,12.307254498719061,True,True
0.8,11,0.89,0.9,11.0,11.0,0.0,0.0,-0.0,True,True,True,11.0,5.9345,51.599999999999994,41.32867165435461,10.271328345645387,True,True
0.8,11,0.9,0.91,11.0,11.0,0.0,0.0,-0.0,True,True,True,11.0,5.444999999999999,51.599999999999994,43.83590947769452,7.764090522305473,True,True
0.8,11,0.91,0.9199999999999999,11.0,8.370999999999999,-2.6290000000000013,0.0,-0.0,True,True,True,11.0,4.988499999999999,51.599999999999994,46.77131613594486,4.828683864055137,True,True
0.8,11,0.9199999999999999,0.9299999999999999,8.370999999999999,6.5835,-1.7874999999999988,2.6290000000000013,-0.21921024990076554,True,True,True,8.370999999999999,4.5485,52.28582735962842,50.11966150835667,2.1661658512717494,True,True
0.8,11,0.9299999999999999,0.94,6.5835,5.5055,-1.0780000000000003,4.4165,-0.32050846490505097,True,True,True,6.5835,4.108499999999999,55.241002062463174,53.89382275941089,1.347179303052286,True,True
0.8,11,0.94,0.95,5.5055,4.6255,-0.8799999999999999,5.4945,-0.339974405729032,True,True,True,5.5055,3.6685,59.054641923824796,58.14801386389428,0.9066280599305188,True,True
0.8,11,0.95,0.96,4.6255,3.8059999999999996,-0.8195000000000001,6.3745,-0.3269691050734412,True,True,True,4.6255,3.223,63.55250202000301,62.95015525870098,0.6023467613020301,True,True
0.8,11,0.96,0.97,3.8059999999999996,2.981,-0.8249999999999997,7.194000000000001,-0.2936734285787157,True,True,True,3.8059999999999996,2.7609999999999997,68.75773731921319,68.3893111389021,0.36842618031109,True,True
0.8,11,0.97,0.98,2.981,2.112,-0.8689999999999998,8.019,-0.24425238481987807,True,True,True,2.981,2.2824999999999998,74.77444748286491,74.59616388487655,0.17828359798836857,True,True
0.8,11,0.98,0.99,2.112,1.1384999999999998,-0.9735000000000003,8.888,-0.17956166263811302,True,True,True,2.112,1.771,81.77942458081908,81.73536397538682,0.04406060543226431,True,True
0.8,12,0.7,0.71,12.0,12.0,0.0,0.0,-0.0,True,True,True,12.0,12.0,42.4,42.4,0.0,True,True
0.8,12,0.71,0.72,12.0,12.0,0.0,0.0,-0.0,True,True,True,12.0,12.0,42.4,42.4,0.0,True,True
0.8,12,0.72,0.73,12.0,12.0,0.0,0.0,-0.0,True,True,True,12.0,12.0,42.4,42.4,0.0,True,True
0.8,12,0.73,0.74,12.0,12.0,0.0,0.0,-0.0,True,True,True,12.0,12.0,42.4,42.4,0.0,True,True
0.8,12,0.74,0.75,12.0,12.0,0.0,0.0,-0.0,True,True,True,12.0,12.0,42.4,42.4,0.0,True,True
0.8,12,0.75,0.76,12.0,12.0,0.0,0.0,-0.0,True,True,True,12.0,12.0,42.4,42.4,0.0,True,True
0.8,12,0.76,0.77,12.0,12.0,0.0,0.0,-0.0,True,True,True,12.0,12.0,42.4,42.4,0.0,True,True
0.8,12,0.77,0.78,12.0,12.0,0.0,0.0,-0.0,True,True,True,12.0,12.0,42.4,42.4,0.0,True,True
0.8,12,0.78,0.79,12.0,12.0,0.0,0.0,-0.0,True,True,True,12.0,12.0,42.4,42.4,0.0,True,True
0.8,12,0.79,0.7999999999999999,12.0,12.0,0.0,0.0,-0.0,True,True,True,12.0,12.0,42.4,42.4,0.0,True,True
0.8,12,0.7999999999999999,0.8099999999999999,12.0,12.0,0.0,0.0,-0.0,True,True,True,12.0,12.0,42.4,42.4,0.0,True,True
0.8,12,0.8099999999999999,0.82,12.0,12.0,0.0,0.0,-0.0,True,True,True,12.0,12.0,42.4,42.4,0.0,True,True
0.8,12,0.82,0.83,12.0,12.0,0.0,0.0,-0.0,True,True,True,12.0,12.0,42.4,42.4,0.0,True,True
0.8,12,0.83,0.84,12.0,12.0,0.0,0.0,-0.0,True,True,True,12.0,9.582,42.4,27.0021893897433,15.397810610256698,True,True
0.8,12,0.84,0.85,12.0,12.0,0.0,0.0,-0.0,True,True,True,12.0,8.25,42.4,24.780266078546695,17.619733921453303,True,True
0.8,12,0.85,0.86,12.0,12.0,0.0,0.0,-0.0,True,True,True,12.0,7.47,42.4,25.572164875660796,16.827835124339202,True,True
0.8,12,0.86,0.87,12.0,12.0,0.0,0.0,-0.0,True,True,True,12.0,6.882000000000001,42.4,27.268114522842094,15.131885477157905,True,True
0.8,12,0.87,0.88,12.0,12.0,0.0,0.0,-0.0,True,True,True,12.0,6.384,42.4,29.442447968701135,12.957552031298864,True,True
0.8,12,0.88,0.89,12.0,12.0,0.0,0.0,-0.0,True,True,True,12.0,5.94,42.4,31.972133171583508,10.42786682841649,True,True
0.8,12,0.89,0.9,12.0,12.0,0.0,0.0,-0.0,True,True,True,12.0,5.526,42.4,34.81272249790747,7.587277502092526,True,True
0.8,12,0.9,0.91,12.0,8.376,-3.6240000000000006,0.0,-0.0,True,True,True,12.0,5.136,42.4,37.96857842864501,4.4314215713549885,True,True
0.8,12,0.91,0.9199999999999999,8.376,6.702,-1.6739999999999995,3.6240000000000006,-0.3417819024037785,True,True,True,8.376,4.746,42.987364284074374,41.44310819602903,1.5442560880453442,True,True
0.8,12,0.9199999999999999,0.9299999999999999,6.702,5.772,-0.9299999999999997,5.298,-0.44175576415909296,True,True,True,6.702,4.362,46.32394211251764,45.28379311924549,1.0401489932721546,True,True
0.8,12,0.9299999999999999,0.94,5.772,5.022,-0.75,6.228,-0.45197027497535547,True,True,True,5.772,3.972,50.31091496496015,49.53387694133948,0.7770380236206691,True,True
0.8,12,0.94,0.95,5.022,4.3260000000000005,-0.6959999999999997,6.978,-0.43176656714481476,True,True,True,5.022,3.5700000000000003,54.84790051729373,54.25847457658841,0.5894259407053184,True,True
0.8,12,0.95,0.96,4.3260000000000005,3.624,-0.7020000000000004,7.6739999999999995,-0.3936247411300631,True,True,True,4.3260000000000005,3.156,59.9750057068472,59.5471397162113,0.42786599063590103,True,True
0.8,12,0.96,0.97,3.624,2.886,-0.738,8.376,-0.34192502610165726,True,True,True,3.624,2.718,65.78679602797789,65.50572975481194,0.2810662731659477,True,True
0.8,12,0.97,0.98,2.886,2.064,-0.8220000000000001,9.114,-0.27760521701563395,True,True,True,2.886,2.2560000000000002,72.42798644350702,72.28385664194009,0.14412980156693322,True,True
0.8,12,0.98,0.99,2.064,1.1280000000000001,-0.9359999999999999,9.936,-0.2007340999068734,True,True,True,2.064,1.758,80.10895594625157,80.07255861499767,0.03639733125389455,True,True
0.8,13,0.7,0.71,13.0,13.0,0.0,0.0,-0.0,True,True,True,13.0,13.0,32.39999999999999,32.39999999999999,0.0,True,True
0.8,13,0.71,0.72,13.0,13.0,0.0,0.0,-0.0,True,True,True,13.0,13.0,32.39999999999999,32.39999999999999,0.0,True,True
0.8,13,0.72,0.73,13.0,13.0,0.0,0.0,-0.0,True,True,True,13.0,13.0,32.39999999999999,32.39999999999999,0.0,True,True
0.8,13,0.73,0.74,13.0,13.0,0.0,0.0,-0.0,True,True,True,13.0,13.0,32.39999999999999,32.39999999999999,0.0,True,True
0.8,13,0.74,0.75,13.0,13.0,0.0,0.0,-0.0,True,True,True,13.0,13.0,32.39999999999999,32.39999999999999,0.0,True,True
0.8,13,0.75,0.76,13.0,13.0,0.0,0.0,-0.0,True,True,True,13.0,13.0,32.39999999999999,32.39999999999999,0.0,True,True
0.8,13,0.76,0.77,13.0,13.0,0.0,0.0,-0.0,True,True,True,13.0,13.0,32.39999999999999,32.39999999999999,0.0,True,True
0.8,13,0.77,0.78,13.0,13.0,0.0,0.0,-0.0,True,True,True,13.0,13.0,32.39999999999999,32.39999999999999,0.0,True,True
0.8,13,0.78,0.79,13.0,13.0,0.0,0.0,-0.0,True,True,True,13.0,13.0,32.39999999999999,32.39999999999999,0.0,True,True
0.8,13,0.79,0.7999999999999999,13.0,13.0,0.0,0.0,-0.0,True,True,True,13.0,13.0,32.39999999999999,32.39999999999999,0.0,True,True
0.8,13,0.7999999999999999,0.8099999999999999,13.0,13.0,0.0,0.0,-0.0,True,True,True,13.0,13.0,32.39999999999999,32.39999999999999,0.0,True,True
0.8,13,0.8099999999999999,0.82,13.0,13.0,0.0,0.0,-0.0,True,True,True,13.0,8.969999999999999,32.39999999999999,10.591093845489326,21.808906154510666,True,True
0.8,13,0.82,0.83,13.0,13.0,0.0,0.0,-0.0,True,True,True,13.0,7.943,32.39999999999999,11.420477777474698,20.979522222525294,True,True
0.8,13,0.83,0.84,13.0,13.0,0.0,0.0,-0.0,True,True,True,13.0,7.345,32.39999999999999,13.285144573654875,19.114855426345116,True,True
0.8,13,0.84,0.85,13.0,13.0,0.0,0.0,-0.0,True,True,True,13.0,6.8835,32.39999999999999,15.470409923863826,16.929590076136165,True,True
0.8,13,0.85,0.86,13.0,13.0,0.0,0.0,-0.0,True,True,True,13.0,6.4935,32.39999999999999,17.868538117200547,14.531461882799444,True,True
0.8,13,0.86,0.87,13.0,13.0,0.0,0.0,-0.0,True,True,True,13.0,6.136,32.39999999999999,20.45361997878814,11.946380021211851,True,True
0.8,13,0.87,0.88,13.0,13.0,0.0,0.0,-0.0,True,True,True,13.0,5.8045,32.39999999999999,23.235343311051185,9.164656688948806,True,True
0.8,13,0.88,0.89,13.0,13.0,0.0,0.0,-0.0,True,True,True,13.0,5.4795,32.39999999999999,26.226866805423427,6.173133194576565,True,True
0.8,13,0.89,0.9,13.0,6.994,-6.006,0.0,-0.0,True,True,True,13.0,5.1674999999999995,32.39999999999999,29.460613015523485,2.9393869844765064,True,True
0.8,13,0.9,0.91,6.994,6.2204999999999995,-0.7735000000000003,6.006,-0.6327952570409047,True,True,True,6.994,4.842499999999999,33.544100478074746,32.958363349104346,0.5857371289704005,True,True
0.8,13,0.91,0.9199999999999999,6.2204999999999995,5.6419999999999995,-0.5785,6.7795000000000005,-0.6393792514752804,True,True,True,6.2204999999999995,4.5175,37.28413606488534,36.77020802783943,0.5139280370459076,True,True
0.8,13,0.9199999999999999,0.9299999999999999,5.6419999999999995,5.122,-0.5199999999999996,7.3580000000000005,-0.6135218785735383,True,True,True,5.6419999999999995,4.186,41.41119630995236,40.94507988922313,0.46611642072922876,True,True
0.8,13,0.9299999999999999,0.94,5.122,4.601999999999999,-0.5200000000000005,7.878,-0.5717119181528341,True,True,True,5.122,3.835,45.96185976449163,45.53878551298472,0.423074251506911,True,True
0.8,13,0.94,0.95,4.601999999999999,4.0495,-0.5524999999999993,8.398,-0.5196296404244991,True,True,True,4.601999999999999,3.4709999999999996,51.002715912706805,50.635175014090585,0.36754089861621964,True,True
0.8,13,0.95,0.96,4.0495,3.4579999999999997,-0.5915000000000004,8.9505,-0.45910063141577145,True,True,True,4.0495,3.0875,56.62578565732491,56.329958276423206,0.2958273809017058,True,True
0.8,13,0.96,0.97,3.4579999999999997,2.7885,-0.6694999999999998,9.542,-0.3895234717122748,True,True,True,3.4579999999999997,2.678,62.954853213624375,62.74640711973863,0.20844609388574753,True,True
0.8,13,0.97,0.98,2.7885,2.0215,-0.7669999999999999,10.211500000000001,-0.3110341972301016,True,True,True,2.7885,2.2295,70.1585890512752,70.04364741009469,0.11494164118050776,True,True
0.8,13,0.98,0.99,2.0215,1.1179999999999999,-0.9035000000000002,10.9785,-0.22179542228538746,True,True,True,2.0215,1.7485,78.47333815306072,78.44441595620228,0.02892219685844566,True,True
0.8,14,0.7,0.71,14.0,14.0,0.0,0.0,-0.0,True,True,True,14.0,14.0,21.599999999999994,21.599999999999994,0.0,True,True
0.8,14,0.71,0.72,14.0,14.0,0.0,0.0,-0.0,True,True,True,14.0,14.0,21.599999999999994,21.599999999999994,0.0,True,True
0.8,14,0.72,0.73,14.0,14.0,0.0,0.0,-0.0,True,True,True,14.0,14.0,21.599999999999994,21.599999999999994,0.0,True,True
0.8,14,0.73,0.74,14.0,14.0,0.0,0.0,-0.0,True,True,True,14.0,14.0,21.599999999999994,21.599999999999994,0.0,True,True
0.8,14,0.74,0.75,14.0,14.0,0.0,0.0,-0.0,True,True,True,14.0,14.0,21.599999999999994,21.599999999999994,0.0,True,True
0.8,14,0.75,0.76,14.0,14.0,0.0,0.0,-0.0,True,True,True,14.0,14.0,21.599999999999994,21.599999999999994,0.0,True,True
0.8,14,0.76,0.77,14.0,14.0,0.0,0.0,-0.0,True,True,True,14.0,14.0,21.599999999999994,21.599999999999994,0.0,True,True
0.8,14,0.77,0.78,14.0,14.0,0.0,0.0,-0.0,True,True,True,14.0,14.0,21.599999999999994,21.599999999999994,0.0,True,True
0.8,14,0.78,0.79,14.0,14.0,0.0,0.0,-0.0,True,True,True,14.0,14.0,21.599999999999994,21.599999999999994,0.0,True,True
0.8,14,0.79,0.7999999999999999,14.0,14.0,0.0,0.0,-0.0,True,True,True,14.0,7.014,21.599999999999994,-0.4110896629424907,22.011089662942485,True,True
0.8,14,0.7999999999999999,0.8099999999999999,14.0,14.0,0.0,0.0,-0.0,True,True,True,14.0,6.783,21.599999999999994,1.5765922319009462,20.023407768099048,True,True
0.8,14,0.8099999999999999,0.82,14.0,14.0,0.0,0.0,-0.0,True,True,True,14.0,6.566,21.599999999999994,3.6325161611741166,17.967483838825878,True,True
0.8,14,0.82,0.83,14.0,14.0,0.0,0.0,-0.0,True,True,True,14.0,6.363,21.599999999999994,5.773189363860954,15.82681063613904,True,True
0.8,14,0.83,0.84,14.0,14.0,0.0,0.0,-0.0,True,True,True,14.0,6.16,21.599999999999994,8.026261568302997,13.573738431696997,True,True
0.8,14,0.84,0.85,14.0,14.0,0.0,0.0,-0.0,True,True,True,14.0,5.95,21.599999999999994,10.411438274301116,11.188561725698879,True,True
0.8,14,0.85,0.86,14.0,14.0,0.0,0.0,-0.0,True,True,True,14.0,5.747,21.599999999999994,12.940163304906376,8.659836695093619,True,True
0.8,14,0.86,0.87,14.0,14.0,0.0,0.0,-0.0,True,True,True,14.0,5.53,21.599999999999994,15.641805996821985,5.95819400317801,True,True
0.8,14,0.87,0.88,14.0,5.166,-8.834,0.0,-0.0,True,True,True,14.0,5.313,21.599999999999994,18.53541222840555,3.064587771594443,True,True
0.8,14,0.88,0.89,5.166,5.264,0.09799999999999986,8.834,-1.129280003918323,False,False,False,5.166,5.075,21.651569885053554,21.650471119690124,0.001098765363430232,True,True
0.8,14,0.89,0.9,5.264,5.222,-0.041999999999999815,8.736,-1.0180394188119926,False,True,False,5.264,4.837,25.04638253240018,25.017791142179192,0.028591390220988444,True,True
0.8,14,0.9,0.91,5.222,5.089,-0.133,8.777999999999999,-0.924854606444399,True,True,True,5.222,4.578,28.75119403793184,28.67399391921183,0.07720011872000754,True,True
0.8,14,0.91,0.9199999999999999,5.089,4.865,-0.2240000000000002,8.911,-0.8404024647682311,True,True,True,5.089,4.312,32.79451261124146,32.667153408690105,0.1273592025513537,True,True
0.8,14,0.9199999999999999,0.9299999999999999,4.865,4.578,-0.2869999999999999,9.135,-0.7616909976582321,True,True,True,4.865,4.018,37.22033724400508,37.04636078697858,0.1739764570264981,True,True
0.8,14,0.9299999999999999,0.94,4.578,4.221,-0.3570000000000002,9.422,-0.6837610678898202,True,True,True,4.578,3.71,42.08828141838428,41.88466901878783,0.2036123995964445,True,True
0.8,14,0.94,0.95,4.221,3.801,-0.41999999999999993,9.779,-0.6050795729591779,True,True,True,4.221,3.3810000000000002,47.47636116104367,47.265110678027675,0.21125048301599492,True,True
0.8,14,0.95,0.96,3.801,3.297,-0.504,10.199,-0.5231403094586283,True,True,True,3.801,3.024,53.48660938490354,53.29224345834031,0.19436592656322915,True,True
0.8,14,0.96,0.97,3.297,2.702,-0.5950000000000002,10.703,-0.436917807350291,True,True,True,3.297,2.632,60.25436916962408,60.1013346206114,0.15303454901268054,True,True
0.8,14,0.97,0.98,2.702,1.981,-0.7209999999999999,11.298,-0.3441281261622375,True,True,True,2.702,2.205,67.9634885525412,67.87402625196792,0.08946230057327398,True,True
0.8,14,0.98,0.99,1.981,1.106,-0.875,12.019,-0.24281633924926646,True,True,True,1.981,1.736,76.87181228946021,76.84877828869374,0.023034000766472218,True,True
0.8,15,0.7,0.71,15.0,15.0,0.0,0.0,-0.0,True,True,True,15.0,15.0,10.0,10.0,0.0,True,True
0.8,15,0.71,0.72,15.0,15.0,0.0,0.0,-0.0,True,True,True,15.0,15.0,10.0,10.0,0.0,True,True
0.8,15,0.72,0.73,15.0,15.0,0.0,0.0,-0.0,True,True,True,15.0,15.0,10.0,10.0,0.0,True,True
0.8,15,0.73,0.74,15.0,15.0,0.0,0.0,-0.0,True,True,True,15.0,15.0,10.0,10.0,0.0,True,True
0.8,15,0.74,0.75,15.0,15.0,0.0,0.0,-0.0,True,True,True,15.0,15.0,10.0,10.0,0.0,True,True
0.8,15,0.75,0.76,15.0,15.0,0.0,0.0,-0.0,True,True,True,15.0,5.04,10.0,-4.464112695400583,14.464112695400583,True,True
0.8,15,0.76,0.77,15.0,15.0,0.0,0.0,-0.0,True,True,True,15.0,5.175,10.0,-3.9670699917016847,13.967069991701685,True,True
0.8,15,0.77,0.78,15.0,15.0,0.0,0.0,-0.0,True,True,True,15.0,5.2875,10.0,-3.284625322005038,13.284625322005038,True,True
0.8,15,0.78,0.79,15.0,15.0,0.0,0.0,-0.0,True,True,True,15.0,5.3625,10.0,-2.381157623042448,12.381157623042448,True,True
0.8,15,0.79,0.7999999999999999,15.0,15.0,0.0,0.0,-0.0,True,True,True,15.0,5.415,10.0,-1.2875636522498741,11.287563652249874,True,True
0.8,15,0.7999999999999999,0.8099999999999999,15.0,15.0,0.0,0.0,-0.0,True,True,True,15.0,5.43,10.0,0.024779912541303517,9.975220087458696,True,True
0.8,15,0.8099999999999999,0.82,15.0,15.0,0.0,0.0,-0.0,True,True,True,15.0,5.422499999999999,10.0,1.5283002836008812,8.471699716399119,True,True
0.8,15,0.82,0.83,15.0,15.0,0.0,0.0,-0.0,True,True,True,15.0,5.385,10.0,3.2368249873241393,6.763175012675861,True,True
0.8,15,0.83,0.84,15.0,15.0,0.0,0.0,-0.0,True,True,True,15.0,5.325,10.0,5.142430861100278,4.857569138899722,True,True
0.8,15,0.84,0.85,15.0,2.7975,-12.2025,0.0,-0.0,True,True,True,15.0,5.25,10.0,7.244347607059785,2.755652392940215,True,True
0.8,15,0.85,0.86,2.7975,3.165,0.36750000000000016,12.2025,-1.9831372371965987,False,False,False,2.7975,5.145,10.63327351103877,9.568479402500827,1.0647941085379422,True,False
0.8,15,0.86,0.87,3.165,3.5175,0.35250000000000004,11.835,-1.7849889000087977,False,False,False,3.165,5.0249999999999995,12.773002355642392,12.113508760395227,0.6594935952471648,True,False
0.8,15,0.87,0.88,3.5175,3.8325,0.31499999999999995,11.4825,-1.5990766881570015,False,False,False,3.5175,4.882499999999999,15.259179252614377,14.903624202999419,0.3555550496149582,True,False
0.8,15,0.88,0.89,3.8325,4.08,0.24750000000000005,11.1675,-1.4275791763366394,False,False,False,3.8325,4.7175,18.11367237332361,17.9603701617631,0.15330221156050783,True,False
0.8,15,0.89,0.9,4.08,4.2375,0.15749999999999975,10.92,-1.2725492735149904,False,False,False,4.08,4.5375,21.35310169215031,21.31004638773225,0.04305530441806127,True,False
0.8,15,0.9,0.91,4.2375,4.297499999999999,0.05999999999999961,10.7625,-1.1339425497673552,False,False,False,4.2375,4.335,24.993656400200205,24.991567508016754,0.0020888921834512075,True,False
0.8,15,0.91,0.9199999999999999,4.297499999999999,4.2524999999999995,-0.04499999999999993,10.7025,-1.00936004704096,False,True,False,4.297499999999999,4.109999999999999,29.057811218223282,29.049568527922517,0.008242690300765076,True,True
0.8,15,0.9199999999999999,0.9299999999999999,4.2524999999999995,4.1175,-0.1349999999999998,10.7475,-0.8961438420724521,True,True,True,4.2524999999999995,3.8625,33.58054582824294,33.54060870368739,0.039937124555549985,True,True
0.8,15,0.9299999999999999,0.94,4.1175,3.8925,-0.22499999999999964,10.8825,-0.7897505647750973,True,True,True,4.1175,3.5925,38.61427892807541,38.53634978205335,0.0779291460220577,True,True
0.8,15,0.94,0.95,3.8925,3.57,-0.32250000000000023,11.1075,-0.6872810467986572,True,True,True,3.8925,3.2925,44.23354616085534,44.12499781425664,0.1085483465987025,True,True
0.8,15,0.95,0.96,3.57,3.1425,-0.42749999999999977,11.43,-0.5862823548497031,True,True,True,3.57,2.955,50.541231227464394,50.4186167808031,0.12261444666129506,True,True
0.8,15,0.96,0.97,3.1425,2.61,-0.5325000000000002,11.8575,-0.48404680002392564,True,True,True,3.1425,2.5875,57.678313411462156,57.569805087475096,0.1085083239870599,True,True
0.8,15,0.97,0.98,2.61,1.9425,-0.6675,12.39,-0.37738958073553924,True,True,True,2.61,2.1825,65.84005062524962,65.7725509435394,0.06749968171021692,True,True
0.8,15,0.98,0.99,1.9425,1.095,-0.8474999999999999,13.057500000000001,-0.26379685079851045,True,True,True,1.9425,1.7249999999999999,75.30363437161054,75.28592438290487,0.017709988705675528,True,True
1.0,5,0.7,0.71,5.0,5.0,0.0,0.0,-0.0,True,True,True,5.0,5.0,87.5,87.5,0.0,True,True
1.0,5,0.71,0.72,5.0,5.0,0.0,0.0,-0.0,True,True,True,5.0,5.0,87.5,87.5,0.0,True,True
1.0,5,0.72,0.73,5.0,5.0,0.0,0.0,-0.0,True,True,True,5.0,5.0,87.5,87.5,0.0,True,True
1.0,5,0.73,0.74,5.0,5.0,0.0,0.0,-0.0,True,True,True,5.0,5.0,87.5,87.5,0.0,True,True
1.0,5,0.74,0.75,5.0,5.0,0.0,0.0,-0.0,True,True,True,5.0,5.0,87.5,87.5,0.0,True,True
1.0,5,0.75,0.76,5.0,5.0,0.0,0.0,-0.0,True,True,True,5.0,5.0,87.5,87.5,0.0,True,True
1.0,5,0.76,0.77,5.0,5.0,0.0,0.0,-0.0,True,True,True,5.0,5.0,87.5,87.5,0.0,True,True
1.0,5,0.77,0.78,5.0,5.0,0.0,0.0,-0.0,True,True,True,5.0,5.0,87.5,87.5,0.0,True,True
1.0,5,0.78,0.79,5.0,5.0,0.0,0.0,-0.0,True,True,True,5.0,5.0,87.5,87.5,0.0,True,True
1.0,5,0.79,0.7999999999999999,5.0,5.0,0.0,0.0,-0.0,True,True,True,5.0,5.0,87.5,87.5,0.0,True,True
1.0,5,0.7999999999999999,0.8099999999999999,5.0,5.0,0.0,0.0,-0.0,True,True,True,5.0,5.0,87.5,87.5,0.0,True,True
1.0,5,0.8099999999999999,0.82,5.0,5.0,0.0,0.0,-0.0,True,True,True,5.0,5.0,87.5,87.5,0.0,True,True
1.0,5,0.82,0.83,5.0,5.0,0.0,0.0,-0.0,True,True,True,5.0,5.0,87.5,87.5,0.0,True,True
1.0,5,0.83,0.84,5.0,5.0,0.0,0.0,-0.0,True,True,True,5.0,5.0,87.5,87.5,0.0,True,True
1.0,5,0.84,0.85,5.0,5.0,0.0,0.0,-0.0,True,True,True,5.0,5.0,87.5,87.5,0.0,True,True
1.0,5,0.85,0.86,5.0,5.0,0.0,0.0,-0.0,True,True,True,5.0,5.0,87.5,87.5,0.0,True,True
1.0,5,0.86,0.87,5.0,5.0,0.0,0.0,-0.0,True,True,True,5.0,5.0,87.5,87.5,0.0,True,True
1.0,5,0.87,0.88,5.0,5.0,0.0,0.0,-0.0,True,True,True,5.0,5.0,87.5,87.5,0.0,True,True
1.0,5,0.88,0.89,5.0,5.0,0.0,0.0,-0.0,True,True,True,5.0,5.0,87.5,87.5,0.0,True,True
1.0,5,0.89,0.9,5.0,5.0,0.0,0.0,-0.0,True,True,True,5.0,5.0,87.5,87.5,0.0,True,True
1.0,5,0.9,0.91,5.0,5.0,0.0,0.0,-0.0,True,True,True,5.0,5.0,87.5,87.5,0.0,True,True
1.0,5,0.91,0.9199999999999999,5.0,5.0,0.0,0.0,-0.0,True,True,True,5.0,5.0,87.5,87.5,0.0,True,True
1.0,5,0.9199999999999999,0.9299999999999999,5.0,5.0,0.0,0.0,-0.0,True,True,True,5.0,4.5,87.5,85.79163046625439,1.7083695337456106,True,True
1.0,5,0.9299999999999999,0.94,5.0,5.0,0.0,0.0,-0.0,True,True,True,5.0,3.93,87.5,84.80631273355772,2.693687266442282,True,True
1.0,5,0.94,0.95,5.0,5.0,0.0,0.0,-0.0,True,True,True,5.0,3.4,87.5,84.79421229601952,2.7057877039804765,True,True
1.0,5,0.95,0.96,5.0,3.9025000000000003,-1.0974999999999997,0.0,-0.0,True,True,True,5.0,2.9,87.5,85.5832632305129,1.9167367694871018,True,True
1.0,5,0.96,0.97,3.9025000000000003,2.8525,-1.0500000000000003,1.0974999999999997,-0.04480213898598003,True,True,True,3.9025000000000003,2.4175,88.00391239286537,87.07224138240547,0.9316710104599082,True,True
1.0,5,0.97,0.98,2.8525,1.8975,-0.9550000000000001,2.1475,-0.06541114807341167,True,True,True,2.8525,1.9425000000000001,89.59984878365505,89.22094081720438,0.3789079664506687,True,True
1.0,5,0.98,0.99,1.8975,0.965,-0.9325,3.1025,-0.06267889945260414,True,True,True,1.8975,1.47,92.1242486112837,92.03635093356604,0.08789767771766321,True,True
1.0,6,0.7,0.71,6.0,6.0,0.0,0.0,-0.0,True,True,True,6.0,6.0,82.0,82.0,0.0,True,True
1.0,6,0.71,0.72,6.0,6.0,0.0,0.0,-0.0,True,True,True,6.0,6.0,82.0,82.0,0.0,True,True
1.0,6,0.72,0.73,6.0,6.0,0.0,0.0,-0.0,True,True,True,6.0,6.0,82.0,82.0,0.0,True,True
1.0,6,0.73,0.74,6.0,6.0,0.0,0.0,-0.0,True,True,True,6.0,6.0,82.0,82.0,0.0,True,True
1.0,6,0.74,0.75,6.0,6.0,0.0,0.0,-0.0,True,True,True,6.0,6.0,82.0,82.0,0.0,True,True
1.0,6,0.75,0.76,6.0,6.0,0.0,0.0,-0.0,True,True,True,6.0,6.0,82.0,82.0,0.0,True,True
1.0,6,0.76,0.77,6.0,6.0,0.0,0.0,-0.0,True,True,True,6.0,6.0,82.0,82.0,0.0,True,True
1.0,6,0.77,0.78,6.0,6.0,0.0,0.0,-0.0,True,True,True,6.0,6.0,82.0,82.0,0.0,True,True
1.0,6,0.78,0.79,6.0,6.0,0.0,0.0,-0.0,True,True,True,6.0,6.0,82.0,82.0,0.0,True,True
1.0,6,0.79,0.7999999999999999,6.0,6.0,0.0,0.0,-0.0,True,True,True,6.0,6.0,82.0,82.0,0.0,True,True
1.0,6,0.7999999999999999,0.8099999999999999,6.0,6.0,0.0,0.0,-0.0,True,True,True,6.0,6.0,82.0,82.0,0.0,True,True
1.0,6,0.8099999999999999,0.82,6.0,6.0,0.0,0.0,-0.0,True,True,True,6.0,6.0,82.0,82.0,0.0,True,True
1.0,6,0.82,0.83,6.0,6.0,0.0,0.0,-0.0,True,True,True,6.0,6.0,82.0,82.0,0.0,True,True
1.0,6,0.83,0.84,6.0,6.0,0.0,0.0,-0.0,True,True,True,6.0,6.0,82.0,82.0,0.0,True,True
1.0,6,0.84,0.85,6.0,6.0,0.0,0.0,-0.0,True,True,True,6.0,6.0,82.0,82.0,0.0,True,True
1.0,6,0.85,0.86,6.0,6.0,0.0,0.0,-0.0,True,True,True,6.0,6.0,82.0,82.0,0.0,True,True
1.0,6,0.86,0.87,6.0,6.0,0.0,0.0,-0.0,True,True,True,6.0,6.0,82.0,82.0,0.0,True,True
1.0,6,0.87,0.88,6.0,6.0,0.0,0.0,-0.0,True,True,True,6.0,6.0,82.0,82.0,0.0,True,True
1.0,6,0.88,0.89,6.0,6.0,0.0,0.0,-0.0,True,True,True,6.0,6.0,82.0,82.0,0.0,True,True
1.0,6,0.89,0.9,6.0,6.0,0.0,0.0,-0.0,True,True,True,6.0,6.0,82.0,82.0,0.0,True,True
1.0,6,0.9,0.91,6.0,6.0,0.0,0.0,-0.0,True,True,True,6.0,5.4990000000000006,82.0,79.73883445544404,2.261165544555965,True,True
1.0,6,0.91,0.9199999999999999,6.0,6.0,0.0,0.0,-0.0,True,True,True,6.0,4.872,82.0,78.03988120869325,3.960118791306755,True,True
1.0,6,0.9199999999999999,0.9299999999999999,6.0,6.0,0.0,0.0,-0.0,True,True,True,6.0,4.311,82.0,77.5712026904415,4.4287973095585045,True,True
1.0,6,0.9299999999999999,0.94,6.0,6.0,0.0,0.0,-0.0,True,True,True,6.0,3.7920000000000003,82.0,78.0046310273818,3.995368972618195,True,True
1.0,6,0.94,0.95,6.0,4.83,-1.17,0.0,-0.0,True,True,True,6.0,3.306,82.0,79.18118151796084,2.8188184820391626,True,True
1.0,6,0.95,0.96,4.83,3.72,-1.1099999999999999,1.17,-0.06001315443343417,True,True,True,4.83,2.838,82.51076452868617,81.00089289042583,1.5098716382603357,True,True
1.0,6,0.96,0.97,3.72,2.7600000000000002,-0.96,2.28,-0.09307414750618177,True,True,True,3.72,2.379,84.19339400751863,83.42912304665549,0.7642709608631435,True,True
1.0,6,0.97,0.98,2.7600000000000002,1.857,-0.9030000000000002,3.2399999999999998,-0.09868783225045577,True,True,True,2.7600000000000002,1.92,86.79374958226973,86.47062107707488,0.3231285051948447,True,True
1.0,6,0.98,0.99,1.857,0.9540000000000001,-0.9029999999999999,4.143,-0.08369981641648315,True,True,True,1.857,1.461,90.24650506935818,90.17061363802934,0.07589143132884146,True,True
1.0,7,0.7,0.71,7.0,7.0,0.0,0.0,-0.0,True,True,True,7.0,7.0,75.5,75.5,0.0,True,True
1.0,7,0.71,0.72,7.0,7.0,0.0,0.0,-0.0,True,True,True,7.0,7.0,75.5,75.5,0.0,True,True
1.0,7,0.72,0.73,7.0,7.0,0.0,0.0,-0.0,True,True,True,7.0,7.0,75.5,75.5,0.0,True,True
1.0,7,0.73,0.74,7.0,7.0,0.0,0.0,-0.0,True,True,True,7.0,7.0,75.5,75.5,0.0,True,True
1.0,7,0.74,0.75,7.0,7.0,0.0,0.0,-0.0,True,True,True,7.0,7.0,75.5,75.5,0.0,True,True
1.0,7,0.75,0.76,7.0,7.0,0.0,0.0,-0.0,True,True,True,7.0,7.0,75.5,75.5,0.0,True,True
1.0,7,0.76,0.77,7.0,7.0,0.0,0.0,-0.0,True,True,True,7.0,7.0,75.5,75.5,0.0,True,True
1.0,7,0.77,0.78,7.0,7.0,0.0,0.0,-0.0,True,True,True,7.0,7.0,75.5,75.5,0.0,True,True
1.0,7,0.78,0.79,7.0,7.0,0.0,0.0,-0.0,True,True,True,7.0,7.0,75.5,75.5,0.0,True,True
1.0,7,0.79,0.7999999999999999,7.0,7.0,0.0,0.0,-0.0,True,True,True,7.0,7.0,75.5,75.5,0.0,True,True
1.0,7,0.7999999999999999,0.8099999999999999,7.0,7.0,0.0,0.0,-0.0,True,True,True,7.0,7.0,75.5,75.5,0.0,True,True
1.0,7,0.8099999999999999,0.82,7.0,7.0,0.0,0.0,-0.0,True,True,True,7.0,7.0,75.5,75.5,0.0,True,True
1.0,7,0.82,0.83,7.0,7.0,0.0,0.0,-0.0,True,True,True,7.0,7.0,75.5,75.5,0.0,True,True
1.0,7,0.83,0.84,7.0,7.0,0.0,0.0,-0.0,True,True,True,7.0,7.0,75.5,75.5,0.0,True,True
1.0,7,0.84,0.85,7.0,7.0,0.0,0.0,-0.0,True,True,True,7.0,7.0,75.5,75.5,0.0,True,True
1.0,7,0.85,0.86,7.0,7.0,0.0,0.0,-0.0,True,True,True,7.0,7.0,75.5,75.5,0.0,True,True
1.0,7,0.86,0.87,7.0,7.0,0.0,0.0,-0.0,True,True,True,7.0,7.0,75.5,75.5,0.0,True,True
1.0,7,0.87,0.88,7.0,7.0,0.0,0.0,-0.0,True,True,True,7.0,7.0,75.5,75.5,0.0,True,True
1.0,7,0.88,0.89,7.0,7.0,0.0,0.0,-0.0,True,True,True,7.0,6.4995,75.5,72.68056934648045,2.8194306535195466,True,True
1.0,7,0.89,0.9,7.0,7.0,0.0,0.0,-0.0,True,True,True,7.0,5.7785,75.5,70.03657511564832,5.4634248843516815,True,True
1.0,7,0.9,0.91,7.0,7.0,0.0,0.0,-0.0,True,True,True,7.0,5.1695,75.5,69.09767596969417,6.402324030305834,True,True
1.0,7,0.91,0.9199999999999999,7.0,7.0,0.0,0.0,-0.0,True,True,True,7.0,4.627,75.5,69.24299740778949,6.257002592210512,True,True
1.0,7,0.9199999999999999,0.9299999999999999,7.0,7.0,0.0,0.0,-0.0,True,True,True,7.0,4.13,75.5,70.18900861219123,5.31099138780877,True,True
1.0,7,0.9299999999999999,0.94,7.0,5.7155000000000005,-1.2844999999999995,0.0,-0.0,True,True,True,7.0,3.6645,75.5,71.78666307772347,3.7133369222765253,True,True
1.0,7,0.94,0.95,5.7155000000000005,4.515,-1.2005000000000008,1.2844999999999995,-0.0794789560758834,True,True,True,5.7155000000000005,3.213,76.02627546288775,73.94900716763854,2.077268295249212,True,True
1.0,7,0.95,0.96,4.515,3.5455,-0.9694999999999996,2.4850000000000003,-0.1274638365530632,True,True,True,4.515,2.7755,77.8399125854082,76.66637249697098,1.1735400884372211,True,True
1.0,7,0.96,0.97,3.5455,2.6705,-0.875,3.4545,-0.14101958007022147,True,True,True,3.5455,2.338,80.56194555324375,79.9369828479538,0.6249627052899456,True,True
1.0,7,0.97,0.98,2.6705,1.82,-0.8505,4.3294999999999995,-0.13187313880504575,True,True,True,2.6705,1.9005,84.07943245473066,83.80759066356774,0.2718417911629274,True,True
1.0,7,0.98,0.99,1.82,0.9450000000000001,-0.875,5.18,-0.10465002390475082,True,True,True,1.82,1.449,88.40776697909148,88.34164213830422,0.06612484078725345,True,True
1.0,8,0.7,0.71,8.0,8.0,0.0,0.0,-0.0,True,True,True,8.0,8.0,68.0,68.0,0.0,True,True
1.0,8,0.71,0.72,8.0,8.0,0.0,0.0,-0.0,True,True,True,8.0,8.0,68.0,68.0,0.0,True,True
1.0,8,0.72,0.73,8.0,8.0,0.0,0.0,-0.0,True,True,True,8.0,8.0,68.0,68.0,0.0,True,True
1.0,8,0.73,0.74,8.0,8.0,0.0,0.0,-0.0,True,True,True,8.0,8.0,68.0,68.0,0.0,True,True
1.0,8,0.74,0.75,8.0,8.0,0.0,0.0,-0.0,True,True,True,8.0,8.0,68.0,68.0,0.0,True,True
1.0,8,0.75,0.76,8.0,8.0,0.0,0.0,-0.0,True,True,True,8.0,8.0,68.0,68.0,0.0,True,True
1.0,8,0.76,0.77,8.0,8.0,0.0,0.0,-0.0,True,True,True,8.0,8.0,68.0,68.0,0.0,True,True
1.0,8,0.77,0.78,8.0,8.0,0.0,0.0,-0.0,True,True,True,8.0,8.0,68.0,68.0,0.0,True,True
1.0,8,0.78,0.79,8.0,8.0,0.0,0.0,-0.0,True,True,True,8.0,8.0,68.0,68.0,0.0,True,True
1.0,8,0.79,0.7999999999999999,8.0,8.0,0.0,0.0,-0.0,True,True,True,8.0,8.0,68.0,68.0,0.0,True,True
1.0,8,0.7999999999999999,0.8099999999999999,8.0,8.0,0.0,0.0,-0.0,True,True,True,8.0,8.0,68.0,68.0,0.0,True,True
1.0,8,0.8099999999999999,0.82,8.0,8.0,0.0,0.0,-0.0,True,True,True,8.0,8.0,68.0,68.0,0.0,True,True
1.0,8,0.82,0.83,8.0,8.0,0.0,0.0,-0.0,True,True,True,8.0,8.0,68.0,68.0,0.0,True,True
1.0,8,0.83,0.84,8.0,8.0,0.0,0.0,-0.0,True,True,True,8.0,8.0,68.0,68.0,0.0,True,True
1.0,8,0.84,0.85,8.0,8.0,0.0,0.0,-0.0,True,True,True,8.0,8.0,68.0,68.0,0.0,True,True
1.0,8,0.85,0.86,8.0,8.0,0.0,0.0,-0.0,True,True,True,8.0,8.0,68.0,68.0,0.0,True,True
1.0,8,0.86,0.87,8.0,8.0,0.0,0.0,-0.0,True,True,True,8.0,7.496,68.0,64.58524687013596,3.414753129864039,True,True
1.0,8,0.87,0.88,8.0,8.0,0.0,0.0,-0.0,True,True,True,8.0,6.628,68.0,60.642485950797536,7.357514049202464,True,True
1.0,8,0.88,0.89,8.0,8.0,0.0,0.0,-0.0,True,True,True,8.0,5.952,68.0,59.25313086899218,8.74686913100782,True,True
1.0,8,0.89,0.9,8.0,8.0,0.0,0.0,-0.0,True,True,True,8.0,5.376,68.0,59.203827562756885,8.796172437243115,True,True
1.0,8,0.9,0.91,8.0,8.0,0.0,0.0,-0.0,True,True,True,8.0,4.868,68.0,60.04444245517424,7.9555575448257585,True,True
1.0,8,0.91,0.9199999999999999,8.0,8.0,0.0,0.0,-0.0,True,True,True,8.0,4.4,68.0,61.53131610808938,6.468683891910622,True,True
1.0,8,0.9199999999999999,0.9299999999999999,8.0,6.516,-1.484,0.0,-0.0,True,True,True,8.0,3.96,68.0,63.55995802417911,4.44004197582089,True,True
1.0,8,0.9299999999999999,0.94,6.516,5.204,-1.3120000000000003,1.484,-0.10769490816689588,True,True,True,6.516,3.54,68.56102170595726,66.08343619547605,2.4775855104812052,True,True
1.0,8,0.94,0.95,5.204,4.228,-0.976,2.7960000000000003,-0.17300362879577275,True,True,True,5.204,3.124,70.57264825335403,69.07597148447721,1.4966767688768243,True,True
1.0,8,0.95,0.96,4.228,3.38,-0.8479999999999999,3.7720000000000002,-0.1934783064298408,True,True,True,4.228,2.716,73.47077934058281,72.57074651538879,0.9000328251940175,True,True
1.0,8,0.96,0.97,3.38,2.584,-0.7959999999999998,4.62,-0.18859761468357886,True,True,True,3.38,2.3000000000000003,77.09976628542373,76.59528489939697,0.5044813860267539,True,True
1.0,8,0.97,0.98,2.584,1.78,-0.804,5.416,-0.16496706773718164,True,True,True,2.584,1.8760000000000001,81.45363476060106,81.22349720254398,0.23013755805708058,True,True
1.0,8,0.98,0.99,1.78,0.936,-0.844,6.22,-0.12566083951497106,True,True,True,1.78,1.44,86.60719064141978,86.5508867620191,0.05630387940067294,True,True
1.0,9,0.7,0.71,9.0,9.0,0.0,0.0,-0.0,True,True,True,9.0,9.0,59.5,59.5,0.0,True,True
1.0,9,0.71,0.72,9.0,9.0,0.0,0.0,-0.0,True,True,True,9.0,9.0,59.5,59.5,0.0,True,True
1.0,9,0.72,0.73,9.0,9.0,0.0,0.0,-0.0,True,True,True,9.0,9.0,59.5,59.5,0.0,True,True
1.0,9,0.73,0.74,9.0,9.0,0.0,0.0,-0.0,True,True,True,9.0,9.0,59.5,59.5,0.0,True,True
1.0,9,0.74,0.75,9.0,9.0,0.0,0.0,-0.0,True,True,True,9.0,9.0,59.5,59.5,0.0,True,True
1.0,9,0.75,0.76,9.0,9.0,0.0,0.0,-0.0,True,True,True,9.0,9.0,59.5,59.5,0.0,True,True
1.0,9,0.76,0.77,9.0,9.0,0.0,0.0,-0.0,True,True,True,9.0,9.0,59.5,59.5,0.0,True,True
1.0,9,0.77,0.78,9.0,9.0,0.0,0.0,-0.0,True,True,True,9.0,9.0,59.5,59.5,0.0,True,True
1.0,9,0.78,0.79,9.0,9.0,0.0,0.0,-0.0,True,True,True,9.0,9.0,59.5,59.5,0.0,True,True
1.0,9,0.79,0.7999999999999999,9.0,9.0,0.0,0.0,-0.0,True,True,True,9.0,9.0,59.5,59.5,0.0,True,True
1.0,9,0.7999999999999999,0.8099999999999999,9.0,9.0,0.0,0.0,-0.0,True,True,True,9.0,9.0,59.5,59.5,0.0,True,True
1.0,9,0.8099999999999999,0.82,9.0,9.0,0.0,0.0,-0.0,True,True,True,9.0,9.0,59.5,59.5,0.0,True,True
1.0,9,0.82,0.83,9.0,9.0,0.0,0.0,-0.0,True,True,True,9.0,9.0,59.5,59.5,0.0,True,True
1.0,9,0.83,0.84,9.0,9.0,0.0,0.0,-0.0,True,True,True,9.0,9.0,59.5,59.5,0.0,True,True
1.0,9,0.84,0.85,9.0,9.0,0.0,0.0,-0.0,True,True,True,9.0,8.491499999999998,59.5,55.4630004821146,4.036999517885398,True,True
1.0,9,0.85,0.86,9.0,9.0,0.0,0.0,-0.0,True,True,True,9.0,7.361999999999999,59.5,49.52860323078154,9.971396769218458,True,True
1.0,9,0.86,0.87,9.0,9.0,0.0,0.0,-0.0,True,True,True,9.0,6.592499999999999,59.5,47.82073495499097,11.679265045009032,True,True
1.0,9,0.87,0.88,9.0,9.0,0.0,0.0,-0.0,True,True,True,9.0,5.9895,59.5,47.81702552701586,11.682974472984142,True,True
1.0,9,0.88,0.89,9.0,9.0,0.0,0.0,-0.0,True,True,True,9.0,5.4765,59.5,48.73995790243834,10.760042097561659,True,True
1.0,9,0.89,0.9,9.0,9.0,0.0,0.0,-0.0,True,True,True,9.0,5.017499999999999,59.5,50.28267130728017,9.217328692719832,True,True
1.0,9,0.9,0.91,9.0,9.0,0.0,0.0,-0.0,True,True,True,9.0,4.59,59.5,52.30208536770191,7.197914632298087,True,True
1.0,9,0.91,0.9199999999999999,9.0,7.1415,-1.8585000000000003,0.0,-0.0,True,True,True,9.0,4.1895,59.5,54.75254730715541,4.74745269284459,True,True
1.0,9,0.9199999999999999,0.9299999999999999,7.1415,5.719499999999999,-1.4220000000000006,1.8585000000000003,-0.15496472021322658,True,True,True,7.1415,3.8024999999999998,60.14402809114452,57.602170440293484,2.5418576508510355,True,True
1.0,9,0.9299999999999999,0.94,5.719499999999999,4.760999999999999,-0.9584999999999999,3.280500000000001,-0.2380681578446779,True,True,True,5.719499999999999,3.42,62.45855694779292,60.85318517649332,1.6053717712996018,True,True
1.0,9,0.94,0.95,4.760999999999999,3.9599999999999995,-0.8009999999999997,4.239000000000001,-0.2622898363609731,True,True,True,4.760999999999999,3.042,65.59524187510449,64.5396103415079,1.0556315335965962,True,True
1.0,9,0.95,0.96,3.9599999999999995,3.2264999999999997,-0.7334999999999998,5.040000000000001,-0.25851820371325496,True,True,True,3.9599999999999995,2.655,69.37869741053554,68.69528653005811,0.6834108804774246,True,True
1.0,9,0.96,0.97,3.2264999999999997,2.4974999999999996,-0.7290000000000001,5.7735,-0.23568578536269322,True,True,True,3.2264999999999997,2.2634999999999996,73.79773623227523,73.39569626254813,0.4020399697270989,True,True
1.0,9,0.97,0.98,2.4974999999999996,1.7459999999999998,-0.7514999999999998,6.5025,-0.1980609966693175,True,True,True,2.4974999999999996,1.8584999999999998,78.91322835852814,78.72378390977454,0.1894444487536049,True,True
1.0,9,0.98,0.99,1.7459999999999998,0.9269999999999999,-0.8189999999999998,7.2540000000000004,-0.14655043888128622,True,True,True,1.7459999999999998,1.4309999999999998,84.84395880737607,84.7964468814746,0.04751192590147468,True,True
1.0,10,0.7,0.71,10.0,10.0,0.0,0.0,-0.0,True,True,True,10.0,10.0,50.0,50.0,0.0,True,True
1.0,10,0.71,0.72,10.0,10.0,0.0,0.0,-0.0,True,True,True,10.0,10.0,50.0,50.0,0.0,True,True
1.0,10,0.72,0.73,10.0,10.0,0.0,0.0,-0.0,True,True,True,10.0,10.0,50.0,50.0,0.0,True,True
1.0,10,0.73,0.74,10.0,10.0,0.0,0.0,-0.0,True,True,True,10.0,10.0,50.0,50.0,0.0,True,True
1.0,10,0.74,0.75,10.0,10.0,0.0,0.0,-0.0,True,True,True,10.0,10.0,50.0,50.0,0.0,True,True
1.0,10,0.75,0.76,10.0,10.0,0.0,0.0,-0.0,True,True,True,10.0,10.0,50.0,50.0,0.0,True,True
1.0,10,0.76,0.77,10.0,10.0,0.0,0.0,-0.0,True,True,True,10.0,10.0,50.0,50.0,0.0,True,True
1.0,10,0.77,0.78,10.0,10.0,0.0,0.0,-0.0,True,True,True,10.0,10.0,50.0,50.0,0.0,True,True
1.0,10,0.78,0.79,10.0,10.0,0.0,0.0,-0.0,True,True,True,10.0,10.0,50.0,50.0,0.0,True,True
1.0,10,0.79,0.7999999999999999,10.0,10.0,0.0,0.0,-0.0,True,True,True,10.0,10.0,50.0,50.0,0.0,True,True
1.0,10,0.7999999999999999,0.8099999999999999,10.0,10.0,0.0,0.0,-0.0,True,True,True,10.0,10.0,50.0,50.0,0.0,True,True
1.0,10,0.8099999999999999,0.82,10.0,10.0,0.0,0.0,-0.0,True,True,True,10.0,10.0,50.0,50.0,0.0,True,True
1.0,10,0.82,0.83,10.0,10.0,0.0,0.0,-0.0,True,True,True,10.0,9.48,50.0,45.25995375483084,4.740046245169161,True,True
1.0,10,0.83,0.84,10.0,10.0,0.0,0.0,-0.0,True,True,True,10.0,7.82,50.0,36.04159310016554,13.958406899834458,True,True
1.0,10,0.84,0.85,10.0,10.0,0.0,0.0,-0.0,True,True,True,10.0,6.985,50.0,34.72048009723892,15.27951990276108,True,True
1.0,10,0.85,0.86,10.0,10.0,0.0,0.0,-0.0,True,True,True,10.0,6.38,50.0,35.17381564069822,14.826184359301777,True,True
1.0,10,0.86,0.87,10.0,10.0,0.0,0.0,-0.0,True,True,True,10.0,5.885,50.0,36.4436185886838,13.556381411316202,True,True
1.0,10,0.87,0.88,10.0,10.0,0.0,0.0,-0.0,True,True,True,10.0,5.45,50.0,38.21429139348102,11.78570860651898,True,True
1.0,10,0.88,0.89,10.0,10.0,0.0,0.0,-0.0,True,True,True,10.0,5.055,50.0,40.369026227545774,9.630973772454226,True,True
1.0,10,0.89,0.9,10.0,10.0,0.0,0.0,-0.0,True,True,True,10.0,4.69,50.0,42.861278600803715,7.138721399196285,True,True
1.0,10,0.9,0.91,10.0,7.335,-2.665,0.0,-0.0,True,True,True,10.0,4.335,50.0,45.657245741488836,4.342754258511164,True,True
1.0,10,0.91,0.9199999999999999,7.335,5.945,-1.3899999999999997,2.665,-0.251337960790858,True,True,True,7.335,3.99,50.874834992983864,48.77334431572923,2.101490677254631,True,True
1.0,10,0.9199999999999999,0.9299999999999999,5.945,5.075,-0.8700000000000001,4.055,-0.3381124242478523,True,True,True,5.945,3.65,53.63999869614126,52.230261859306395,1.4097368368348668,True,True
1.0,10,0.9299999999999999,0.94,5.075,4.365,-0.71,4.925,-0.3574106622115648,True,True,True,5.075,3.305,57.07070616110475,56.05523147169407,1.0154746894106808,True,True
1.0,10,0.94,0.95,4.365,3.715,-0.6500000000000004,5.635,-0.3486678999514232,True,True,True,4.365,2.96,61.03613052661494,60.30665862285226,0.7294719037626791,True,True
1.0,10,0.95,0.96,3.715,3.075,-0.6399999999999997,6.285,-0.32237835522575536,True,True,True,3.715,2.6,65.54179238471977,65.03552739195261,0.5062649927671572,True,True
1.0,10,0.96,0.97,3.075,2.42,-0.6550000000000002,6.925,-0.282692312052767,True,True,True,3.075,2.225,70.64735474886666,70.32929030832705,0.31806444053961513,True,True
1.0,10,0.97,0.98,2.42,1.71,-0.71,7.58,-0.23088079273409098,True,True,True,2.42,1.835,76.45520911867236,76.29782026473345,0.15738885393891167,True,True
1.0,10,0.98,0.99,1.71,0.915,-0.7949999999999999,8.29,-0.16748044366223636,True,True,True,1.71,1.42,83.11726577437793,83.07703251460707,0.0402332597708579,True,True
1.0,11,0.7,0.71,11.0,11.0,0.0,0.0,-0.0,True,True,True,11.0,11.0,39.5,39.5,0.0,True,True
1.0,11,0.71,0.72,11.0,11.0,0.0,0.0,-0.0,True,True,True,11.0,11.0,39.5,39.5,0.0,True,True
1.0,11,0.72,0.73,11.0,11.0,0.0,0.0,-0.0,True,True,True,11.0,11.0,39.5,39.5,0.0,True,True
1.0,11,0.73,0.74,11.0,11.0,0.0,0.0,-0.0,True,True,True,11.0,11.0,39.5,39.5,0.0,True,True
1.0,11,0.74,0.75,11.0,11.0,0.0,0.0,-0.0,True,True,True,11.0,11.0,39.5,39.5,0.0,True,True
1.0,11,0.75,0.76,11.0,11.0,0.0,0.0,-0.0,True,True,True,11.0,11.0,39.5,39.5,0.0,True,True
1.0,11,0.76,0.77,11.0,11.0,0.0,0.0,-0.0,True,True,True,11.0,11.0,39.5,39.5,0.0,True,True
1.0,11,0.77,0.78,11.0,11.0,0.0,0.0,-0.0,True,True,True,11.0,11.0,39.5,39.5,0.0,True,True
1.0,11,0.78,0.79,11.0,11.0,0.0,0.0,-0.0,True,True,True,11.0,11.0,39.5,39.5,0.0,True,True
1.0,11,0.79,0.7999999999999999,11.0,11.0,0.0,0.0,-0.0,True,True,True,11.0,11.0,39.5,39.5,0.0,True,True
1.0,11,0.7999999999999999,0.8099999999999999,11.0,11.0,0.0,0.0,-0.0,True,True,True,11.0,9.427,39.5,25.963872536488893,13.536127463511107,True,True
1.0,11,0.8099999999999999,0.82,11.0,11.0,0.0,0.0,-0.0,True,True,True,11.0,7.6339999999999995,39.5,20.06050889987757,19.43949110012243,True,True
1.0,11,0.82,0.83,11.0,11.0,0.0,0.0,-0.0,True,True,True,11.0,6.919,39.5,20.554941222769916,18.945058777230084,True,True
1.0,11,0.83,0.84,11.0,11.0,0.0,0.0,-0.0,True,True,True,11.0,6.4075,39.5,21.969741627584405,17.530258372415595,True,True
1.0,11,0.84,0.85,11.0,11.0,0.0,0.0,-0.0,True,True,True,11.0,5.9895,39.5,23.80764665200685,15.692353347993151,True,True
1.0,11,0.85,0.86,11.0,11.0,0.0,0.0,-0.0,True,True,True,11.0,5.6265,39.5,25.92856691499532,13.571433085004681,True,True
1.0,11,0.86,0.87,11.0,11.0,0.0,0.0,-0.0,True,True,True,11.0,5.2965,39.5,28.28051330364129,11.219486696358711,True,True
1.0,11,0.87,0.88,11.0,11.0,0.0,0.0,-0.0,True,True,True,11.0,4.988499999999999,39.5,30.850663722072074,8.649336277927926,True,True
1.0,11,0.88,0.89,11.0,11.0,0.0,0.0,-0.0,True,True,True,11.0,4.686,39.5,33.63392425805931,5.866075741940691,True,True
1.0,11,0.89,0.9,11.0,6.693499999999999,-4.306500000000001,0.0,-0.0,True,True,True,11.0,4.3945,39.5,36.65641439472395,2.843585605276047,True,True
1.0,11,0.9,0.91,6.693499999999999,5.7475,-0.9459999999999997,4.306500000000001,-0.45373506068042896,True,True,True,6.693499999999999,4.103,41.12363026742456,39.93426630081899,1.189363966605569,True,True
1.0,11,0.91,0.9199999999999999,5.7475,5.0985,-0.649,5.2525,-0.4953668439226949,True,True,True,5.7475,3.8059999999999996,44.41785496748398,43.49640079779474,0.9214541696892411,True,True
1.0,11,0.9199999999999999,0.9299999999999999,5.0985,4.543,-0.5554999999999994,5.9015,-0.4920765651538103,True,True,True,5.0985,3.509,48.138204425827155,47.39039420001837,0.7478102258087844,True,True
1.0,11,0.9299999999999999,0.94,4.543,4.015,-0.5280000000000005,6.457,-0.4685889636345328,True,True,True,4.543,3.1955,52.26905467016388,51.65214003644464,0.6169146337192402,True,True
1.0,11,0.94,0.95,4.015,3.4869999999999997,-0.528,6.985,-0.43219969497084143,True,True,True,4.015,2.8764999999999996,56.84786207813508,56.35573401660384,0.4921280615312398,True,True
1.0,11,0.95,0.96,3.4869999999999997,2.937,-0.5499999999999998,7.513,-0.3853665207336675,True,True,True,3.4869999999999997,2.5465,61.940543763759905,61.57430637088611,0.3662373928737921,True,True
1.0,11,0.96,0.97,2.937,2.3375,-0.5994999999999999,8.063,-0.32914774181681744,True,True,True,2.937,2.189,67.64068582339904,67.39392030677799,0.2467655166210534,True,True
1.0,11,0.97,0.98,2.3375,1.672,-0.6655,8.6625,-0.263852884836288,True,True,True,2.3375,1.815,74.0766997270703,73.9488114132881,0.12788831378220777,True,True
1.0,11,0.98,0.99,1.672,0.9075,-0.7645,9.328,-0.18845085385782157,True,True,True,1.672,1.4135,81.42632872985469,81.39371641646996,0.032612313384731806,True,True
1.0,12,0.7,0.71,12.0,12.0,0.0,0.0,-0.0,True,True,True,12.0,12.0,28.0,28.0,0.0,True,True
1.0,12,0.71,0.72,12.0,12.0,0.0,0.0,-0.0,True,True,True,12.0,12.0,28.0,28.0,0.0,True,True
1.0,12,0.72,0.73,12.0,12.0,0.0,0.0,-0.0,True,True,True,12.0,12.0,28.0,28.0,0.0,True,True
1.0,12,0.73,0.74,12.0,12.0,0.0,0.0,-0.0,True,True,True,12.0,12.0,28.0,28.0,0.0,True,True
1.0,12,0.74,0.75,12.0,12.0,0.0,0.0,-0.0,True,True,True,12.0,12.0,28.0,28.0,0.0,True,True
1.0,12,0.75,0.76,12.0,12.0,0.0,0.0,-0.0,True,True,True,12.0,12.0,28.0,28.0,0.0,True,True
1.0,12,0.76,0.77,12.0,12.0,0.0,0.0,-0.0,True,True,True,12.0,12.0,28.0,28.0,0.0,True,True
1.0,12,0.77,0.78,12.0,12.0,0.0,0.0,-0.0,True,True,True,12.0,12.0,28.0,28.0,0.0,True,True
1.0,12,0.78,0.79,12.0,12.0,0.0,0.0,-0.0,True,True,True,12.0,7.032,28.0,4.377699067532912,23.622300932467088,True,True
1.0,12,0.79,0.7999999999999999,12.0,12.0,0.0,0.0,-0.0,True,True,True,12.0,6.582,28.0,6.221900069374271,21.77809993062573,True,True
1.0,12,0.7999999999999999,0.8099999999999999,12.0,12.0,0.0,0.0,-0.0,True,True,True,12.0,6.246,28.0,8.187365599379849,19.81263440062015,True,True
1.0,12,0.8099999999999999,0.82,12.0,12.0,0.0,0.0,-0.0,True,True,True,12.0,5.964,28.0,10.24486640660319,17.75513359339681,True,True
1.0,12,0.82,0.83,12.0,12.0,0.0,0.0,-0.0,True,True,True,12.0,5.712,28.0,12.398399641777505,15.601600358222495,True,True
1.0,12,0.83,0.84,12.0,12.0,0.0,0.0,-0.0,True,True,True,12.0,5.478,28.0,14.659594481795523,13.340405518204477,True,True
1.0,12,0.84,0.85,12.0,12.0,0.0,0.0,-0.0,True,True,True,12.0,5.25,28.0,17.04247922581894,10.95752077418106,True,True
1.0,12,0.85,0.86,12.0,12.0,0.0,0.0,-0.0,True,True,True,12.0,5.0280000000000005,28.0,19.563528813419946,8.436471186580054,True,True
1.0,12,0.86,0.87,12.0,12.0,0.0,0.0,-0.0,True,True,True,12.0,4.806,28.0,22.240689227509943,5.759310772490057,True,True
1.0,12,0.87,0.88,12.0,5.748,-6.252,0.0,-0.0,True,True,True,12.0,4.5840000000000005,28.0,25.095503279487957,2.904496720512043,True,True
1.0,12,0.88,0.89,5.748,5.4,-0.34799999999999986,6.252,-0.7992142386798002,True,True,True,5.748,4.356,28.448464818614507,28.15054602827701,0.2979187903374978,True,True
1.0,12,0.89,0.9,5.4,5.082,-0.3180000000000005,6.6,-0.7691231872892799,True,True,True,5.4,4.122,31.76192220891294,31.43411320018906,0.32780900872387875,True,True
1.0,12,0.9,0.91,5.082,4.7700000000000005,-0.3119999999999994,6.918,-0.7288840473208422,True,True,True,5.082,3.882,35.33134579032298,34.97989196293074,0.3514538273922341,True,True
1.0,12,0.91,0.9199999999999999,4.7700000000000005,4.44,-0.33000000000000007,7.2299999999999995,-0.6818662125770745,True,True,True,4.7700000000000005,3.63,39.190791902414475,38.824159047645004,0.3666328547694704,True,True
1.0,12,0.9199999999999999,0.9299999999999999,4.44,4.086,-0.3540000000000001,7.56,-0.6303649635792266,True,True,True,4.44,3.372,43.38294598628119,43.01844281014374,0.364503176137454,True,True
1.0,12,0.9299999999999999,0.94,4.086,3.702,-0.38400000000000034,7.914,-0.5743244630948882,True,True,True,4.086,3.096,47.96081451366522,47.612325464797806,0.34848904886741394,True,True
1.0,12,0.94,0.95,3.702,3.282,-0.41999999999999993,8.298,-0.5134421000526903,True,True,True,3.702,2.802,52.99081462223729,52.676166063321844,0.31464855891544374,True,True
1.0,12,0.95,0.96,3.282,2.802,-0.48,8.718,-0.4471749404706659,True,True,True,3.282,2.49,58.55744159482598,58.29756288866076,0.25987870616522457,True,True
1.0,12,0.96,0.97,2.802,2.262,-0.54,9.198,-0.375480705597307,True,True,True,2.802,2.154,64.77029543836375,64.58267493596937,0.1876205023943811,True,True
1.0,12,0.97,0.98,2.262,1.6380000000000001,-0.6239999999999999,9.738,-0.29661176248609206,True,True,True,2.262,1.794,71.77493259281763,71.67193939589878,0.10299319691885955,True,True
1.0,12,0.98,0.99,1.6380000000000001,0.9,-0.7380000000000001,10.362,-0.20934045322413672,True,True,True,1.6380000000000001,1.4040000000000001,79.77038205378123,79.74374986359896,0.026632190182269255,True,True
1.0,13,0.7,0.71,13.0,13.0,0.0,0.0,-0.0,True,True,True,13.0,13.0,15.5,15.5,0.0,True,True
1.0,13,0.71,0.72,13.0,13.0,0.0,0.0,-0.0,True,True,True,13.0,13.0,15.5,15.5,0.0,True,True
1.0,13,0.72,0.73,13.0,13.0,0.0,0.0,-0.0,True,True,True,13.0,13.0,15.5,15.5,0.0,True,True
1.0,13,0.73,0.74,13.0,13.0,0.0,0.0,-0.0,True,True,True,13.0,13.0,15.5,15.5,0.0,True,True
1.0,13,0.74,0.75,13.0,13.0,0.0,0.0,-0.0,True,True,True,13.0,5.2,15.5,-3.969911110279069,19.46991111027907,True,True
1.0,13,0.75,0.76,13.0,13.0,0.0,0.0,-0.0,True,True,True,13.0,5.2325,15.5,-2.9857188168488467,18.485718816848845,True,True
1.0,13,0.76,0.77,13.0,13.0,0.0,0.0,-0.0,True,True,True,13.0,5.239,15.5,-1.838694494483505,17.338694494483505,True,True
1.0,13,0.77,0.78,13.0,13.0,0.0,0.0,-0.0,True,True,True,13.0,5.226,15.5,-0.5462562532116682,16.046256253211666,True,True
1.0,13,0.78,0.79,13.0,13.0,0.0,0.0,-0.0,True,True,True,13.0,5.193499999999999,15.5,0.8897276267085008,14.6102723732915,True,True
1.0,13,0.79,0.7999999999999999,13.0,13.0,0.0,0.0,-0.0,True,True,True,13.0,5.135,15.5,2.4775215853901837,13.022478414609816,True,True
1.0,13,0.7999999999999999,0.8099999999999999,13.0,13.0,0.0,0.0,-0.0,True,True,True,13.0,5.069999999999999,15.5,4.188884329655753,11.311115670344247,True,True
1.0,13,0.8099999999999999,0.82,13.0,13.0,0.0,0.0,-0.0,True,True,True,13.0,4.9855,15.5,6.046064975504763,9.453935024495237,True,True
1.0,13,0.82,0.83,13.0,13.0,0.0,0.0,-0.0,True,True,True,13.0,4.888,15.5,8.045807518891197,7.454192481108803,True,True
1.0,13,0.83,0.84,13.0,13.0,0.0,0.0,-0.0,True,True,True,13.0,4.7775,15.5,10.195997806233141,5.304002193766859,True,True
1.0,13,0.84,0.85,13.0,13.0,0.0,0.0,-0.0,True,True,True,13.0,4.6605,15.5,12.502789028001638,2.9972109719983617,True,True
1.0,13,0.85,0.86,13.0,3.7245,-9.275500000000001,0.0,-0.0,True,True,True,13.0,4.524,15.5,14.987277162022986,0.5127228379770141,True,True
1.0,13,0.86,0.87,3.7245,3.9455,0.22100000000000009,9.275500000000001,-1.3989577137331308,False,False,False,3.7245,4.381,17.7494621313744,17.65816627086872,0.0912958605056815,True,False
1.0,13,0.87,0.88,3.9455,4.095,0.14949999999999974,9.0545,-1.2609483886712451,False,False,False,3.9455,4.225,20.55502885092082,20.53799115586998,0.01703769505083841,True,False
1.0,13,0.88,0.89,4.095,4.16,0.06500000000000039,8.905000000000001,-1.138356173295525,False,False,False,4.095,4.056,23.650005620390985,23.64963943441223,0.00036618597875559544,True,True
1.0,13,0.89,0.9,4.16,4.147,-0.0129999999999999,8.84,-1.0301589357026113,False,True,False,4.16,3.8739999999999997,27.042222392589075,27.021023316172,0.021199076417076412,True,True
1.0,13,0.9,0.91,4.147,4.056,-0.09100000000000019,8.853,-0.932756645118736,True,True,True,4.147,3.679,30.747951856028962,30.686153883949178,0.0617979720797841,True,True
1.0,13,0.91,0.9199999999999999,4.056,3.9065,-0.1495000000000002,8.943999999999999,-0.843514717190782,True,True,True,4.056,3.4709999999999996,34.79401664208649,34.68648492443073,0.10753171765576042,True,True
1.0,13,0.9199999999999999,0.9299999999999999,3.9065,3.6919999999999997,-0.21450000000000014,9.0935,-0.7582306608872615,True,True,True,3.9065,3.2435,39.219090872197384,39.06967077551202,0.14942009668536116,True,True
1.0,13,0.9299999999999999,0.94,3.6919999999999997,3.419,-0.2729999999999997,9.308,-0.6754880089066488,True,True,True,3.6919999999999997,2.9964999999999997,44.07536883580404,43.89643312802245,0.17893570778159074,True,True
1.0,13,0.94,0.95,3.419,3.0875,-0.33150000000000013,9.581,-0.5928282430229966,True,True,True,3.419,2.73,49.4313922390886,49.24270641957549,0.18868581951311114,True,True
1.0,13,0.95,0.96,3.0875,2.678,-0.4095,9.9125,-0.508444780616595,True,True,True,3.0875,2.4375,55.376692651423205,55.20016978620722,0.17652286521598626,True,True
1.0,13,0.96,0.97,2.678,2.1905,-0.4874999999999998,10.322,-0.4213646274380738,True,True,True,2.678,2.1189999999999998,62.02923871973863,61.88965185631312,0.13958686342550664,True,True
1.0,13,0.97,0.98,2.1905,1.6055,-0.5850000000000002,10.8095,-0.32924880330595735,True,True,True,2.1905,1.7745,69.54725382076138,69.46609017862153,0.08116364213985605,True,True
1.0,13,0.98,0.99,1.6055,0.8905,-0.715,11.3945,-0.23019974852947556,True,True,True,1.6055,1.3975,78.14867601842965,78.12787910181603,0.020796916613619487,True,True
1.0,14,0.7,0.71,14.0,14.0,0.0,0.0,-0.0,True,True,True,14.0,3.402,2.0,-3.5046265560957788,5.504626556095779,True,True
1.0,14,0.71,0.72,14.0,14.0,0.0,0.0,-0.0,True,True,True,14.0,3.549,2.0,-3.5083634051620014,5.508363405162001,True,True
1.0,14,0.72,0.73,14.0,14.0,0.0,0.0,-0.0,True,True,True,14.0,3.682,2.0,-3.4060251927697065,5.4060251927697065,True,True
1.0,14,0.73,0.74,14.0,14.0,0.0,0.0,-0.0,True,True,True,14.0,3.8080000000000003,2.0,-3.2047980014510236,5.204798001451024,True,True
1.0,14,0.74,0.75,14.0,14.0,0.0,0.0,-0.0,True,True,True,14.0,3.92,2.0,-2.876403515350212,4.876403515350212,True,True
1.0,14,0.75,0.76,14.0,0.714,-13.286,0.0,-0.0,True,True,True,14.0,4.025,2.0,-2.428314065178257,4.428314065178257,True,True
1.0,14,0.76,0.77,0.714,0.84,0.126,13.286,-3.6461679319935874,False,False,False,0.714,4.109,2.3541939632350766,-1.8178349916305283,4.172028954865604,True,False
1.0,14,0.77,0.78,0.84,0.98,0.14,13.16,-3.439560296008803,False,False,False,0.84,4.179,2.8550787398116997,-1.0544217353042864,3.909500475115986,True,False
1.0,14,0.78,0.79,0.98,1.1340000000000001,0.15400000000000014,13.02,-3.2349668980664648,False,False,False,0.98,4.235,3.4559507860558485,-0.13063406311640335,3.586584849172252,True,False
1.0,14,0.79,0.7999999999999999,1.1340000000000001,1.316,0.18199999999999994,12.866,-3.0328035430820846,False,False,False,1.1340000000000001,4.2700000000000005,4.175059285265081,0.9740247099738966,3.2010345752911844,True,False
1.0,14,0.7999999999999999,0.8099999999999999,1.316,1.5190000000000001,0.20300000000000007,12.684,-2.8303528048694377,False,False,False,1.316,4.284,5.033275731958458,2.263574250966686,2.769701480991772,True,False
1.0,14,0.8099999999999999,0.82,1.5190000000000001,1.743,0.22399999999999998,12.481,-2.630009191850661,False,False,False,1.5190000000000001,4.284,6.054099470735027,3.7311217635081135,2.3229777072269133,True,False
1.0,14,0.82,0.83,1.743,1.988,0.24499999999999988,12.257,-2.4324131559380864,False,False,False,1.743,4.263,7.26343971043832,5.394646477956989,1.8687932324813303,True,False
1.0,14,0.83,0.84,1.988,2.247,0.2589999999999999,12.012,-2.23819089323622,False,False,False,1.988,4.228,8.689055349696895,7.251421612239996,1.437633737456899,True,False
1.0,14,0.84,0.85,2.247,2.513,0.266,11.753,-2.0491753591125734,False,False,False,2.247,4.172,10.359606243694135,9.319782249836322,1.0398239938578122,True,False
1.0,14,0.85,0.86,2.513,2.7720000000000002,0.25900000000000034,11.487,-1.8668549431409407,False,False,False,2.513,4.102,12.303330754265659,11.6033157824777,0.700014971787958,True,False
1.0,14,0.86,0.87,2.7720000000000002,3.017,0.24499999999999966,11.228,-1.6934394059399054,False,False,False,2.7720000000000002,4.018,14.54660565840464,14.118156733080003,0.42844892532463774,True,False
1.0,14,0.87,0.88,3.017,3.227,0.20999999999999996,10.983,-1.5295152855239147,False,False,False,3.017,3.9130000000000003,17.112920572997872,16.8873880770509,0.22553249594697178,True,False
1.0,14,0.88,0.89,3.227,3.3810000000000002,0.15400000000000036,10.773,-1.3771489112759898,False,False,False,3.227,3.787,20.022920431219266,19.93132733970411,0.09159309151515416,True,False
1.0,14,0.89,0.9,3.3810000000000002,3.479,0.09799999999999986,10.619,-1.237472594821949,False,False,False,3.3810000000000002,3.6470000000000002,23.296072914998504,23.27473544529885,0.021337469699652445,True,False
1.0,14,0.9,0.91,3.479,3.507,0.028000000000000025,10.521,-1.1084979852359904,False,False,False,3.479,3.493,26.95371304370059,26.953629540350896,8.35033496926485e-05,True,False
1.0,14,0.91,0.9199999999999999,3.507,3.465,-0.04200000000000026,10.493,-0.9896019596917349,True,True,True,3.507,3.318,31.022937796216866,31.011181920523896,0.011755875692969653,True,True
1.0,14,0.9199999999999999,0.9299999999999999,3.465,3.353,-0.11199999999999966,10.535,-0.8784252501729037,True,True,True,3.465,3.115,35.54054805671132,35.497176129296165,0.043371927415158495,True,True
1.0,14,0.9299999999999999,0.94,3.353,3.164,-0.18900000000000006,10.647,-0.7726601666124936,True,True,True,3.353,2.898,40.556996820689065,40.479206523828935,0.07779029686012962,True,True
1.0,14,0.94,0.95,3.164,2.9050000000000002,-0.2589999999999999,10.836,-0.6704818746891965,True,True,True,3.164,2.653,46.14075777753095,46.03514217813826,0.10561559939269216,True,True
1.0,14,0.95,0.96,2.9050000000000002,2.562,-0.3430000000000004,11.094999999999999,-0.5690991012298736,True,True,True,2.9050000000000002,2.387,52.38400244361503,52.27048336321551,0.11351908039952008,True,True
1.0,14,0.96,0.97,2.562,2.121,-0.44099999999999984,11.438,-0.4669219733226786,True,True,True,2.562,2.086,59.41097856912343,59.31075925169478,0.10021931742864609,True,True
1.0,14,0.97,0.98,2.121,1.575,-0.546,11.879,-0.3618249257108531,True,True,True,2.121,1.7570000000000001,67.3911074653867,67.32905398571003,0.062053479676663414,True,True
1.0,14,0.98,0.99,1.575,0.882,-0.693,12.425,-0.25101863842017935,True,True,True,1.575,1.3860000000000001,76.56047455862252,76.5437878317351,0.016686726887414238,True,True
1.0,15,0.7,0.71,0.18,0.2175,0.037500000000000006,14.82,-5.285922669172015,False,False,False,0.18,2.6999999999999997,0.49003591499328336,-2.4013278985344755,2.891363813527759,True,False
1.0,15,0.71,0.72,0.2175,0.2625,0.04500000000000001,14.7825,-5.062862992005717,False,False,False,0.2175,2.8274999999999997,0.6090886958348425,-2.4505493239617255,3.059638019796568,True,False
1.0,15,0.72,0.73,0.2625,0.3075,0.044999999999999984,14.7375,-4.841328687000383,False,False,False,0.2625,2.9475,0.755202377816633,-2.4362227821160194,3.1914251599326526,True,False
1.0,15,0.73,0.74,0.3075,0.3675,0.06,14.6925,-4.623887618557296,False,False,False,0.3075,3.0675,0.9341785257488495,-2.3654021342468465,3.299580659995696,True,False
1.0,15,0.74,0.75,0.3675,0.435,0.0675,14.6325,-4.405920270160733,False,False,False,0.3675,3.1875,1.1529588217935967,-2.227091804398501,3.3800506261920975,True,False
1.0,15,0.75,0.76,0.435,0.5175,0.08249999999999996,14.565,-4.190089385260189,False,False,False,0.435,3.3,1.4198806078938229,-1.9918393630682605,3.4117199709620833,True,False
1.0,15,0.76,0.77,0.5175,0.6074999999999999,0.08999999999999997,14.4825,-3.9745316178757437,False,False,False,0.5175,3.405,1.7449068194050805,-1.6471510004794858,3.3920578198845663,True,False
1.0,15,0.77,0.78,0.6074999999999999,0.7125,0.1050000000000001,14.3925,-3.7616923678044603,False,False,False,0.6074999999999999,3.4949999999999997,2.13990877970999,-1.1635428834250359,3.303451663135026,True,False
1.0,15,0.78,0.79,0.7125,0.84,0.12749999999999995,14.2875,-3.549891670977313,False,False,False,0.7125,3.5774999999999997,2.6189470284930665,-0.5452816858277796,3.164228714320846,True,False
1.0,15,0.79,0.7999999999999999,0.84,0.975,0.135,14.16,-3.337828242658349,False,False,False,0.84,3.6525,3.1986001824963126,0.2212751312965464,2.977325051199766,True,False
1.0,15,0.7999999999999999,0.8099999999999999,0.975,1.1325,0.15750000000000008,14.025,-3.1295883071817934,False,False,False,0.975,3.705,3.8982674261302273,1.179178863615924,2.7190885625143033,True,False
1.0,15,0.8099999999999999,0.82,1.1325,1.3125,0.17999999999999994,13.8675,-2.9221739017698134,False,False,False,1.1325,3.7424999999999997,4.740378686101167,2.324450875702654,2.4159278103985127,True,False
1.0,15,0.82,0.83,1.3125,1.5074999999999998,0.19499999999999984,13.6875,-2.716297223782537,False,False,False,1.3125,3.7725,5.750584479793273,3.657329446360455,2.0932550334328175,True,False
1.0,15,0.83,0.84,1.5074999999999998,1.7249999999999999,0.21750000000000003,13.4925,-2.514051833748726,False,False,False,1.5074999999999998,3.78,6.957683880118567,5.216873718428358,1.7408101616902085,True,False
1.0,15,0.84,0.85,1.7249999999999999,1.95,0.2250000000000001,13.275,-2.3145412143469253,False,False,False,1.7249999999999999,3.7649999999999997,8.393338190631477,7.014292313508754,1.3790458771227225,True,False
1.0,15,0.85,0.86,1.95,2.1825,0.23250000000000015,13.05,-2.120872029945963,False,False,False,1.95,3.7424999999999997,10.09145029618683,9.045313974040083,1.0461363221467472,True,False
1.0,15,0.86,0.87,2.1825,2.415,0.23249999999999993,12.817499999999999,-1.933172389173026,False,False,False,2.1825,3.6975,12.087193027810816,11.347381122870221,0.7398119049405949,True,False
1.0,15,0.87,0.88,2.415,2.6325,0.2174999999999998,12.585,-1.752613117392194,False,False,False,2.415,3.63,14.415931951753443,13.938947974581888,0.47698397717155494,True,False
1.0,15,0.88,0.89,2.6325,2.82,0.1875,12.3675,-1.5809792221485013,False,False,False,2.6325,3.5475,17.11232202967467,16.83827004514935,0.2740519845253182,True,False
1.0,15,0.89,0.9,2.82,2.9625,0.14250000000000007,12.18,-1.4193818819974893,False,False,False,2.82,3.4425,20.21014708676761,20.080683318588445,0.12946376817916416,True,False
1.0,15,0.9,0.91,2.9625,3.06,0.09750000000000014,12.0375,-1.2682772072310837,False,False,False,2.9625,3.315,23.743382221131625,23.70141222718328,0.041969993948345774,True,False
1.0,15,0.91,0.9199999999999999,3.06,3.09,0.029999999999999805,11.94,-1.126069512886621,False,False,False,3.06,3.1725,27.748743297279024,27.744083505182935,0.0046597920960884665,True,False
1.0,15,0.9199999999999999,0.9299999999999999,3.09,3.045,-0.04499999999999993,11.91,-0.9930749624640991,True,True,True,3.09,3.0,32.26953615474408,32.26663876548819,0.0028973892558923353,True,True
1.0,15,0.9299999999999999,0.94,3.045,2.9325,-0.11249999999999982,11.955,-0.8675826328404583,True,True,True,3.045,2.8049999999999997,37.36054090572367,37.33742137276027,0.02311953296339908,True,True
1.0,15,0.94,0.95,2.9325,2.7375,-0.19500000000000028,12.067499999999999,-0.7466814343680211,True,True,True,2.9325,2.5875,43.09389548358599,43.045104156175,0.04879132741098857,True,True
1.0,15,0.95,0.96,2.7375,2.445,-0.2925,12.2625,-0.628984022427339,True,True,True,2.7375,2.34,49.56636460486209,49.49951462342369,0.06684998143839493,True,True
1.0,15,0.96,0.97,2.445,2.0549999999999997,-0.3900000000000001,12.555,-0.5125201412018036,True,True,True,2.445,2.0549999999999997,56.90940254689585,56.84083611124744,0.06856643564840681,True,True
1.0,15,0.97,0.98,2.0549999999999997,1.5374999999999999,-0.5174999999999998,12.945,-0.3942944408895525,True,True,True,2.0549999999999997,1.74,65.30404030610926,65.25801729521233,0.04602301089693128,True,True
1.0,15,0.98,0.99,1.5374999999999999,0.87,-0.6674999999999999,13.4625,-0.2719789472621058,True,True,True,1.5374999999999999,1.38,75.00507691267447,74.99279379024296,0.012283122431512083,True,True
1.4,5,0.7,0.71,5.0,5.0,0.0,0.0,-0.0,True,True,True,5.0,5.0,82.5,82.5,0.0,True,True
1.4,5,0.71,0.72,5.0,5.0,0.0,0.0,-0.0,True,True,True,5.0,5.0,82.5,82.5,0.0,True,True
1.4,5,0.72,0.73,5.0,5.0,0.0,0.0,-0.0,True,True,True,5.0,5.0,82.5,82.5,0.0,True,True
1.4,5,0.73,0.74,5.0,5.0,0.0,0.0,-0.0,True,True,True,5.0,5.0,82.5,82.5,0.0,True,True
1.4,5,0.74,0.75,5.0,5.0,0.0,0.0,-0.0,True,True,True,5.0,5.0,82.5,82.5,0.0,True,True
1.4,5,0.75,0.76,5.0,5.0,0.0,0.0,-0.0,True,True,True,5.0,5.0,82.5,82.5,0.0,True,True
1.4,5,0.76,0.77,5.0,5.0,0.0,0.0,-0.0,True,True,True,5.0,5.0,82.5,82.5,0.0,True,True
1.4,5,0.77,0.78,5.0,5.0,0.0,0.0,-0.0,True,True,True,5.0,5.0,82.5,82.5,0.0,True,True
1.4,5,0.78,0.79,5.0,5.0,0.0,0.0,-0.0,True,True,True,5.0,5.0,82.5,82.5,0.0,True,True
1.4,5,0.79,0.7999999999999999,5.0,5.0,0.0,0.0,-0.0,True,True,True,5.0,5.0,82.5,82.5,0.0,True,True
1.4,5,0.7999999999999999,0.8099999999999999,5.0,5.0,0.0,0.0,-0.0,True,True,True,5.0,5.0,82.5,82.5,0.0,True,True
1.4,5,0.8099999999999999,0.82,5.0,5.0,0.0,0.0,-0.0,True,True,True,5.0,5.0,82.5,82.5,0.0,True,True
1.4,5,0.82,0.83,5.0,5.0,0.0,0.0,-0.0,True,True,True,5.0,5.0,82.5,82.5,0.0,True,True
1.4,5,0.83,0.84,5.0,5.0,0.0,0.0,-0.0,True,True,True,5.0,5.0,82.5,82.5,0.0,True,True
1.4,5,0.84,0.85,5.0,5.0,0.0,0.0,-0.0,True,True,True,5.0,5.0,82.5,82.5,0.0,True,True
1.4,5,0.85,0.86,5.0,5.0,0.0,0.0,-0.0,True,True,True,5.0,5.0,82.5,82.5,0.0,True,True
1.4,5,0.86,0.87,5.0,5.0,0.0,0.0,-0.0,True,True,True,5.0,5.0,82.5,82.5,0.0,True,True
1.4,5,0.87,0.88,5.0,5.0,0.0,0.0,-0.0,True,True,True,5.0,5.0,82.5,82.5,0.0,True,True
1.4,5,0.88,0.89,5.0,5.0,0.0,0.0,-0.0,True,True,True,5.0,4.695,82.5,80.74599419702182,1.7540058029781846,True,True
1.4,5,0.89,0.9,5.0,5.0,0.0,0.0,-0.0,True,True,True,5.0,4.225,82.5,78.86901480804329,3.630985191956711,True,True
1.4,5,0.9,0.91,5.0,5.0,0.0,0.0,-0.0,True,True,True,5.0,3.8025,82.5,78.02526309944784,4.474736900552159,True,True
1.4,5,0.91,0.9199999999999999,5.0,5.0,0.0,0.0,-0.0,True,True,True,5.0,3.415,82.5,77.95179959712323,4.548200402876773,True,True
1.4,5,0.9199999999999999,0.9299999999999999,5.0,5.0,0.0,0.0,-0.0,True,True,True,5.0,3.0500000000000003,82.5,78.48185756604703,4.018142433952974,True,True
1.4,5,0.9299999999999999,0.94,5.0,4.2075000000000005,-0.7924999999999995,0.0,-0.0,True,True,True,5.0,2.7025,82.5,79.53025847273796,2.9697415272620447,True,True
1.4,5,0.94,0.95,4.2075000000000005,3.37,-0.8375000000000004,0.7924999999999995,-0.04903625744658434,True,True,True,4.2075000000000005,2.365,82.82252129179184,81.04031957181327,1.7822017199785734,True,True
1.4,5,0.95,0.96,3.37,2.65,-0.7200000000000002,1.63,-0.08360806985170743,True,True,True,3.37,2.035,84.0293379549466,82.99270230669954,1.0366356482470565,True,True
1.4,5,0.96,0.97,2.65,1.985,-0.6649999999999998,2.35,-0.09593168712259964,True,True,True,2.65,1.7075,85.93685779794481,85.38257948401439,0.5542783139304248,True,True
1.4,5,0.97,0.98,1.985,1.34,-0.645,3.0149999999999997,-0.09183451056639634,True,True,True,1.985,1.3800000000000001,88.46745308001637,88.22683609690793,0.24061698310843838,True,True
1.4,5,0.98,0.99,1.34,0.6875,-0.6525000000000001,3.66,-0.07394190878212124,True,True,True,1.34,1.0475,91.61564430779653,91.55729219481636,0.05835211298017384,True,True
1.4,6,0.7,0.71,6.0,6.0,0.0,0.0,-0.0,True,True,True,6.0,6.0,74.8,74.8,0.0,True,True
1.4,6,0.71,0.72,6.0,6.0,0.0,0.0,-0.0,True,True,True,6.0,6.0,74.8,74.8,0.0,True,True
1.4,6,0.72,0.73,6.0,6.0,0.0,0.0,-0.0,True,True,True,6.0,6.0,74.8,74.8,0.0,True,True
1.4,6,0.73,0.74,6.0,6.0,0.0,0.0,-0.0,True,True,True,6.0,6.0,74.8,74.8,0.0,True,True
1.4,6,0.74,0.75,6.0,6.0,0.0,0.0,-0.0,True,True,True,6.0,6.0,74.8,74.8,0.0,True,True
1.4,6,0.75,0.76,6.0,6.0,0.0,0.0,-0.0,True,True,True,6.0,6.0,74.8,74.8,0.0,True,True
1.4,6,0.76,0.77,6.0,6.0,0.0,0.0,-0.0,True,True,True,6.0,6.0,74.8,74.8,0.0,True,True
1.4,6,0.77,0.78,6.0,6.0,0.0,0.0,-0.0,True,True,True,6.0,6.0,74.8,74.8,0.0,True,True
1.4,6,0.78,0.79,6.0,6.0,0.0,0.0,-0.0,True,True,True,6.0,6.0,74.8,74.8,0.0,True,True
1.4,6,0.79,0.7999999999999999,6.0,6.0,0.0,0.0,-0.0,True,True,True,6.0,6.0,74.8,74.8,0.0,True,True
1.4,6,0.7999999999999999,0.8099999999999999,6.0,6.0,0.0,0.0,-0.0,True,True,True,6.0,6.0,74.8,74.8,0.0,True,True
1.4,6,0.8099999999999999,0.82,6.0,6.0,0.0,0.0,-0.0,True,True,True,6.0,6.0,74.8,74.8,0.0,True,True
1.4,6,0.82,0.83,6.0,6.0,0.0,0.0,-0.0,True,True,True,6.0,6.0,74.8,74.8,0.0,True,True
1.4,6,0.83,0.84,6.0,6.0,0.0,0.0,-0.0,True,True,True,6.0,6.0,74.8,74.8,0.0,True,True
1.4,6,0.84,0.85,6.0,6.0,0.0,0.0,-0.0,True,True,True,6.0,6.0,74.8,74.8,0.0,True,True
1.4,6,0.85,0.86,6.0,6.0,0.0,0.0,-0.0,True,True,True,6.0,5.868,74.8,73.7742001502043,1.0257998497957033,True,True
1.4,6,0.86,0.87,6.0,6.0,0.0,0.0,-0.0,True,True,True,6.0,5.274,74.8,70.15789466128723,4.642105338712767,True,True
1.4,6,0.87,0.88,6.0,6.0,0.0,0.0,-0.0,True,True,True,6.0,4.779,74.8,68.37600406275291,6.423995937247085,True,True
1.4,6,0.88,0.89,6.0,6.0,0.0,0.0,-0.0,True,True,True,6.0,4.347,74.8,67.72493760259827,7.075062397401723,True,True
1.4,6,0.89,0.9,6.0,6.0,0.0,0.0,-0.0,True,True,True,6.0,3.9570000000000003,74.8,67.85358083494174,6.946419165058259,True,True
1.4,6,0.9,0.91,6.0,6.0,0.0,0.0,-0.0,True,True,True,6.0,3.597,74.8,68.57582431092779,6.2241756890722115,True,True
1.4,6,0.91,0.9199999999999999,6.0,5.913,-0.08699999999999974,0.0,-0.0,True,True,True,6.0,3.255,74.8,69.77482993096544,5.025170069034559,True,True
1.4,6,0.9199999999999999,0.9299999999999999,5.913,4.7250000000000005,-1.1879999999999997,0.08699999999999974,-0.007254199977697428,True,True,True,5.913,2.928,74.80270652227125,71.40148819911607,3.4012183231551774,True,True
1.4,6,0.9299999999999999,0.94,4.7250000000000005,3.876,-0.8490000000000006,1.2749999999999995,-0.09252763336441522,True,True,True,4.7250000000000005,2.613,75.5344644377662,73.42866378085748,2.105800656908727,True,True
1.4,6,0.94,0.95,3.876,3.168,-0.7079999999999997,2.124,-0.13142335749721792,True,True,True,3.876,2.301,77.16828442710295,75.83640637899697,1.3318780481059775,True,True
1.4,6,0.95,0.96,3.168,2.532,-0.6360000000000001,2.832,-0.14526260970554322,True,True,True,3.168,1.992,79.45415916860854,78.63956408946906,0.8145950791394796,True,True
1.4,6,0.96,0.97,2.532,1.92,-0.6120000000000001,3.468,-0.14157067699624493,True,True,True,2.532,1.68,82.31166582205265,81.85668663904345,0.4549791830092005,True,True
1.4,6,0.97,0.98,1.92,1.314,-0.6059999999999999,4.08,-0.12427356653761099,True,True,True,1.92,1.365,85.73334107707488,85.5291788846898,0.20416219238508404,True,True
1.4,6,0.98,0.99,1.314,0.681,-0.633,4.686,-0.09466988648989622,True,True,True,1.314,1.041,89.75870083145006,89.70840675143975,0.05029408001030333,True,True
1.4,7,0.7,0.71,7.0,7.0,0.0,0.0,-0.0,True,True,True,7.0,7.0,65.7,65.7,0.0,True,True
1.4,7,0.71,0.72,7.0,7.0,0.0,0.0,-0.0,True,True,True,7.0,7.0,65.7,65.7,0.0,True,True
1.4,7,0.72,0.73,7.0,7.0,0.0,0.0,-0.0,True,True,True,7.0,7.0,65.7,65.7,0.0,True,True
1.4,7,0.73,0.74,7.0,7.0,0.0,0.0,-0.0,True,True,True,7.0,7.0,65.7,65.7,0.0,True,True
1.4,7,0.74,0.75,7.0,7.0,0.0,0.0,-0.0,True,True,True,7.0,7.0,65.7,65.7,0.0,True,True
1.4,7,0.75,0.76,7.0,7.0,0.0,0.0,-0.0,True,True,True,7.0,7.0,65.7,65.7,0.0,True,True
1.4,7,0.76,0.77,7.0,7.0,0.0,0.0,-0.0,True,True,True,7.0,7.0,65.7,65.7,0.0,True,True
1.4,7,0.77,0.78,7.0,7.0,0.0,0.0,-0.0,True,True,True,7.0,7.0,65.7,65.7,0.0,True,True
1.4,7,0.78,0.79,7.0,7.0,0.0,0.0,-0.0,True,True,True,7.0,7.0,65.7,65.7,0.0,True,True
1.4,7,0.79,0.7999999999999999,7.0,7.0,0.0,0.0,-0.0,True,True,True,7.0,7.0,65.7,65.7,0.0,True,True
1.4,7,0.7999999999999999,0.8099999999999999,7.0,7.0,0.0,0.0,-0.0,True,True,True,7.0,7.0,65.7,65.7,0.0,True,True
1.4,7,0.8099999999999999,0.82,7.0,7.0,0.0,0.0,-0.0,True,True,True,7.0,7.0,65.7,65.7,0.0,True,True
1.4,7,0.82,0.83,7.0,7.0,0.0,0.0,-0.0,True,True,True,7.0,7.0,65.7,65.7,0.0,True,True
1.4,7,0.83,0.84,7.0,7.0,0.0,0.0,-0.0,True,True,True,7.0,6.3420000000000005,65.7,60.30663893787613,5.393361062123873,True,True
1.4,7,0.84,0.85,7.0,7.0,0.0,0.0,-0.0,True,True,True,7.0,5.7015,65.7,56.98510583881354,8.714894161186464,True,True
1.4,7,0.85,0.86,7.0,7.0,0.0,0.0,-0.0,True,True,True,7.0,5.194,65.7,55.679892085999526,10.020107914000477,True,True
1.4,7,0.86,0.87,7.0,7.0,0.0,0.0,-0.0,True,True,True,7.0,4.7635000000000005,65.7,55.48471878829885,10.215281211701154,True,True
1.4,7,0.87,0.88,7.0,7.0,0.0,0.0,-0.0,True,True,True,7.0,4.382,65.7,56.00691867378375,9.693081326216252,True,True
1.4,7,0.88,0.89,7.0,7.0,0.0,0.0,-0.0,True,True,True,7.0,4.0355,65.7,57.057478371546935,8.642521628453068,True,True
1.4,7,0.89,0.9,7.0,7.0,0.0,0.0,-0.0,True,True,True,7.0,3.7135000000000002,65.7,58.52902413898119,7.17097586101881,True,True
1.4,7,0.9,0.91,7.0,6.314,-0.6859999999999999,0.0,-0.0,True,True,True,7.0,3.4055,65.7,60.35564142287113,5.344358577128872,True,True
1.4,7,0.91,0.9199999999999999,6.314,5.0715,-1.2424999999999997,0.6859999999999999,-0.06469712611727152,True,True,True,6.314,3.1045000000000003,65.82851476225667,62.50759633982677,3.320918422429905,True,True
1.4,7,0.9199999999999999,0.9299999999999999,5.0715,4.2455,-0.8260000000000005,1.9284999999999997,-0.1608014328389601,True,True,True,5.0715,2.814,67.14203407907999,64.99379772012917,2.1482363589508253,True,True
1.4,7,0.9299999999999999,0.94,4.2455,3.577,-0.6684999999999999,2.7545,-0.1998959734135544,True,True,True,4.2455,2.527,69.26460355235562,67.8110024376315,1.4536011147241226,True,True
1.4,7,0.94,0.95,3.577,2.982,-0.5949999999999998,3.423,-0.2117995069270136,True,True,True,3.577,2.24,71.95624026449072,70.97606925323919,0.9801710112515281,True,True
1.4,7,0.95,0.96,2.982,2.4185,-0.5635000000000003,4.018,-0.2060964568491782,True,True,True,2.982,1.9495,75.15083122944242,74.51753458763893,0.6332966418034829,True,True
1.4,7,0.96,0.97,2.4185,1.862,-0.5564999999999998,4.5815,-0.18702596789454903,True,True,True,2.4185,1.6520000000000001,78.84782020075808,78.47676287123362,0.37105732952446147,True,True
1.4,7,0.97,0.98,1.862,1.2845,-0.5775000000000001,5.138,-0.15649940805643264,True,True,True,1.862,1.3475,83.08627158926609,82.91251908362983,0.17375250563625855,True,True
1.4,7,0.98,0.99,1.2845,0.672,-0.6124999999999999,5.7155000000000005,-0.11546857367328252,True,True,True,1.2845,1.0325,87.9398989288008,87.89618115689481,0.04371777190598891,True,True
1.4,8,0.7,0.71,8.0,8.0,0.0,0.0,-0.0,True,True,True,8.0,8.0,55.2,55.2,0.0,True,True
1.4,8,0.71,0.72,8.0,8.0,0.0,0.0,-0.0,True,True,True,8.0,8.0,55.2,55.2,0.0,True,True
1.4,8,0.72,0.73,8.0,8.0,0.0,0.0,-0.0,True,True,True,8.0,8.0,55.2,55.2,0.0,True,True
1.4,8,0.73,0.74,8.0,8.0,0.0,0.0,-0.0,True,True,True,8.0,8.0,55.2,55.2,0.0,True,True
1.4,8,0.74,0.75,8.0,8.0,0.0,0.0,-0.0,True,True,True,8.0,8.0,55.2,55.2,0.0,True,True
1.4,8,0.75,0.76,8.0,8.0,0.0,0.0,-0.0,True,True,True,8.0,8.0,55.2,55.2,0.0,True,True
1.4,8,0.76,0.77,8.0,8.0,0.0,0.0,-0.0,True,True,True,8.0,8.0,55.2,55.2,0.0,True,True
1.4,8,0.77,0.78,8.0,8.0,0.0,0.0,-0.0,True,True,True,8.0,8.0,55.2,55.2,0.0,True,True
1.4,8,0.78,0.79,8.0,8.0,0.0,0.0,-0.0,True,True,True,8.0,8.0,55.2,55.2,0.0,True,True
1.4,8,0.79,0.7999999999999999,8.0,8.0,0.0,0.0,-0.0,True,True,True,8.0,8.0,55.2,55.2,0.0,True,True
1.4,8,0.7999999999999999,0.8099999999999999,8.0,8.0,0.0,0.0,-0.0,True,True,True,8.0,7.488,55.2,49.954435883240286,5.2455641167597165,True,True
1.4,8,0.8099999999999999,0.82,8.0,8.0,0.0,0.0,-0.0,True,True,True,8.0,6.488,55.2,43.249993309802406,11.950006690197597,True,True
1.4,8,0.82,0.83,8.0,8.0,0.0,0.0,-0.0,True,True,True,8.0,5.864,55.2,41.37896117535369,13.821038824646315,True,True
1.4,8,0.83,0.84,8.0,8.0,0.0,0.0,-0.0,True,True,True,8.0,5.388,55.2,41.14419824191059,14.055801758089416,True,True
1.4,8,0.84,0.85,8.0,8.0,0.0,0.0,-0.0,True,True,True,8.0,4.992,55.2,41.74374086976793,13.45625913023207,True,True
1.4,8,0.85,0.86,8.0,8.0,0.0,0.0,-0.0,True,True,True,8.0,4.644,55.2,42.86349004490023,12.336509955099771,True,True
1.4,8,0.86,0.87,8.0,8.0,0.0,0.0,-0.0,True,True,True,8.0,4.328,55.2,44.362802931885604,10.8371970681144,True,True
1.4,8,0.87,0.88,8.0,8.0,0.0,0.0,-0.0,True,True,True,8.0,4.0360000000000005,55.2,46.17519344009041,9.024806559909592,True,True
1.4,8,0.88,0.89,8.0,8.0,0.0,0.0,-0.0,True,True,True,8.0,3.7560000000000002,55.2,48.252601674638555,6.947398325361448,True,True
1.4,8,0.89,0.9,8.0,6.276,-1.7240000000000002,0.0,-0.0,True,True,True,8.0,3.488,55.2,50.591895911742505,4.608104088257498,True,True
1.4,8,0.9,0.91,6.276,5.148,-1.1280000000000001,1.7240000000000002,-0.18164152899409253,True,True,True,6.276,3.224,55.81829838926559,53.183252968886194,2.6350454203793987,True,True
1.4,8,0.91,0.9199999999999999,5.148,4.42,-0.7279999999999998,2.8520000000000003,-0.2689740578519802,True,True,True,5.148,2.964,57.864975142277984,56.0419961486645,1.8229789936134821,True,True
1.4,8,0.9199999999999999,0.9299999999999999,4.42,3.8320000000000003,-0.5879999999999996,3.58,-0.2985061600018031,True,True,True,4.42,2.708,60.51709115723077,59.18955091338685,1.32754024384392,True,True
1.4,8,0.9299999999999999,0.94,3.8320000000000003,3.3040000000000003,-0.528,4.167999999999999,-0.3024746477355943,True,True,True,3.8320000000000003,2.444,63.61976550209293,62.63646478246593,0.9833007196270032,True,True
1.4,8,0.94,0.95,3.3040000000000003,2.8080000000000003,-0.496,4.696,-0.290566895860139,True,True,True,3.3040000000000003,2.18,67.14245882721691,66.43294027978075,0.7095185474361614,True,True
1.4,8,0.95,0.96,2.8080000000000003,2.312,-0.49600000000000044,5.192,-0.2663147844601626,True,True,True,2.8080000000000003,1.9080000000000001,71.10038543429786,70.61479283763678,0.48559259666107835,True,True
1.4,8,0.96,0.97,2.312,1.8,-0.5119999999999998,5.688000000000001,-0.2321955048312114,True,True,True,2.312,1.624,75.53737056617479,75.23732901785796,0.30004154831682683,True,True
1.4,8,0.97,0.98,1.8,1.26,-0.54,6.2,-0.18884708640519315,True,True,True,1.8,1.332,80.52330961835851,80.37754209574375,0.14576752261476145,True,True
1.4,8,0.98,0.99,1.26,0.668,-0.592,6.74,-0.1361662473200812,True,True,True,1.26,1.028,86.15843368014342,86.121926177804,0.03650750233941835,True,True
1.4,9,0.7,0.71,9.0,9.0,0.0,0.0,-0.0,True,True,True,9.0,9.0,43.300000000000004,43.300000000000004,0.0,True,True
1.4,9,0.71,0.72,9.0,9.0,0.0,0.0,-0.0,True,True,True,9.0,9.0,43.300000000000004,43.300000000000004,0.0,True,True
1.4,9,0.72,0.73,9.0,9.0,0.0,0.0,-0.0,True,True,True,9.0,9.0,43.300000000000004,43.300000000000004,0.0,True,True
1.4,9,0.73,0.74,9.0,9.0,0.0,0.0,-0.0,True,True,True,9.0,9.0,43.300000000000004,43.300000000000004,0.0,True,True
1.4,9,0.74,0.75,9.0,9.0,0.0,0.0,-0.0,True,True,True,9.0,9.0,43.300000000000004,43.300000000000004,0.0,True,True
1.4,9,0.75,0.76,9.0,9.0,0.0,0.0,-0.0,True,True,True,9.0,9.0,43.300000000000004,43.300000000000004,0.0,True,True
1.4,9,0.76,0.77,9.0,9.0,0.0,0.0,-0.0,True,True,True,9.0,9.0,43.300000000000004,43.300000000000004,0.0,True,True
1.4,9,0.77,0.78,9.0,9.0,0.0,0.0,-0.0,True,True,True,9.0,9.0,43.300000000000004,43.300000000000004,0.0,True,True
1.4,9,0.78,0.79,9.0,9.0,0.0,0.0,-0.0,True,True,True,9.0,6.795,43.300000000000004,25.498319270921655,17.80168072907835,True,True
1.4,9,0.79,0.7999999999999999,9.0,9.0,0.0,0.0,-0.0,True,True,True,9.0,6.101999999999999,43.300000000000004,24.439630458228198,18.860369541771806,True,True
1.4,9,0.7999999999999999,0.8099999999999999,9.0,9.0,0.0,0.0,-0.0,True,True,True,9.0,5.6385,43.300000000000004,24.977193710770102,18.322806289229902,True,True
1.4,9,0.8099999999999999,0.82,9.0,9.0,0.0,0.0,-0.0,True,True,True,9.0,5.2695,43.300000000000004,26.124720009944987,17.175279990055017,True,True
1.4,9,0.82,0.83,9.0,9.0,0.0,0.0,-0.0,True,True,True,9.0,4.959,43.300000000000004,27.631623478047587,15.668376521952418,True,True
1.4,9,0.83,0.84,9.0,9.0,0.0,0.0,-0.0,True,True,True,9.0,4.68,43.300000000000004,29.37962635385022,13.920373646149784,True,True
1.4,9,0.84,0.85,9.0,9.0,0.0,0.0,-0.0,True,True,True,9.0,4.4235,43.300000000000004,31.328934878063748,11.971065121936256,True,True
1.4,9,0.85,0.86,9.0,9.0,0.0,0.0,-0.0,True,True,True,9.0,4.180499999999999,43.300000000000004,33.457798800320376,9.842201199679629,True,True
1.4,9,0.86,0.87,9.0,9.0,0.0,0.0,-0.0,True,True,True,9.0,3.9509999999999996,43.300000000000004,35.76904186852221,7.530958131477796,True,True
1.4,9,0.87,0.88,9.0,9.0,0.0,0.0,-0.0,True,True,True,9.0,3.7259999999999995,43.300000000000004,38.25790230850223,5.042097691497773,True,True
1.4,9,0.88,0.89,9.0,5.602499999999999,-3.397500000000001,0.0,-0.0,True,True,True,9.0,3.501,43.300000000000004,40.9320701680476,2.3679298319524023,True,True
1.4,9,0.89,0.9,5.602499999999999,4.869,-0.7334999999999994,3.397500000000001,-0.39592364072959535,True,True,True,5.602499999999999,3.2805,45.334204444977864,43.81631482257898,1.517889622398883,True,True
1.4,9,0.9,0.91,4.869,4.342499999999999,-0.5265000000000004,4.131,-0.4352442901824804,True,True,True,4.869,3.0599999999999996,48.115643898645956,46.92660152730171,1.189042371344243,True,True
1.4,9,0.91,0.9199999999999999,4.342499999999999,3.888,-0.45449999999999946,4.657500000000001,-0.4392519896373064,True,True,True,4.342499999999999,2.835,51.25172034704654,50.28403150931277,0.9676888377337747,True,True
1.4,9,0.9199999999999999,0.9299999999999999,3.888,3.4694999999999996,-0.4185000000000003,5.112,-0.4262467848964294,True,True,True,3.888,2.601,54.71393747584952,53.91574904508397,0.7981884307655491,True,True
1.4,9,0.9299999999999999,0.94,3.4694999999999996,3.0599999999999996,-0.4095,5.5305,-0.4013522167230577,True,True,True,3.4694999999999996,2.367,58.51522288702258,57.8722726821978,0.6429502048247784,True,True
1.4,9,0.94,0.95,3.0599999999999996,2.646,-0.4139999999999997,5.94,-0.36753989808543996,True,True,True,3.0599999999999996,2.1195,62.689049939881045,62.18443184289573,0.5046180969853182,True,True
1.4,9,0.95,0.96,2.646,2.2095,-0.4365000000000001,6.354,-0.3259175925384964,True,True,True,2.646,1.8675,67.28554600158654,66.91943414350582,0.3661118580807141,True,True
1.4,9,0.96,0.97,2.2095,1.7459999999999998,-0.4635,6.7905,-0.27720175378979267,True,True,True,2.2095,1.6019999999999999,72.37283404199589,72.13724121873273,0.23559282326316122,True,True
1.4,9,0.97,0.98,1.7459999999999998,1.2329999999999999,-0.5129999999999999,7.2540000000000004,-0.220951091094076,True,True,True,1.7459999999999998,1.3185,78.04162803347906,77.92145602178522,0.12017201169383895,True,True
1.4,9,0.98,0.99,1.2329999999999999,0.6615,-0.5714999999999999,7.767,-0.1569144277351737,True,True,True,1.2329999999999999,1.0214999999999999,84.4135177909177,84.38284030002309,0.03067749089460392,True,True
1.4,10,0.7,0.71,10.0,10.0,0.0,0.0,-0.0,True,True,True,10.0,10.0,30.0,30.0,0.0,True,True
1.4,10,0.71,0.72,10.0,10.0,0.0,0.0,-0.0,True,True,True,10.0,10.0,30.0,30.0,0.0,True,True
1.4,10,0.72,0.73,10.0,10.0,0.0,0.0,-0.0,True,True,True,10.0,10.0,30.0,30.0,0.0,True,True
1.4,10,0.73,0.74,10.0,10.0,0.0,0.0,-0.0,True,True,True,10.0,10.0,30.0,30.0,0.0,True,True
1.4,10,0.74,0.75,10.0,10.0,0.0,0.0,-0.0,True,True,True,10.0,6.295,30.0,5.033125921096602,24.9668740789034,True,True
1.4,10,0.75,0.76,10.0,10.0,0.0,0.0,-0.0,True,True,True,10.0,5.805,30.0,6.325899831677219,23.67410016832278,True,True
1.4,10,0.76,0.77,10.0,10.0,0.0,0.0,-0.0,True,True,True,10.0,5.48,30.0,7.903991038250076,22.096008961749924,True,True
1.4,10,0.77,0.78,10.0,10.0,0.0,0.0,-0.0,True,True,True,10.0,5.23,30.0,9.597867150335802,20.4021328496642,True,True
1.4,10,0.78,0.79,10.0,10.0,0.0,0.0,-0.0,True,True,True,10.0,5.01,30.0,11.373497997689086,18.626502002310914,True,True
1.4,10,0.79,0.7999999999999999,10.0,10.0,0.0,0.0,-0.0,True,True,True,10.0,4.815,30.0,13.228581975314793,16.771418024685207,True,True
1.4,10,0.7999999999999999,0.8099999999999999,10.0,10.0,0.0,0.0,-0.0,True,True,True,10.0,4.63,30.0,15.165414908062298,14.834585091937702,True,True
1.4,10,0.8099999999999999,0.82,10.0,10.0,0.0,0.0,-0.0,True,True,True,10.0,4.455,30.0,17.191979286205573,12.808020713794427,True,True
1.4,10,0.82,0.83,10.0,10.0,0.0,0.0,-0.0,True,True,True,10.0,4.29,30.0,19.318703759509624,10.681296240490376,True,True
1.4,10,0.83,0.84,10.0,10.0,0.0,0.0,-0.0,True,True,True,10.0,4.12,30.0,21.551215216758283,8.448784783241717,True,True
1.4,10,0.84,0.85,10.0,10.0,0.0,0.0,-0.0,True,True,True,10.0,3.955,30.0,23.905839095073528,6.094160904926472,True,True
1.4,10,0.85,0.86,10.0,10.0,0.0,0.0,-0.0,True,True,True,10.0,3.79,30.0,26.394626095072375,3.6053739049276246,True,True
1.4,10,0.86,0.87,10.0,4.865,-5.135,0.0,-0.0,True,True,True,10.0,3.62,30.0,29.030153150607767,0.9698468493922334,True,True
1.4,10,0.87,0.88,4.865,4.55,-0.3150000000000004,5.135,-0.7151107157575618,True,True,True,4.865,3.45,32.34603785192233,31.83355828072579,0.5124795711965433,True,True
1.4,10,0.88,0.89,4.55,4.2700000000000005,-0.27999999999999936,5.45,-0.6966918747288726,True,True,True,4.55,3.27,35.33132904214631,34.81769884724189,0.5136301949044153,True,True
1.4,10,0.89,0.9,4.2700000000000005,4.0,-0.27000000000000046,5.7299999999999995,-0.6677387671466021,True,True,True,4.2700000000000005,3.09,38.52366792481277,38.01400628798619,0.5096616368265785,True,True
1.4,10,0.9,0.91,4.0,3.73,-0.27,6.0,-0.6321630939469577,True,True,True,4.0,2.9050000000000002,41.944100000000006,41.446021160311815,0.49807883968819056,True,True
1.4,10,0.91,0.9199999999999999,3.73,3.45,-0.2799999999999998,6.27,-0.5913279602846828,True,True,True,3.73,2.71,45.62013486715079,45.14103810793767,0.479096759213121,True,True
1.4,10,0.9199999999999999,0.9299999999999999,3.45,3.1550000000000002,-0.29499999999999993,6.55,-0.546149538550785,True,True,True,3.45,2.505,49.585811582252084,49.1365608596885,0.44925072256358334,True,True
1.4,10,0.9299999999999999,0.94,3.1550000000000002,2.835,-0.3200000000000003,6.845,-0.49674639245444896,True,True,True,3.1550000000000002,2.29,53.88291112835379,53.47745861500872,0.40545251334506816,True,True
1.4,10,0.94,0.95,2.835,2.495,-0.33999999999999986,7.165,-0.4433372676400972,True,True,True,2.835,2.065,58.563010662094044,58.21759263269637,0.3454180293976705,True,True
1.4,10,0.95,0.96,2.495,2.115,-0.3799999999999999,7.505,-0.3849561743785671,True,True,True,2.495,1.83,63.690528303004896,63.42183467301151,0.2686936299933862,True,True
1.4,10,0.96,0.97,2.115,1.69,-0.42500000000000027,7.885,-0.321881426792212,True,True,True,2.115,1.575,69.34715502136952,69.16175093007952,0.18540409128999613,True,True
1.4,10,0.97,0.98,1.69,1.21,-0.48,8.31,-0.2531160141979283,True,True,True,1.69,1.305,75.63851057503638,75.54053822642511,0.09797234861126469,True,True
1.4,10,0.98,0.99,1.21,0.655,-0.5549999999999999,8.79,-0.17758179732099608,True,True,True,1.21,1.0150000000000001,82.70438082505333,82.67888848472752,0.025492340325811824,True,True
1.4,11,0.7,0.71,11.0,11.0,0.0,0.0,-0.0,True,True,True,11.0,4.202,15.300000000000011,-3.509086120187675,18.809086120187686,True,True
1.4,11,0.71,0.72,11.0,11.0,0.0,0.0,-0.0,True,True,True,11.0,4.234999999999999,15.300000000000011,-2.6972495765699716,17.997249576569985,True,True
1.4,11,0.72,0.73,11.0,11.0,0.0,0.0,-0.0,True,True,True,11.0,4.2459999999999996,15.300000000000011,-1.7451010441600427,17.045101044160056,True,True
1.4,11,0.73,0.74,11.0,11.0,0.0,0.0,-0.0,True,True,True,11.0,4.2459999999999996,15.300000000000011,-0.6833074249439868,15.983307424943998,True,True
1.4,11,0.74,0.75,11.0,11.0,0.0,0.0,-0.0,True,True,True,11.0,4.234999999999999,15.300000000000011,0.48759439997471965,14.812405600025292,True,True
1.4,11,0.75,0.76,11.0,11.0,0.0,0.0,-0.0,True,True,True,11.0,4.2075,15.300000000000011,1.777331458452462,13.52266854154755,True,True
1.4,11,0.76,0.77,11.0,11.0,0.0,0.0,-0.0,True,True,True,11.0,4.169,15.300000000000011,3.1740413830459477,12.125958616954064,True,True
1.4,11,0.77,0.78,11.0,11.0,0.0,0.0,-0.0,True,True,True,11.0,4.125,15.300000000000011,4.670559457341028,10.629440542658983,True,True
1.4,11,0.78,0.79,11.0,11.0,0.0,0.0,-0.0,True,True,True,11.0,4.069999999999999,15.300000000000011,6.278316603712019,9.021683396287992,True,True
1.4,11,0.79,0.7999999999999999,11.0,11.0,0.0,0.0,-0.0,True,True,True,11.0,4.004,15.300000000000011,7.9996134863228825,7.300386513677129,True,True
1.4,11,0.7999999999999999,0.8099999999999999,11.0,11.0,0.0,0.0,-0.0,True,True,True,11.0,3.9324999999999997,15.300000000000011,9.832820612948574,5.467179387051438,True,True
1.4,11,0.8099999999999999,0.82,11.0,11.0,0.0,0.0,-0.0,True,True,True,11.0,3.8499999999999996,15.300000000000011,11.789257622193672,3.5107423778063396,True,True
1.4,11,0.82,0.83,11.0,2.992,-8.008,0.0,-0.0,True,True,True,11.0,3.7619999999999996,15.300000000000011,13.871660624354949,1.4283393756450629,True,True
1.4,11,0.83,0.84,2.992,3.19,0.19799999999999995,8.008,-1.4921272621574797,False,False,False,2.992,3.663,16.222929038974495,16.09219269330815,0.13073634566634595,True,False
1.4,11,0.84,0.85,3.19,3.344,0.15399999999999991,7.8100000000000005,-1.3616999536007146,False,False,False,3.19,3.5585,18.499213618613346,18.458698060314262,0.040515558299084375,True,False
1.4,11,0.85,0.86,3.344,3.4484999999999997,0.10449999999999982,7.656000000000001,-1.2442449242349651,False,False,False,3.344,3.4484999999999997,20.988205543615546,20.98489946864116,0.003306074974386064,True,False
1.4,11,0.86,0.87,3.4484999999999997,3.4979999999999998,0.0495000000000001,7.551500000000001,-1.1389390518307085,False,False,False,3.4484999999999997,3.3274999999999997,23.691344753158422,23.68629554806989,0.00504920508853246,True,True
1.4,11,0.87,0.88,3.4979999999999998,3.5035,0.00550000000000006,7.502000000000001,-1.0447440291359744,False,False,False,3.4979999999999998,3.2009999999999996,26.612982575954145,26.580384983478485,0.03259759247566052,True,True
1.4,11,0.88,0.89,3.5035,3.4539999999999997,-0.0495000000000001,7.4965,-0.958302869523852,True,True,True,3.5035,3.0635,29.762167113704564,29.687048394577936,0.07511871912662826,True,True
1.4,11,0.89,0.9,3.4539999999999997,3.3659999999999997,-0.08800000000000008,7.546,-0.8793641774674101,True,True,True,3.4539999999999997,2.915,33.15359118629388,33.02982155764688,0.12376962864699692,True,True
1.4,11,0.9,0.91,3.3659999999999997,3.2394999999999996,-0.12650000000000006,7.634,-0.8043221765318459,True,True,True,3.3659999999999997,2.7555,36.80813839775951,36.63702475503674,0.17111364272276575,True,True
1.4,11,0.91,0.9199999999999999,3.2394999999999996,3.0745,-0.1649999999999996,7.7605,-0.7318980280365681,True,True,True,3.2394999999999996,2.5905,40.75346590580897,40.54626627824617,0.20719962756280097,True,True
1.4,11,0.9199999999999999,0.9299999999999999,3.0745,2.8764999999999996,-0.1980000000000004,7.9254999999999995,-0.6608409416464498,True,True,True,3.0745,2.409,45.024902363248486,44.79182666334007,0.2330756999084187,True,True
1.4,11,0.9299999999999999,0.94,2.8764999999999996,2.6345,-0.24199999999999955,8.1235,-0.5895280232437862,True,True,True,2.8764999999999996,2.2165,49.666921032949496,49.42620148220899,0.24071955074050777,True,True
1.4,11,0.94,0.95,2.6345,2.3485,-0.28600000000000003,8.3655,-0.5176186898036613,True,True,True,2.6345,2.013,54.735384105730866,54.509071035136216,0.22631307059464945,True,True
1.4,11,0.95,0.96,2.3485,2.0185,-0.33000000000000007,8.6515,-0.44376393639389383,True,True,True,2.3485,1.7874999999999999,60.30086995923186,60.10510107750266,0.19576888172920093,True,True
1.4,11,0.96,0.97,2.0185,1.6335,-0.385,8.9815,-0.3666427437836718,True,True,True,2.0185,1.551,66.4536804064423,66.31169035377106,0.14199005267124676,True,True
1.4,11,0.97,0.98,1.6335,1.1824999999999999,-0.45100000000000007,9.3665,-0.28529616690552284,True,True,True,1.6335,1.287,73.31133098129195,73.23042115005133,0.08090983124061779,True,True
1.4,11,0.98,0.99,1.1824999999999999,0.6489999999999999,-0.5335,9.8175,-0.19834007908974738,True,True,True,1.1824999999999999,1.0065,81.03027661889827,81.00888142208193,0.021395196816342832,True,True
1.4,12,0.7,0.71,0.40800000000000003,0.47400000000000003,0.066,11.592,-4.134575950137787,False,False,False,0.40800000000000003,3.084,1.4844204496751847,-2.499646906367248,3.984067356042433,True,False
1.4,12,0.71,0.72,0.47400000000000003,0.546,0.07200000000000001,11.526,-3.94754330092054,False,False,False,0.47400000000000003,3.156,1.7729330935753154,-2.135761437833284,3.9086945314085995,True,False
1.4,12,0.72,0.73,0.546,0.63,0.08399999999999996,11.454,-3.7626855830977015,False,False,False,0.546,3.228,2.113448184549905,-1.6896980455355317,3.803146230085437,True,False
1.4,12,0.73,0.74,0.63,0.72,0.08999999999999997,11.37,-3.5782611688273915,False,False,False,0.63,3.282,2.514591155432636,-1.1065462202770577,3.6211373757096936,True,False
1.4,12,0.74,0.75,0.72,0.8280000000000001,0.1080000000000001,11.28,-3.3964654466026354,False,False,False,0.72,3.33,2.9862638278136386,-0.41304787479033767,3.3993117026039763,True,False
1.4,12,0.75,0.76,0.8280000000000001,0.9420000000000001,0.11399999999999999,11.172,-3.2139841134312963,False,False,False,0.8280000000000001,3.372,3.539705981560028,0.3973113035139635,3.1423946780460645,True,False
1.4,12,0.76,0.77,0.9420000000000001,1.074,0.132,11.058,-3.0347226397700653,False,False,False,0.9420000000000001,3.396,4.187645072447596,1.3572123937478597,2.8304326786997365,True,False
1.4,12,0.77,0.78,1.074,1.218,0.1439999999999999,10.926,-2.8556714129325367,False,False,False,1.074,3.414,4.944285836829138,2.443749293172681,2.500536543656457,True,False
1.4,12,0.78,0.79,1.218,1.374,0.15600000000000014,10.782,-2.6789103759564226,False,False,False,1.218,3.42,5.82532349321851,3.6748961474978277,2.150427345720682,True,False
1.4,12,0.79,0.7999999999999999,1.374,1.548,0.17399999999999993,10.626,-2.5047855159948877,False,False,False,1.374,3.414,6.847798597348072,5.05497645063523,1.792822146712842,True,False
1.4,12,0.7999999999999999,0.8099999999999999,1.548,1.728,0.17999999999999994,10.452,-2.3322963983361213,False,False,False,1.548,3.396,8.029844564344423,6.588793589379616,1.4410509749648064,True,False
1.4,12,0.8099999999999999,0.82,1.728,1.9140000000000001,0.18600000000000017,10.272,-2.1645264336743844,False,False,False,1.728,3.372,9.390240117140278,8.27410327221996,1.1161368449203177,True,False
1.4,12,0.82,0.83,1.9140000000000001,2.106,0.19199999999999973,10.086,-2.0015761679686332,False,False,False,1.9140000000000001,3.33,10.947836811695424,10.134187394431247,0.8136494172641768,True,False
1.4,12,0.83,0.84,2.106,2.2920000000000003,0.1860000000000004,9.894,-1.8435448466266366,False,False,False,2.106,3.282,12.72087873566432,12.162500032352497,0.5583787033118224,True,False
1.4,12,0.84,0.85,2.2920000000000003,2.466,0.17399999999999993,9.708,-1.692622682401503,False,False,False,2.2920000000000003,3.222,14.726337393561066,14.376405872794635,0.34993152076643064,True,False
1.4,12,0.85,0.86,2.466,2.616,0.1499999999999999,9.533999999999999,-1.549455473831786,False,False,False,2.466,3.15,16.979548787504484,16.787515223106716,0.19203356439776798,True,False
1.4,12,0.86,0.87,2.616,2.742,0.1259999999999999,9.384,-1.4153219972693332,False,False,False,2.616,3.0660000000000003,19.494321265674536,19.409923385762543,0.0843978799119931,True,False
1.4,12,0.87,0.88,2.742,2.826,0.08400000000000007,9.258,-1.2892882193736137,False,False,False,2.742,2.976,22.283683724715992,22.25953440985905,0.024149314856941828,True,False
1.4,12,0.88,0.89,2.826,2.874,0.04800000000000004,9.174,-1.172743350231684,False,False,False,2.826,2.868,25.361273088421854,25.360495942936694,0.0007771454851592807,True,False
1.4,12,0.89,0.9,2.874,2.88,0.005999999999999783,9.126,-1.0634876071518133,False,False,False,2.874,2.754,28.743048116172012,28.73636112071602,0.006686995455993383,True,True
1.4,12,0.9,0.91,2.88,2.838,-0.041999999999999815,9.120000000000001,-0.9608879027993757,True,True,True,2.88,2.622,32.44922651960296,32.41699975624296,0.03222676336000063,True,True
1.4,12,0.91,0.9199999999999999,2.838,2.754,-0.08400000000000007,9.161999999999999,-0.8640744453155126,True,True,True,2.838,2.478,36.5061731267136,36.4389514797856,0.06722164692799737,True,True
1.4,12,0.9199999999999999,0.9299999999999999,2.754,2.628,-0.1259999999999999,9.246,-0.7709463562504668,True,True,True,2.754,2.322,40.948348826956746,40.84674866630433,0.10160016065241706,True,True
1.4,12,0.9299999999999999,0.94,2.628,2.448,-0.18000000000000016,9.372,-0.6801325332480783,True,True,True,2.628,2.148,45.82051652192426,45.6911188733204,0.12939764860386305,True,True
1.4,12,0.94,0.95,2.448,2.22,-0.22799999999999976,9.552,-0.591033856315172,True,True,True,2.448,1.962,51.18055581172661,51.04040667316391,0.1401491385627054,True,True
1.4,12,0.95,0.96,2.22,1.932,-0.28800000000000026,9.78,-0.5016484191102446,True,True,True,2.22,1.752,57.1032866588105,56.96822742914109,0.13505922966940886,True,True
1.4,12,0.96,0.97,1.932,1.584,-0.34799999999999986,10.068,-0.410995840829929,True,True,True,1.932,1.524,63.68613210818653,63.57807647590017,0.10805563228635862,True,True
1.4,12,0.97,0.98,1.584,1.158,-0.42600000000000016,10.416,-0.31726310516072453,True,True,True,1.584,1.278,71.05757607522058,70.99510604797584,0.06247002724474271,True,True
1.4,12,0.98,0.99,1.158,0.642,-0.5159999999999999,10.842,-0.21903775273654605,True,True,True,1.158,1.002,79.39046431329069,79.37356772856789,0.016896584722800867,True,True
1.4,13,0.7,0.71,0.27299999999999996,0.3185,0.04550000000000004,12.727,-4.539402011508248,False,False,False,0.27299999999999996,2.444,1.0158088036543156,-1.8645746186440837,2.880383422298399,True,False
1.4,13,0.71,0.72,0.3185,0.3705,0.05199999999999999,12.6815,-4.34329085290854,False,False,False,0.3185,2.5284999999999997,1.2283601670239672,-1.7054969692973314,2.933857136321299,True,False
1.4,13,0.72,0.73,0.3705,0.429,0.058499999999999996,12.6295,-4.14884211382333,False,False,False,0.3705,2.6,1.482178870654521,-1.4490976646473706,2.9312765353018913,True,False
1.4,13,0.73,0.74,0.429,0.5005,0.07149999999999995,12.571,-3.9562287733798716,False,False,False,0.429,2.6715,1.7846854345497252,-1.1203169838634746,2.9050024184131997,True,False
1.4,13,0.74,0.75,0.5005,0.5785,0.07800000000000007,12.4995,-3.763663107252628,False,False,False,0.5005,2.743,2.1445103810836237,-0.7095119399910272,2.854022321074651,True,False
1.4,13,0.75,0.76,0.5785,0.6629999999999999,0.08449999999999991,12.4215,-3.5734428629597965,False,False,False,0.5785,2.8015,2.5716447863189655,-0.1750982968118482,2.7467430831308137,True,False
1.4,13,0.76,0.77,0.6629999999999999,0.7605,0.09750000000000003,12.337,-3.3857273654226168,False,False,False,0.6629999999999999,2.8535,3.0776026879520395,0.47581891369311613,2.6017837742589234,True,False
1.4,13,0.77,0.78,0.7605,0.871,0.11050000000000004,12.2395,-3.1989740306230807,False,False,False,0.7605,2.899,3.6755524462138722,1.2528616939708472,2.422690752243025,True,False
1.4,13,0.78,0.79,0.871,0.9944999999999999,0.12349999999999994,12.129,-3.0135878269315017,False,False,False,0.871,2.9314999999999998,4.380465862244845,2.1795201388824363,2.200945723362409,True,False
1.4,13,0.79,0.7999999999999999,0.9944999999999999,1.1245,0.13000000000000012,12.0055,-2.8299644750872037,False,False,False,0.9944999999999999,2.9575,5.2091738383166435,3.2511301877993075,1.958043650517336,True,False
1.4,13,0.7999999999999999,0.8099999999999999,1.1245,1.274,0.14949999999999997,11.8755,-2.649941243631899,False,False,False,1.1245,2.977,6.18038626410683,4.478681443301017,1.701704820805813,True,False
1.4,13,0.8099999999999999,0.82,1.274,1.4235,0.14949999999999997,11.725999999999999,-2.470914813207343,False,False,False,1.274,2.977,7.314598303844229,5.8951145731419565,1.4194837307022725,True,False
1.4,13,0.82,0.83,1.4235,1.5859999999999999,0.16249999999999987,11.5765,-2.297367292136514,False,False,False,1.4235,2.977,8.633867797875016,7.478439403161751,1.1554283947132653,True,False
1.4,13,0.83,0.84,1.5859999999999999,1.755,0.16900000000000004,11.414,-2.1267658054777066,False,False,False,1.5859999999999999,2.9575,10.16144869677032,9.27089040130124,0.8905582954690789,True,False
1.4,13,0.84,0.85,1.755,1.9175,0.1625000000000001,11.245000000000001,-1.9606038384430264,False,False,False,1.755,2.9314999999999998,11.921321586626046,11.266892589364634,0.6544289972614123,True,False
1.4,13,0.85,0.86,1.9175,2.0735,0.15600000000000014,11.0825,-1.8011160361590908,False,False,False,1.9175,2.8859999999999997,13.9376867839905,13.495749056265828,0.44193772772467277,True,False
1.4,13,0.86,0.87,2.0735,2.2165,0.1429999999999998,10.9265,-1.6479663046849284,False,False,False,2.0735,2.834,16.234506129074703,15.960883199018548,0.27362293005615435,True,False
1.4,13,0.87,0.88,2.2165,2.3335,0.11699999999999999,10.7835,-1.50173250309088,False,False,False,2.2165,2.7689999999999997,18.835381538305832,18.688739755793428,0.146641782512404,True,False
1.4,13,0.88,0.89,2.3335,2.431,0.09750000000000014,10.6665,-1.363534657210187,False,False,False,2.3335,2.691,21.76386147847258,21.702411637950945,0.061449840521635934,True,False
1.4,13,0.89,0.9,2.431,2.483,0.052000000000000046,10.568999999999999,-1.2316459040091514,False,False,False,2.431,2.6,25.044356084858602,25.029585862220937,0.014770222637665142,True,False
1.4,13,0.9,0.91,2.483,2.5025,0.01949999999999985,10.517,-1.108076543173359,False,False,False,2.483,2.496,28.703644053206936,28.70359229984753,5.175335940776904e-05,True,False
1.4,13,0.91,0.9199999999999999,2.5025,2.4764999999999997,-0.026000000000000245,10.4975,-0.9900263577493555,True,True,True,2.5025,2.3725,32.77293534758291,32.763786167743895,0.009149179839013755,True,True
1.4,13,0.9199999999999999,0.9299999999999999,2.4764999999999997,2.405,-0.0714999999999999,10.5235,-0.8774663616701047,True,True,True,2.4764999999999997,2.2359999999999998,37.290378825305226,37.2581479105003,0.032230914804927124,True,True
1.4,13,0.9299999999999999,0.94,2.405,2.275,-0.1299999999999999,10.595,-0.7688864905850822,True,True,True,2.405,2.08,42.304074987429146,42.243949198316884,0.06012578911226285,True,True
1.4,13,0.94,0.95,2.275,2.093,-0.18199999999999994,10.725,-0.6636137048764887,True,True,True,2.275,1.9109999999999998,47.87575819877528,47.795428406149924,0.08032979262535633,True,True
1.4,13,0.95,0.96,2.093,1.8524999999999998,-0.24050000000000016,10.907,-0.5594559618850141,True,True,True,2.093,1.716,54.085536489901266,53.99616806282988,0.08936842707138482,True,True
1.4,13,0.96,0.97,1.8524999999999998,1.534,-0.3184999999999998,11.1475,-0.4550631839145445,True,True,True,1.8524999999999998,1.5014999999999998,61.03855885584356,60.96010545743972,0.07845339840384469,True,True
1.4,13,0.97,0.98,1.534,1.1375,-0.3965000000000001,11.466,-0.3492452730196685,True,True,True,1.534,1.261,68.87480455829262,68.82494425700374,0.049860301288887854,True,True
1.4,13,0.98,0.99,1.1375,0.637,-0.5005,11.8625,-0.2396546155540747,True,True,True,1.1375,0.9944999999999999,77.78422532684816,77.77063231162481,0.01359301522334988,True,True
1.4,14,0.7,0.71,0.182,0.217,0.035,13.818,-4.9285343753454045,False,False,False,0.182,2.009,0.700523438801087,-1.4366776845288893,2.1372011233299766,True,False
1.4,14,0.71,0.72,0.217,0.259,0.04200000000000001,13.783,-4.720543928213414,False,False,False,0.217,2.086,0.8580707649873363,-1.3559567233944876,2.2140274883818236,True,False
1.4,14,0.72,0.73,0.259,0.301,0.04199999999999998,13.741,-4.513974384262748,False,False,False,0.259,2.1630000000000003,1.0485267818161652,-1.2274000002468695,2.275926782063035,True,False
1.4,14,0.73,0.74,0.301,0.35000000000000003,0.049000000000000044,13.699,-4.311222493559054,False,False,False,0.301,2.24,1.2782930200457974,-1.0424344175475162,2.3207274375933133,True,False
1.4,14,0.74,0.75,0.35000000000000003,0.41300000000000003,0.063,13.65,-4.11008451650053,False,False,False,0.35000000000000003,2.31,1.5548887857207234,-0.7750853405363403,2.3299741262570635,True,False
1.4,14,0.75,0.76,0.41300000000000003,0.483,0.06999999999999995,13.587,-3.908736318402347,False,False,False,0.41300000000000003,2.38,1.8871858882075394,-0.431524795876276,2.3187106840838156,True,False
1.4,14,0.76,0.77,0.483,0.553,0.07000000000000006,13.517,-3.7095628433506938,False,False,False,0.483,2.443,2.2855203122950285,0.015590892760020125,2.2699294195350084,True,False
1.4,14,0.77,0.78,0.553,0.644,0.09099999999999997,13.447,-3.5145719833153777,False,False,False,0.553,2.499,2.761987523535478,0.5776403371690835,2.1843471863663946,True,False
1.4,14,0.78,0.79,0.644,0.742,0.09799999999999998,13.356,-3.3184499147907607,False,False,False,0.644,2.548,3.330576317963513,1.2666081745001723,2.063968143463341,True,False
1.4,14,0.79,0.7999999999999999,0.742,0.847,0.10499999999999998,13.258,-3.125206697822344,False,False,False,0.742,2.59,4.007390489342289,2.0951952297388816,1.9121952596034077,True,False
1.4,14,0.7999999999999999,0.8099999999999999,0.847,0.966,0.119,13.153,-2.9350071304358023,False,False,False,0.847,2.625,4.810847746256631,3.0769537991867377,1.7338939470698929,True,False
1.4,14,0.8099999999999999,0.82,0.966,1.092,0.1260000000000001,13.034,-2.746537922168217,False,False,False,0.966,2.653,5.761747599946301,4.226451902703525,1.535295697242776,True,False
1.4,14,0.82,0.83,1.092,1.232,0.1399999999999999,12.908,-2.561604717047305,False,False,False,1.092,2.674,6.883353968962075,5.55947086933726,1.3238830996248145,True,False
1.4,14,0.83,0.84,1.232,1.379,0.14700000000000002,12.768,-2.3790560543489887,False,False,False,1.232,2.681,8.201321347128713,7.103711115892443,1.0976102312362706,True,False
1.4,14,0.84,0.85,1.379,1.5330000000000001,0.15400000000000014,12.621,-2.200514099154241,False,False,False,1.379,2.674,9.743472219234699,8.874734181524559,0.8687380377101395,True,False
1.4,14,0.85,0.86,1.5330000000000001,1.68,0.1469999999999998,12.467,-2.0261234940487602,False,False,False,1.5330000000000001,2.66,11.539500916322755,10.881808360707154,0.6576925556156006,True,False
1.4,14,0.86,0.87,1.68,1.827,0.14700000000000002,12.32,-1.8581380015300708,False,False,False,1.68,2.625,13.620596259661031,13.16195346415082,0.4586427955102117,True,False
1.4,14,0.87,0.88,1.827,1.96,0.133,12.173,-1.6952371456507886,False,False,False,1.827,2.583,16.019019143128993,15.723156095438467,0.29586304769052596,True,False
1.4,14,0.88,0.89,1.96,2.072,0.1120000000000001,12.04,-1.539113792979014,False,False,False,1.96,2.5340000000000003,18.767997167258283,18.595955666363018,0.17204150089526493,True,False
1.4,14,0.89,0.9,2.072,2.1630000000000003,0.09100000000000019,11.928,-1.3900153603009897,False,False,False,2.072,2.464,21.901919078940306,21.821418590035005,0.08050048890530093,True,False
1.4,14,0.9,0.91,2.1630000000000003,2.219,0.055999999999999606,11.837,-1.2471524238416896,False,False,False,2.1630000000000003,2.373,25.45718207816148,25.43319495287898,0.023987125282499022,True,False
1.4,14,0.91,0.9199999999999999,2.219,2.233,0.014000000000000234,11.781,-1.1110741148506937,False,False,False,2.219,2.275,29.47374399426999,29.471905485013814,0.0018385092561779004,True,False
1.4,14,0.9199999999999999,0.9299999999999999,2.233,2.205,-0.028000000000000025,11.767,-0.9811513923858147,True,True,True,2.233,2.156,33.997519419021074,33.9941706704714,0.0033487485496763725,True,True
1.4,14,0.9299999999999999,0.94,2.205,2.121,-0.08400000000000007,11.795,-0.8559713219868847,True,True,True,2.205,2.016,39.08361297233847,39.06328329429171,0.020329678046763888,True,True
1.4,14,0.94,0.95,2.121,1.974,-0.14700000000000002,11.879,-0.7350179207671618,True,True,True,2.121,1.862,44.800637894620806,44.76045163950704,0.04018625511376683,True,True
1.4,14,0.95,0.96,1.974,1.7710000000000001,-0.20299999999999985,12.026,-0.6168531583046832,True,True,True,1.974,1.68,51.23631979044583,51.18062897887658,0.05569081156925648,True,True
1.4,14,0.96,0.97,1.7710000000000001,1.484,-0.28700000000000014,12.229,-0.49921217098820037,True,True,True,1.7710000000000001,1.477,58.505360344141415,58.44964140403933,0.055718940102082115,True,True
1.4,14,0.97,0.98,1.484,1.113,-0.371,12.516,-0.3812274408786125,True,True,True,1.484,1.246,66.76067327092714,66.72213872948807,0.038534541439076975,True,True
1.4,14,0.98,0.99,1.113,0.63,-0.483,12.887,-0.2603522892008734,True,True,True,1.113,0.987,76.21086174976655,76.20012604350443,0.010735706262124722,True,True
1.4,15,0.7,0.71,0.1275,0.15,0.022499999999999992,14.8725,-5.304648103728798,False,False,False,0.1275,1.6949999999999998,0.48546525485762354,-1.142098198774253,1.6275634536318764,True,False
1.4,15,0.71,0.72,0.15,0.18,0.03,14.85,-5.085981087859624,False,False,False,0.15,1.7625,0.6025318225848467,-1.1004148578656305,1.7029466804504771,True,False
1.4,15,0.72,0.73,0.18,0.2175,0.037500000000000006,14.82,-4.8684302725255755,False,False,False,0.18,1.8375,0.7458619838913915,-1.0387189520674818,1.7845809359588731,True,False
1.4,15,0.73,0.74,0.2175,0.255,0.037500000000000006,14.7825,-4.652211585592869,False,False,False,0.2175,1.905,0.9209335245667942,-0.9177123379602323,1.8386458625270266,True,False
1.4,15,0.74,0.75,0.255,0.3,0.044999999999999984,14.745,-4.439794593098924,False,False,False,0.255,1.98,1.1343186735792317,-0.760940821671581,1.8952594952508126,True,False
1.4,15,0.75,0.76,0.3,0.3525,0.05249999999999999,14.7,-4.228926465041179,False,False,False,0.3,2.0475,1.3938021437055774,-0.5261660903536125,1.91996823405919,True,False
1.4,15,0.76,0.77,0.3525,0.4125,0.06,14.6475,-4.019813697416534,False,False,False,0.3525,2.1149999999999998,1.7086516184832923,-0.21864213292292778,1.92729375140622,True,False
1.4,15,0.77,0.78,0.4125,0.48,0.0675,14.5875,-3.81265849681067,False,False,False,0.4125,2.1825,2.0898282541899595,0.1739706517049897,1.9158576024849698,True,False
1.4,15,0.78,0.79,0.48,0.5625,0.08250000000000002,14.52,-3.607658937014214,False,False,False,0.48,2.235,2.5502451131477835,0.6969482911799858,1.8532968219677977,True,False
1.4,15,0.79,0.7999999999999999,0.5625,0.645,0.08250000000000002,14.4375,-3.4032411902104456,False,False,False,0.5625,2.295,3.1050432203541463,1.3174845675272082,1.787558652826938,True,False
1.4,15,0.7999999999999999,0.8099999999999999,0.645,0.75,0.10499999999999998,14.355,-3.2032256791154823,False,False,False,0.645,2.34,3.7718755025941046,2.097961342597537,1.6739141599965675,True,False
1.4,15,0.8099999999999999,0.82,0.75,0.855,0.10499999999999998,14.25,-3.002774696248051,False,False,False,0.75,2.3775,4.571161585273259,3.039283480807588,1.531878104465671,True,False
1.4,15,0.82,0.83,0.855,0.975,0.12,14.145,-2.807088528248693,False,False,False,0.855,2.415,5.52633579436899,4.1464476145308975,1.3798881798380922,True,False
1.4,15,0.83,0.84,0.975,1.1025,0.12750000000000006,14.025,-2.6132723341356963,False,False,False,0.975,2.4375,6.663993244647234,5.466410063499159,1.197583181148075,True,False
1.4,15,0.84,0.85,1.1025,1.2375,0.135,13.8975,-2.4230761978445496,False,False,False,1.1025,2.445,8.013995352266662,7.018178728344439,0.9958166239222228,True,False
1.4,15,0.85,0.86,1.2375,1.38,0.14249999999999985,13.7625,-2.2366667672131273,False,False,False,1.2375,2.4525,9.609410366458677,8.802866606421752,0.8065437600369254,True,False
1.4,15,0.86,0.87,1.38,1.5225,0.14250000000000007,13.620000000000001,-2.0542077581850298,False,False,False,1.38,2.4375,11.486355628724041,10.877170616818454,0.6091850119055877,True,False
1.4,15,0.87,0.88,1.5225,1.6575,0.135,13.4775,-1.8769045124873494,False,False,False,1.5225,2.415,13.683713459119693,13.249486951753443,0.43422650736624924,True,False
1.4,15,0.88,0.89,1.6575,1.785,0.12749999999999995,13.3425,-1.705616759370639,False,False,False,1.6575,2.385,16.24291671681557,15.954742138023606,0.2881745787919652,True,False
1.4,15,0.89,0.9,1.785,1.89,0.10499999999999998,13.215,-1.5399943818223991,False,False,False,1.785,2.3325,19.207873086146336,19.042226468804063,0.16564661734227215,True,False
1.4,15,0.9,0.91,1.89,1.9725,0.08250000000000002,13.11,-1.3812763602741025,False,False,False,1.89,2.265,22.62529530244082,22.54720385801713,0.07809144442368776,True,False
1.4,15,0.91,0.9199999999999999,1.9725,2.0175,0.04500000000000015,13.0275,-1.2286323768115959,False,False,False,1.9725,2.1825,26.545730351357324,26.520408627609385,0.02532172374793973,True,False
1.4,15,0.9199999999999999,0.9299999999999999,2.0175,2.0175,0.0,12.9825,-1.0825017380512314,False,True,False,2.0175,2.0775,31.02548646728668,31.023392723134574,0.0020937441521056144,True,False
1.4,15,0.9299999999999999,0.94,2.0175,1.9725,-0.04500000000000015,12.9825,-0.9421490197282518,True,True,True,2.0175,1.9575,36.129712605361966,36.127307914336576,0.0024046910253900933,True,True
1.4,15,0.94,0.95,1.9725,1.8675,-0.10499999999999998,13.0275,-0.8060818219373853,True,True,True,1.9725,1.815,41.936922481029946,41.92137533825484,0.015547142775105272,True,True
1.4,15,0.95,0.96,1.8675,1.6949999999999998,-0.1725000000000001,13.1325,-0.673609188544508,True,True,True,1.8675,1.65,48.545216011336336,48.51509626417266,0.03011974716367405,True,True
1.4,15,0.96,0.97,1.6949999999999998,1.44,-0.2549999999999999,13.305,-0.543136637091995,True,True,True,1.6949999999999998,1.4549999999999998,56.08120712774813,56.04403939547968,0.03716773226845049,True,True
1.4,15,0.97,0.98,1.44,1.0875,-0.35250000000000004,13.56,-0.4130268534926483,True,True,True,1.44,1.2375,64.71293151231643,64.6856214937502,0.027310018566225835,True,True
1.4,15,0.98,0.99,1.0875,0.6224999999999999,-0.46499999999999997,13.9125,-0.28107016555498954,True,True,True,1.0875,0.9824999999999999,74.66967666065524,74.66183966879689,0.007836991858354736,True,True
1.8,5,0.7,0.71,5.0,5.0,0.0,0.0,-0.0,True,True,True,5.0,5.0,77.5,77.5,0.0,True,True
1.8,5,0.71,0.72,5.0,5.0,0.0,0.0,-0.0,True,True,True,5.0,5.0,77.5,77.5,0.0,True,True
1.8,5,0.72,0.73,5.0,5.0,0.0,0.0,-0.0,True,True,True,5.0,5.0,77.5,77.5,0.0,True,True
1.8,5,0.73,0.74,5.0,5.0,0.0,0.0,-0.0,True,True,True,5.0,5.0,77.5,77.5,0.0,True,True
1.8,5,0.74,0.75,5.0,5.0,0.0,0.0,-0.0,True,True,True,5.0,5.0,77.5,77.5,0.0,True,True
1.8,5,0.75,0.76,5.0,5.0,0.0,0.0,-0.0,True,True,True,5.0,5.0,77.5,77.5,0.0,True,True
1.8,5,0.76,0.77,5.0,5.0,0.0,0.0,-0.0,True,True,True,5.0,5.0,77.5,77.5,0.0,True,True
1.8,5,0.77,0.78,5.0,5.0,0.0,0.0,-0.0,True,True,True,5.0,5.0,77.5,77.5,0.0,True,True
1.8,5,0.78,0.79,5.0,5.0,0.0,0.0,-0.0,True,True,True,5.0,5.0,77.5,77.5,0.0,True,True
1.8,5,0.79,0.7999999999999999,5.0,5.0,0.0,0.0,-0.0,True,True,True,5.0,5.0,77.5,77.5,0.0,True,True
1.8,5,0.7999999999999999,0.8099999999999999,5.0,5.0,0.0,0.0,-0.0,True,True,True,5.0,5.0,77.5,77.5,0.0,True,True
1.8,5,0.8099999999999999,0.82,5.0,5.0,0.0,0.0,-0.0,True,True,True,5.0,5.0,77.5,77.5,0.0,True,True
1.8,5,0.82,0.83,5.0,5.0,0.0,0.0,-0.0,True,True,True,5.0,5.0,77.5,77.5,0.0,True,True
1.8,5,0.83,0.84,5.0,5.0,0.0,0.0,-0.0,True,True,True,5.0,5.0,77.5,77.5,0.0,True,True
1.8,5,0.84,0.85,5.0,5.0,0.0,0.0,-0.0,True,True,True,5.0,4.855,77.5,76.28964283289505,1.2103571671049451,True,True
1.8,5,0.85,0.86,5.0,5.0,0.0,0.0,-0.0,True,True,True,5.0,4.4175,77.5,73.40467983668535,4.095320163314653,True,True
1.8,5,0.86,0.87,5.0,5.0,0.0,0.0,-0.0,True,True,True,5.0,4.0375,77.5,71.81651630686068,5.683483693139323,True,True
1.8,5,0.87,0.88,5.0,5.0,0.0,0.0,-0.0,True,True,True,5.0,3.7,77.5,71.11914082698132,6.380859173018678,True,True
1.8,5,0.88,0.89,5.0,5.0,0.0,0.0,-0.0,True,True,True,5.0,3.39,77.5,71.05574125819057,6.444258741809435,True,True
1.8,5,0.89,0.9,5.0,5.0,0.0,0.0,-0.0,True,True,True,5.0,3.1,77.5,71.48946372241328,6.0105362775867235,True,True
1.8,5,0.9,0.91,5.0,5.0,0.0,0.0,-0.0,True,True,True,5.0,2.8275,77.5,72.34586682269675,5.154133177303251,True,True
1.8,5,0.91,0.9199999999999999,5.0,4.41,-0.5899999999999999,0.0,-0.0,True,True,True,5.0,2.565,77.5,73.56014911944438,3.9398508805556247,True,True
1.8,5,0.9199999999999999,0.9299999999999999,4.41,3.6575,-0.7525,0.5899999999999999,-0.04919514927404016,True,True,True,4.41,2.31,77.6962430372181,75.10532501523642,2.590918021981679,True,True
1.8,5,0.9299999999999999,0.94,3.6575,3.045,-0.6125000000000003,1.3424999999999998,-0.09742615513076665,True,True,True,3.6575,2.06,78.67735726328999,76.96746008367403,1.7098971796159645,True,True
1.8,5,0.94,0.95,3.045,2.5075,-0.5375000000000001,1.955,-0.12096641426886112,True,True,True,3.045,1.8125,80.26154931909517,79.14371406240498,1.117835256690185,True,True
1.8,5,0.95,0.96,2.5075,2.0075,-0.5,2.4925,-0.12784853626096981,True,True,True,2.5075,1.5675000000000001,82.33986488702314,81.64506118804854,0.6948036989745958,True,True
1.8,5,0.96,0.97,2.0075,1.5225,-0.4849999999999999,2.9925,-0.12215981860186359,True,True,True,2.0075,1.32,84.87364103815524,84.48327906886422,0.3903619692910212,True,True
1.8,5,0.97,0.98,1.5225,1.035,-0.48750000000000004,3.4775,-0.10592189402807407,True,True,True,1.5225,1.07,87.86328450057968,87.68782959362244,0.17545490695724197,True,True
1.8,5,0.98,0.99,1.035,0.535,-0.4999999999999999,3.965,-0.08010373451396469,True,True,True,1.035,0.8125,91.33795673276968,91.29394253129203,0.04401420147765123,True,True
1.8,6,0.7,0.71,6.0,6.0,0.0,0.0,-0.0,True,True,True,6.0,6.0,67.6,67.6,0.0,True,True
1.8,6,0.71,0.72,6.0,6.0,0.0,0.0,-0.0,True,True,True,6.0,6.0,67.6,67.6,0.0,True,True
1.8,6,0.72,0.73,6.0,6.0,0.0,0.0,-0.0,True,True,True,6.0,6.0,67.6,67.6,0.0,True,True
1.8,6,0.73,0.74,6.0,6.0,0.0,0.0,-0.0,True,True,True,6.0,6.0,67.6,67.6,0.0,True,True
1.8,6,0.74,0.75,6.0,6.0,0.0,0.0,-0.0,True,True,True,6.0,6.0,67.6,67.6,0.0,True,True
1.8,6,0.75,0.76,6.0,6.0,0.0,0.0,-0.0,True,True,True,6.0,6.0,67.6,67.6,0.0,True,True
1.8,6,0.76,0.77,6.0,6.0,0.0,0.0,-0.0,True,True,True,6.0,6.0,67.6,67.6,0.0,True,True
1.8,6,0.77,0.78,6.0,6.0,0.0,0.0,-0.0,True,True,True,6.0,6.0,67.6,67.6,0.0,True,True
1.8,6,0.78,0.79,6.0,6.0,0.0,0.0,-0.0,True,True,True,6.0,6.0,67.6,67.6,0.0,True,True
1.8,6,0.79,0.7999999999999999,6.0,6.0,0.0,0.0,-0.0,True,True,True,6.0,6.0,67.6,67.6,0.0,True,True
1.8,6,0.7999999999999999,0.8099999999999999,6.0,6.0,0.0,0.0,-0.0,True,True,True,6.0,6.0,67.6,67.6,0.0,True,True
1.8,6,0.8099999999999999,0.82,6.0,6.0,0.0,0.0,-0.0,True,True,True,6.0,5.613,67.6,63.81355890019869,3.7864410998013014,True,True
1.8,6,0.82,0.83,6.0,6.0,0.0,0.0,-0.0,True,True,True,6.0,5.082,67.6,60.10124884631109,7.498751153688907,True,True
1.8,6,0.83,0.84,6.0,6.0,0.0,0.0,-0.0,True,True,True,6.0,4.659,67.6,58.35470903241617,9.245290967583827,True,True
1.8,6,0.84,0.85,6.0,6.0,0.0,0.0,-0.0,True,True,True,6.0,4.296,67.6,57.68705260525022,9.912947394749771,True,True
1.8,6,0.85,0.86,6.0,6.0,0.0,0.0,-0.0,True,True,True,6.0,3.978,67.6,57.750101819320555,9.849898180679439,True,True
1.8,6,0.86,0.87,6.0,6.0,0.0,0.0,-0.0,True,True,True,6.0,3.6870000000000003,67.6,58.31508670220065,9.284913297799342,True,True
1.8,6,0.87,0.88,6.0,6.0,0.0,0.0,-0.0,True,True,True,6.0,3.4170000000000003,67.6,59.27929449207677,8.320705507923222,True,True
1.8,6,0.88,0.89,6.0,6.0,0.0,0.0,-0.0,True,True,True,6.0,3.162,67.6,60.57475548776126,7.025244512238736,True,True
1.8,6,0.89,0.9,6.0,5.628,-0.3719999999999999,0.0,-0.0,True,True,True,6.0,2.919,67.6,62.166088755464045,5.433911244535949,True,True
1.8,6,0.9,0.91,5.628,4.5840000000000005,-1.0439999999999996,0.3719999999999999,-0.039194111824711365,True,True,True,5.628,2.682,67.64945840792197,64.02416403687737,3.6252943710446033,True,True
1.8,6,0.91,0.9199999999999999,4.5840000000000005,3.882,-0.7020000000000004,1.4159999999999995,-0.1335439221312776,True,True,True,4.5840000000000005,2.451,68.58715327502716,66.14799562121229,2.439157653814874,True,True
1.8,6,0.9199999999999999,0.9299999999999999,3.882,3.318,-0.5640000000000001,2.118,-0.1766022477329103,True,True,True,3.882,2.22,70.24837636116543,68.53001132393413,1.718365037231294,True,True
1.8,6,0.9299999999999999,0.94,3.318,2.823,-0.4950000000000001,2.682,-0.1946345981830288,True,True,True,3.318,1.995,72.405326227365,71.19604009760832,1.209286129756677,True,True
1.8,6,0.94,0.95,2.823,2.364,-0.4590000000000001,3.177,-0.19657815761236408,True,True,True,2.823,1.764,74.98131584062412,74.14255730267138,0.8387585379527422,True,True
1.8,6,0.95,0.96,2.364,1.92,-0.44399999999999995,3.636,-0.18650241839313392,True,True,True,2.364,1.5330000000000001,77.95600910295242,77.40766160685715,0.5483474960952748,True,True
1.8,6,0.96,0.97,1.92,1.473,-0.44699999999999984,4.08,-0.1665537376426411,True,True,True,1.92,1.299,81.33997226434403,81.01993307806721,0.3200391862768157,True,True
1.8,6,0.97,0.98,1.473,1.014,-0.4590000000000001,4.527,-0.13788883228327573,True,True,True,1.473,1.056,85.16679741812332,85.0163807679534,0.15041665016993022,True,True
1.8,6,0.98,0.99,1.014,0.528,-0.486,4.986,-0.10073069868515205,True,True,True,1.014,0.807,89.49227320211546,89.45419201746022,0.03808118465524046,True,True
1.8,7,0.7,0.71,7.0,7.0,0.0,0.0,-0.0,True,True,True,7.0,7.0,55.9,55.9,0.0,True,True
1.8,7,0.71,0.72,7.0,7.0,0.0,0.0,-0.0,True,True,True,7.0,7.0,55.9,55.9,0.0,True,True
1.8,7,0.72,0.73,7.0,7.0,0.0,0.0,-0.0,True,True,True,7.0,7.0,55.9,55.9,0.0,True,True
1.8,7,0.73,0.74,7.0,7.0,0.0,0.0,-0.0,True,True,True,7.0,7.0,55.9,55.9,0.0,True,True
1.8,7,0.74,0.75,7.0,7.0,0.0,0.0,-0.0,True,True,True,7.0,7.0,55.9,55.9,0.0,True,True
1.8,7,0.75,0.76,7.0,7.0,0.0,0.0,-0.0,True,True,True,7.0,7.0,55.9,55.9,0.0,True,True
1.8,7,0.76,0.77,7.0,7.0,0.0,0.0,-0.0,True,True,True,7.0,7.0,55.9,55.9,0.0,True,True
1.8,7,0.77,0.78,7.0,7.0,0.0,0.0,-0.0,True,True,True,7.0,7.0,55.9,55.9,0.0,True,True
1.8,7,0.78,0.79,7.0,7.0,0.0,0.0,-0.0,True,True,True,7.0,6.1215,55.9,46.66508406306735,9.234915936932651,True,True
1.8,7,0.79,0.7999999999999999,7.0,7.0,0.0,0.0,-0.0,True,True,True,7.0,5.4915,55.9,42.93527267367596,12.964727326324038,True,True
1.8,7,0.7999999999999999,0.8099999999999999,7.0,7.0,0.0,0.0,-0.0,True,True,True,7.0,5.0365,55.9,41.69369286285232,14.206307137147675,True,True
1.8,7,0.8099999999999999,0.82,7.0,7.0,0.0,0.0,-0.0,True,True,True,7.0,4.676,55.9,41.60158188595645,14.29841811404355,True,True
1.8,7,0.82,0.83,7.0,7.0,0.0,0.0,-0.0,True,True,True,7.0,4.3645000000000005,55.9,42.128957411738014,13.771042588261984,True,True
1.8,7,0.83,0.84,7.0,7.0,0.0,0.0,-0.0,True,True,True,7.0,4.088,55.9,43.08341847504964,12.816581524950358,True,True
1.8,7,0.84,0.85,7.0,7.0,0.0,0.0,-0.0,True,True,True,7.0,3.8360000000000003,55.9,44.35621927956201,11.543780720437987,True,True
1.8,7,0.85,0.86,7.0,7.0,0.0,0.0,-0.0,True,True,True,7.0,3.6015,55.9,45.887528310971476,10.012471689028523,True,True
1.8,7,0.86,0.87,7.0,7.0,0.0,0.0,-0.0,True,True,True,7.0,3.3775,55.9,47.63885419245551,8.261145807544487,True,True
1.8,7,0.87,0.88,7.0,7.0,0.0,0.0,-0.0,True,True,True,7.0,3.164,55.9,49.60345036734603,6.296549632653971,True,True
1.8,7,0.88,0.89,7.0,5.327,-1.673,0.0,-0.0,True,True,True,7.0,2.954,55.9,51.764425427380736,4.135574572619262,True,True
1.8,7,0.89,0.9,5.327,4.4975000000000005,-0.8294999999999995,1.673,-0.19496107459620687,True,True,True,5.327,2.7475,56.747432685072056,54.129080422907165,2.6183522621648905,True,True
1.8,7,0.9,0.91,4.4975000000000005,3.9165,-0.5810000000000004,2.5024999999999995,-0.2636646904337102,True,True,True,4.4975000000000005,2.5445,58.61835354586307,56.708593658039675,1.9097598878233981,True,True
1.8,7,0.91,0.9199999999999999,3.9165,3.444,-0.47250000000000014,3.0835,-0.2908069801495725,True,True,True,3.9165,2.3415,60.960922705832,59.5113964873453,1.449526218486696,True,True
1.8,7,0.9199999999999999,0.9299999999999999,3.444,3.0205,-0.42349999999999977,3.556,-0.2965050013872659,True,True,True,3.444,2.1385,63.666168516395075,62.55783076216371,1.1083377542313642,True,True
1.8,7,0.9299999999999999,0.94,3.0205,2.6215,-0.399,3.9795,-0.28879507213622785,True,True,True,3.0205,1.9285,66.70549323524807,65.86159171552734,0.8439015197207311,True,True
1.8,7,0.94,0.95,2.6215,2.233,-0.38850000000000007,4.3785,-0.2709214551796462,True,True,True,2.6215,1.7185000000000001,70.08260380832367,69.46524399540998,0.6173598129136906,True,True
1.8,7,0.95,0.96,2.233,1.8375000000000001,-0.39549999999999996,4.7669999999999995,-0.24451513434545358,True,True,True,2.233,1.5015,73.82075358098366,73.39558757658254,0.4251660044011203,True,True
1.8,7,0.96,0.97,1.8375000000000001,1.428,-0.4095000000000002,5.1625,-0.21074354671081727,True,True,True,1.8375000000000001,1.2775,77.9594106485227,77.69873089331023,0.2606797552124789,True,True
1.8,7,0.97,0.98,1.428,0.994,-0.43399999999999994,5.572,-0.16971870410479617,True,True,True,1.428,1.0465,82.55495134278436,82.42961630893448,0.1253350338498791,True,True
1.8,7,0.98,0.99,0.994,0.5215,-0.47250000000000003,6.006,-0.12133746014902191,True,True,True,0.994,0.8015,87.68426848856451,87.65154359136994,0.03272489719456928,True,True
1.8,8,0.7,0.71,8.0,8.0,0.0,0.0,-0.0,True,True,True,8.0,8.0,42.4,42.4,0.0,True,True
1.8,8,0.71,0.72,8.0,8.0,0.0,0.0,-0.0,True,True,True,8.0,8.0,42.4,42.4,0.0,True,True
1.8,8,0.72,0.73,8.0,8.0,0.0,0.0,-0.0,True,True,True,8.0,8.0,42.4,42.4,0.0,True,True
1.8,8,0.73,0.74,8.0,8.0,0.0,0.0,-0.0,True,True,True,8.0,8.0,42.4,42.4,0.0,True,True
1.8,8,0.74,0.75,8.0,8.0,0.0,0.0,-0.0,True,True,True,8.0,7.172,42.4,31.639617525356506,10.760382474643492,True,True
1.8,8,0.75,0.76,8.0,8.0,0.0,0.0,-0.0,True,True,True,8.0,5.832,42.4,22.985052772433637,19.414947227566362,True,True
1.8,8,0.76,0.77,8.0,8.0,0.0,0.0,-0.0,True,True,True,8.0,5.32,42.4,22.454860108912854,19.945139891087145,True,True
1.8,8,0.77,0.78,8.0,8.0,0.0,0.0,-0.0,True,True,True,8.0,4.96,42.4,23.03705968655128,19.362940313448718,True,True
1.8,8,0.78,0.79,8.0,8.0,0.0,0.0,-0.0,True,True,True,8.0,4.668,42.4,24.08656253376232,18.31343746623768,True,True
1.8,8,0.79,0.7999999999999999,8.0,8.0,0.0,0.0,-0.0,True,True,True,8.0,4.42,42.4,25.420857152559847,16.97914284744015,True,True
1.8,8,0.7999999999999999,0.8099999999999999,8.0,8.0,0.0,0.0,-0.0,True,True,True,8.0,4.2,42.4,26.953396074138535,15.446603925861464,True,True
1.8,8,0.8099999999999999,0.82,8.0,8.0,0.0,0.0,-0.0,True,True,True,8.0,3.996,42.4,28.63923848927911,13.76076151072089,True,True
1.8,8,0.82,0.83,8.0,8.0,0.0,0.0,-0.0,True,True,True,8.0,3.8040000000000003,42.4,30.46397368211158,11.93602631788842,True,True
1.8,8,0.83,0.84,8.0,8.0,0.0,0.0,-0.0,True,True,True,8.0,3.624,42.4,32.427155370277816,9.972844629722182,True,True
1.8,8,0.84,0.85,8.0,8.0,0.0,0.0,-0.0,True,True,True,8.0,3.448,42.4,34.5189952558398,7.881004744160201,True,True
1.8,8,0.85,0.86,8.0,8.0,0.0,0.0,-0.0,True,True,True,8.0,3.2760000000000002,42.4,36.74713449671095,5.65286550328905,True,True
1.8,8,0.86,0.87,8.0,5.348,-2.652,0.0,-0.0,True,True,True,8.0,3.104,42.4,39.11507695700186,3.2849230429981375,True,True
1.8,8,0.87,0.88,5.348,4.596,-0.7519999999999998,2.652,-0.36932300256846234,True,True,True,5.348,2.936,43.37921783313844,41.64174824945292,1.7374695836855238,True,True
1.8,8,0.88,0.89,4.596,4.12,-0.476,3.404,-0.43514479661964817,True,True,True,4.596,2.7640000000000002,45.706200812719175,44.32914401233873,1.3770568003804442,True,True
1.8,8,0.89,0.9,4.12,3.736,-0.3839999999999999,3.88,-0.45215120707309187,True,True,True,4.12,2.592,48.34883557479333,47.201119487433004,1.1477160873603225,True,True
1.8,8,0.9,0.91,3.736,3.392,-0.3440000000000003,4.263999999999999,-0.4492572387649712,True,True,True,3.736,2.416,51.24826690266099,50.271854863772326,0.976412038888661,True,True
1.8,8,0.91,0.9199999999999999,3.392,3.072,-0.31999999999999984,4.6080000000000005,-0.4345836110034799,True,True,True,3.392,2.24,54.39832610823391,53.571089457074876,0.8272366511590334,True,True
1.8,8,0.9199999999999999,0.9299999999999999,3.072,2.7560000000000002,-0.31599999999999984,4.928,-0.410904568851644,True,True,True,3.072,2.056,57.811554822399664,57.11486937423461,0.6966854481650557,True,True
1.8,8,0.9299999999999999,0.94,2.7560000000000002,2.436,-0.3200000000000003,5.244,-0.3805607132258773,True,True,True,2.7560000000000002,1.868,61.511824255823505,60.94172245443062,0.5701018013928874,True,True
1.8,8,0.94,0.95,2.436,2.108,-0.32799999999999985,5.564,-0.34427474628743904,True,True,True,2.436,1.672,65.5327315212956,65.08496462632388,0.4477668949717213,True,True
1.8,8,0.95,0.96,2.108,1.756,-0.3520000000000001,5.8919999999999995,-0.302220090531448,True,True,True,2.108,1.468,69.91823854873064,69.59086787678295,0.32737067194769054,True,True
1.8,8,0.96,0.97,1.756,1.3840000000000001,-0.3719999999999999,6.244,-0.25489253378447324,True,True,True,1.756,1.256,74.72479557793768,74.51437804915221,0.21041752878547015,True,True
1.8,8,0.97,0.98,1.3840000000000001,0.972,-0.41200000000000014,6.616,-0.2015181167188319,True,True,True,1.3840000000000001,1.032,80.02496632117979,79.91855492573079,0.10641139544900113,True,True
1.8,8,0.98,0.99,0.972,0.516,-0.45599999999999996,7.0280000000000005,-0.14198462702752682,True,True,True,0.972,0.796,85.91315385061293,85.88525007641944,0.027903774193489994,True,True
1.8,9,0.7,0.71,9.0,9.0,0.0,0.0,-0.0,True,True,True,9.0,4.9635,27.099999999999994,1.5267494027464963,25.573250597253498,True,True
1.8,9,0.71,0.72,9.0,9.0,0.0,0.0,-0.0,True,True,True,9.0,4.752,27.099999999999994,3.0190441648881112,24.080955835111883,True,True
1.8,9,0.72,0.73,9.0,9.0,0.0,0.0,-0.0,True,True,True,9.0,4.5809999999999995,27.099999999999994,4.531129908730904,22.56887009126909,True,True
1.8,9,0.73,0.74,9.0,9.0,0.0,0.0,-0.0,True,True,True,9.0,4.4325,27.099999999999994,6.071124930017707,21.028875069982288,True,True
1.8,9,0.74,0.75,9.0,9.0,0.0,0.0,-0.0,True,True,True,9.0,4.297499999999999,27.099999999999994,7.647918863333686,19.45208113666631,True,True
1.8,9,0.75,0.76,9.0,9.0,0.0,0.0,-0.0,True,True,True,9.0,4.1715,27.099999999999994,9.269362245409686,17.830637754590306,True,True
1.8,9,0.76,0.77,9.0,9.0,0.0,0.0,-0.0,True,True,True,9.0,4.05,27.099999999999994,10.943322566150593,16.156677433849403,True,True
1.8,9,0.77,0.78,9.0,9.0,0.0,0.0,-0.0,True,True,True,9.0,3.933,27.099999999999994,12.676330672220653,14.423669327779342,True,True
1.8,9,0.78,0.79,9.0,9.0,0.0,0.0,-0.0,True,True,True,9.0,3.816,27.099999999999994,14.475863835870276,12.624136164129718,True,True
1.8,9,0.79,0.7999999999999999,9.0,9.0,0.0,0.0,-0.0,True,True,True,9.0,3.7034999999999996,27.099999999999994,16.34907080687983,10.750929193120164,True,True
1.8,9,0.7999999999999999,0.8099999999999999,9.0,9.0,0.0,0.0,-0.0,True,True,True,9.0,3.5864999999999996,27.099999999999994,18.303113110926567,8.796886889073427,True,True
1.8,9,0.8099999999999999,0.82,9.0,9.0,0.0,0.0,-0.0,True,True,True,9.0,3.4694999999999996,27.099999999999994,20.346333312251424,6.75366668774857,True,True
1.8,9,0.82,0.83,9.0,9.0,0.0,0.0,-0.0,True,True,True,9.0,3.3524999999999996,27.099999999999994,22.4881323691436,4.611867630856395,True,True
1.8,9,0.83,0.84,9.0,4.180499999999999,-4.819500000000001,0.0,-0.0,True,True,True,9.0,3.2354999999999996,27.099999999999994,24.73899941650201,2.361000583497983,True,True
1.8,9,0.84,0.85,4.180499999999999,4.0184999999999995,-0.16199999999999992,4.819500000000001,-0.8402961493442567,True,True,True,4.180499999999999,3.114,27.429346932025243,27.10774229494224,0.32160463708300213,True,True
1.8,9,0.85,0.86,4.0184999999999995,3.8564999999999996,-0.16199999999999992,4.9815000000000005,-0.8095880472931659,True,True,True,4.0184999999999995,2.988,29.970628420998892,29.606140915508316,0.36448750549057607,True,True
1.8,9,0.86,0.87,3.8564999999999996,3.6944999999999997,-0.16199999999999992,5.1435,-0.7757575333498311,True,True,True,3.8564999999999996,2.8619999999999997,32.65015844260863,32.25143805097845,0.39872039163017803,True,True
1.8,9,0.87,0.88,3.6944999999999997,3.5279999999999996,-0.1665000000000001,5.3055,-0.7388548982379249,True,True,True,3.6944999999999997,2.727,35.48166001855721,35.05210528002403,0.42955473853317727,True,True
1.8,9,0.88,0.89,3.5279999999999996,3.3524999999999996,-0.1755,5.472,-0.6995042089020902,True,True,True,3.5279999999999996,2.5919999999999996,38.48105114069919,38.03372518980946,0.44732595088973426,True,True
1.8,9,0.89,0.9,3.3524999999999996,3.1635,-0.1889999999999996,5.647500000000001,-0.6581247273054862,True,True,True,3.3524999999999996,2.448,41.66681747967614,41.20843420026451,0.4583832794116276,True,True
1.8,9,0.9,0.91,3.1635,2.9654999999999996,-0.1980000000000004,5.8365,-0.6149366496369031,True,True,True,3.1635,2.2994999999999997,45.06055559412309,44.60411396056862,0.4564416335544692,True,True
1.8,9,0.91,0.9199999999999999,2.9654999999999996,2.7495,-0.21599999999999975,6.0345,-0.5691177952692056,True,True,True,2.9654999999999996,2.142,48.68768558017082,48.24346149126481,0.4442240889060116,True,True
1.8,9,0.9199999999999999,0.9299999999999999,2.7495,2.52,-0.22949999999999982,6.250500000000001,-0.5211767466735392,True,True,True,2.7495,1.9799999999999998,52.57836071076392,52.163349354731366,0.4150113560325508,True,True
1.8,9,0.9299999999999999,0.94,2.52,2.268,-0.2520000000000002,6.48,-0.4702580895697341,True,True,True,2.52,1.809,56.768738253017744,56.39658999049824,0.3721482625195023,True,True
1.8,9,0.94,0.95,2.268,1.9889999999999999,-0.2789999999999999,6.732,-0.41654521783016524,True,True,True,2.268,1.6289999999999998,61.30262830699932,60.98780829657297,0.3148200104263452,True,True
1.8,9,0.95,0.96,1.9889999999999999,1.6829999999999998,-0.30600000000000005,7.011,-0.3596172869511171,True,True,True,1.9889999999999999,1.44,66.23382980055077,65.99010387377076,0.2437259267800016,True,True
1.8,9,0.96,0.97,1.6829999999999998,1.341,-0.34199999999999986,7.317,-0.29869453390470707,True,True,True,1.6829999999999998,1.2374999999999998,71.62935642930434,71.46349702710025,0.16585940220409157,True,True
1.8,9,0.97,0.98,1.341,0.954,-0.387,7.659,-0.23328707012538297,True,True,True,1.341,1.0214999999999999,77.57416735359105,77.48656196163226,0.08760539195878891,True,True
1.8,9,0.98,0.99,0.954,0.513,-0.44099999999999995,8.046,-0.1625509830767616,True,True,True,0.954,0.7919999999999999,84.17817108945152,84.15501025334034,0.023160836111188132,True,True
1.8,10,0.7,0.71,10.0,10.0,0.0,0.0,-0.0,True,True,True,10.0,3.335,10.0,-0.7293515980341336,10.729351598034134,True,True
1.8,10,0.71,0.72,10.0,10.0,0.0,0.0,-0.0,True,True,True,10.0,3.345,10.0,0.16573687521286828,9.834263124787132,True,True
1.8,10,0.72,0.73,10.0,10.0,0.0,0.0,-0.0,True,True,True,10.0,3.35,10.0,1.1525629863287268,8.847437013671273,True,True
1.8,10,0.73,0.74,10.0,10.0,0.0,0.0,-0.0,True,True,True,10.0,3.35,10.0,2.233553351167483,7.766446648832517,True,True
1.8,10,0.74,0.75,10.0,10.0,0.0,0.0,-0.0,True,True,True,10.0,3.335,10.0,3.4309303690157567,6.569069630984243,True,True
1.8,10,0.75,0.76,10.0,10.0,0.0,0.0,-0.0,True,True,True,10.0,3.315,10.0,4.724217157927004,5.275782842072996,True,True
1.8,10,0.76,0.77,10.0,10.0,0.0,0.0,-0.0,True,True,True,10.0,3.29,10.0,6.116704020360125,3.8832959796398754,True,True
1.8,10,0.77,0.78,10.0,1.8,-8.2,0.0,-0.0,True,True,True,10.0,3.255,10.0,7.6190516425511685,2.3809483574488315,True,True
1.8,10,0.78,0.79,1.8,1.975,0.17500000000000004,8.2,-2.037383146247697,False,False,False,1.8,3.215,10.120942260033864,9.226819796425445,0.8941224636084186,True,False
1.8,10,0.79,0.7999999999999999,1.975,2.15,0.17499999999999982,8.025,-1.8916717265065854,False,False,False,1.975,3.165,11.571384406944698,10.950042469210583,0.6213419377341154,True,False
1.8,10,0.7999999999999999,0.8099999999999999,2.15,2.32,0.16999999999999993,7.85,-1.7516768778165472,False,False,False,2.15,3.11,13.188028996221698,12.78776217532053,0.4002668209011677,True,False
1.8,10,0.8099999999999999,0.82,2.32,2.48,0.16000000000000014,7.68,-1.6183375205042125,False,False,False,2.32,3.0500000000000003,14.978637524467853,14.746847748973268,0.23178977549458502,True,False
1.8,10,0.82,0.83,2.48,2.615,0.13500000000000023,7.52,-1.492351059203264,False,False,False,2.48,2.98,16.94898134669725,16.837441277035474,0.11154006966177477,True,False
1.8,10,0.83,0.84,2.615,2.725,0.10999999999999988,7.385,-1.3760439349441793,False,False,False,2.615,2.9050000000000002,19.10317604398014,19.06481122249279,0.03836482148735243,True,False
1.8,10,0.84,0.85,2.725,2.805,0.08000000000000007,7.275,-1.2684208914782586,False,False,False,2.725,2.825,21.44448107084601,21.43969453632044,0.004786534525567987,True,False
1.8,10,0.85,0.86,2.805,2.85,0.04499999999999993,7.195,-1.1693236977364907,False,False,False,2.805,2.735,23.976468912493814,23.97416867483757,0.002300237656243098,True,True
1.8,10,0.86,0.87,2.85,2.865,0.015000000000000124,7.15,-1.0783836616022733,False,False,False,2.85,2.64,26.70423707769513,26.68139519180353,0.02284188589159797,True,True
1.8,10,0.87,0.88,2.865,2.845,-0.020000000000000018,7.135,-0.9936348504245771,True,True,True,2.865,2.54,29.635449201870017,29.578105735677724,0.057343466192293135,True,True
1.8,10,0.88,0.89,2.845,2.795,-0.050000000000000266,7.154999999999999,-0.9146477731532263,True,True,True,2.845,2.43,32.781149864682206,32.68123559891471,0.09991426576749518,True,True
1.8,10,0.89,0.9,2.795,2.72,-0.07499999999999973,7.205,-0.8396261461241307,True,True,True,2.795,2.31,36.156372525465926,36.011509149963985,0.1448633755019415,True,True
1.8,10,0.9,0.91,2.72,2.61,-0.11000000000000032,7.279999999999999,-0.7670245539889753,True,True,True,2.72,2.185,39.78071903246458,39.597202751544856,0.18351628091972572,True,True
1.8,10,0.91,0.9199999999999999,2.61,2.475,-0.1349999999999998,7.390000000000001,-0.6969559212924732,True,True,True,2.61,2.05,43.67903516603154,43.46527559419822,0.21375957183332162,True,True
1.8,10,0.9199999999999999,0.9299999999999999,2.475,2.305,-0.16999999999999993,7.525,-0.6274466072663598,True,True,True,2.475,1.9100000000000001,47.882282972012234,47.65490166820347,0.22738130380876242,True,True
1.8,10,0.9299999999999999,0.94,2.305,2.11,-0.19500000000000028,7.695,-0.5584314813640592,True,True,True,2.305,1.7550000000000001,52.42884939367548,52.20002471394656,0.22882467972891618,True,True
1.8,10,0.94,0.95,2.11,1.8800000000000001,-0.22999999999999976,7.890000000000001,-0.4881969353357106,True,True,True,2.11,1.585,57.36630956240957,57.15054820041536,0.21576136199421114,True,True
1.8,10,0.95,0.96,1.8800000000000001,1.61,-0.27,8.12,-0.41650155042691067,True,True,True,1.8800000000000001,1.41,62.7539890521453,62.575116563063425,0.17887248908187559,True,True
1.8,10,0.96,0.97,1.61,1.3,-0.31000000000000005,8.39,-0.34249653402494085,True,True,True,1.61,1.22,68.66666802082597,68.5385944121197,0.12807360870625928,True,True
1.8,10,0.97,0.98,1.3,0.935,-0.365,8.7,-0.26499510511696456,True,True,True,1.3,1.01,75.19997053684361,75.12817542793891,0.07179510890469487,True,True
1.8,10,0.98,0.99,0.935,0.51,-0.42500000000000004,9.065,-0.18313754183331396,True,True,True,0.935,0.785,82.47855981549168,82.45881389584436,0.01974591964732042,True,True
1.8,11,0.7,0.71,0.46199999999999997,0.528,0.06600000000000006,10.538,-3.7586405592263628,False,False,False,0.46199999999999997,2.574,2.139441876577658,-1.010752239479502,3.1501941160571603,True,False
1.8,11,0.71,0.72,0.528,0.5994999999999999,0.0714999999999999,10.472,-3.5865585152906383,False,False,False,0.528,2.618,2.5184417277839923,-0.502911124367249,3.0213528521512414,True,False
1.8,11,0.72,0.73,0.5994999999999999,0.6765,0.07700000000000007,10.400500000000001,-3.4166065485426618,False,False,False,0.5994999999999999,2.662,2.958902931250156,0.08544289295245644,2.8734600382976994,True,False
1.8,11,0.73,0.74,0.6765,0.7699999999999999,0.09349999999999992,10.3235,-3.2489163743526452,False,False,False,0.6765,2.695,3.4697377081210523,0.7897741151463391,2.679963592974713,True,False
1.8,11,0.74,0.75,0.7699999999999999,0.8634999999999999,0.09350000000000003,10.23,-3.0803050991795184,False,False,False,0.7699999999999999,2.7224999999999997,4.06091366564022,1.6003379588163744,2.460575706823845,True,False
1.8,11,0.75,0.76,0.8634999999999999,0.9734999999999999,0.10999999999999999,10.1365,-2.916089327407477,False,False,False,0.8634999999999999,2.739,4.743432699487754,2.5352119494531165,2.208220750034638,True,False
1.8,11,0.76,0.77,0.9734999999999999,1.089,0.11550000000000005,10.0265,-2.7516410334286996,False,False,False,0.9734999999999999,2.75,5.529371923094379,3.5860610328526903,1.9433108902416887,True,False
1.8,11,0.77,0.78,1.089,1.2155,0.12650000000000006,9.911,-2.5903861773361125,False,False,False,1.089,2.7555,6.43177856393511,4.758882439455241,1.6728961244798688,True,False
1.8,11,0.78,0.79,1.2155,1.3475,0.1319999999999999,9.7845,-2.431070170056169,False,False,False,1.2155,2.7555,7.464570634502961,6.060090619379419,1.4044800151235428,True,False
1.8,11,0.79,0.7999999999999999,1.3475,1.4849999999999999,0.13749999999999996,9.6525,-2.2753098243121266,False,False,False,1.3475,2.7445,8.64232581371266,7.505296764132823,1.1370290495798363,True,False
1.8,11,0.7999999999999999,0.8099999999999999,1.4849999999999999,1.6224999999999998,0.13749999999999996,9.515,-2.1232108907547067,False,False,False,1.4849999999999999,2.7279999999999998,9.979981315568804,9.091423360543185,0.8885579550256182,True,False
1.8,11,0.8099999999999999,0.82,1.6224999999999998,1.7654999999999998,0.14300000000000002,9.3775,-1.976036471162533,False,False,False,1.6224999999999998,2.7005,11.492500840232509,10.833451632746774,0.6590492074857348,True,False
1.8,11,0.82,0.83,1.7654999999999998,1.8975,0.13200000000000012,9.2345,-1.8325951936452851,False,False,False,1.7654999999999998,2.6675,13.194489098156476,12.732121105290718,0.462367992865758,True,False
1.8,11,0.83,0.84,1.8975,2.024,0.12650000000000006,9.1025,-1.6960649854880692,False,False,False,1.8975,2.6235,15.099924634481113,14.802541954019114,0.29738268046199856,True,False
1.8,11,0.84,0.85,2.024,2.1395,0.11549999999999994,8.975999999999999,-1.5649960030115253,False,False,False,2.024,2.574,17.221966489733198,17.050284983529934,0.17168150620326372,True,False
1.8,11,0.85,0.86,2.1395,2.2329999999999997,0.0934999999999997,8.8605,-1.4399989748150348,False,False,False,2.1395,2.5135,19.57308593270223,19.491650234735594,0.08143569796663641,True,False
1.8,11,0.86,0.87,2.2329999999999997,2.3045,0.07150000000000034,8.767,-1.3222642743030948,False,False,False,2.2329999999999997,2.4419999999999997,22.16545176426803,22.139625206186892,0.025826558081138984,True,False
1.8,11,0.87,0.88,2.3045,2.3485,0.04400000000000004,8.6955,-1.2109533064985156,False,False,False,2.3045,2.3705,25.011665923236166,25.009053971369998,0.0026119518661680274,True,False
1.8,11,0.88,0.89,2.3485,2.3649999999999998,0.016499999999999737,8.6515,-1.1059504136177691,False,False,False,2.3485,2.2824999999999998,28.12571742008495,28.122795979687865,0.0029214403970847513,True,True
1.8,11,0.89,0.9,2.3649999999999998,2.3539999999999996,-0.01100000000000012,8.635,-1.0062695033701412,False,True,False,2.3649999999999998,2.189,31.524120974759835,31.503308195098317,0.020812779661518732,True,True
1.8,11,0.9,0.91,2.3539999999999996,2.31,-0.043999999999999595,8.646,-0.9109470183775661,True,True,True,2.3539999999999996,2.0789999999999997,35.22713626397738,35.17584645994409,0.05128980403328853,True,True
1.8,11,0.91,0.9199999999999999,2.31,2.2275,-0.08250000000000002,8.69,-0.8195598046050868,True,True,True,2.31,1.9634999999999998,39.2600673170007,39.17612626107214,0.08394105592855539,True,True
1.8,11,0.9199999999999999,0.9299999999999999,2.2275,2.1174999999999997,-0.11000000000000032,8.7725,-0.7314651644178262,True,True,True,2.2275,1.837,43.65476249414073,43.54164138107184,0.1131211130688925,True,True
1.8,11,0.9299999999999999,0.94,2.1174999999999997,1.9634999999999998,-0.15399999999999991,8.8825,-0.6446091791054264,True,True,True,2.1174999999999997,1.6995,48.45133750146019,48.319037005207754,0.13230049625243367,True,True
1.8,11,0.94,0.95,1.9634999999999998,1.7765,-0.18699999999999983,9.0365,-0.559137085698498,True,True,True,1.9634999999999998,1.5454999999999999,53.700419079750034,53.5608169975991,0.13960208215093672,True,True
1.8,11,0.95,0.96,1.7765,1.5399999999999998,-0.23650000000000015,9.2235,-0.4731037007835727,True,True,True,1.7765,1.3804999999999998,59.46618852014176,59.33853049040202,0.1276580297397416,True,True
1.8,11,0.96,0.97,1.5399999999999998,1.2594999999999998,-0.28049999999999997,9.46,-0.38617606816161393,True,True,True,1.5399999999999998,1.1989999999999998,65.8306450269369,65.73170425495053,0.09894077198637774,True,True
1.8,11,0.97,0.98,1.2594999999999998,0.9129999999999999,-0.3464999999999999,9.7405,-0.29668791050480386,True,True,True,1.2594999999999998,1.001,72.899888253262,72.84285795914944,0.05703029411256466,True,True
1.8,11,0.98,0.99,0.9129999999999999,0.5005,-0.4125,10.087,-0.20378470871181883,True,True,True,0.9129999999999999,0.7809999999999999,80.81358310314837,80.7976092181951,0.01597388495326868,True,True
1.8,12,0.7,0.71,0.306,0.354,0.04799999999999999,11.694,-4.170956794419538,False,False,False,0.306,2.076,1.459475855832721,-0.9764272456451462,2.435903101477867,True,False
1.8,12,0.71,0.72,0.354,0.402,0.04800000000000004,11.646,-3.988642137994154,False,False,False,0.354,2.13,1.7397007241250337,-0.6797558694175354,2.419456593542569,True,False
1.8,12,0.72,0.73,0.402,0.462,0.06,11.598,-3.809990168741675,False,False,False,0.402,2.184,2.0693960702576426,-0.3156854717028712,2.385081541960514,True,False
1.8,12,0.73,0.74,0.462,0.528,0.066,11.538,-3.6311325739604614,False,False,False,0.462,2.232,2.456517386895341,0.13950534618320543,2.3170120407121355,True,False
1.8,12,0.74,0.75,0.528,0.6,0.07199999999999995,11.472,-3.4542776244171485,False,False,False,0.528,2.274,2.9101074497016537,0.6934935879513766,2.216613861750277,True,False
1.8,12,0.75,0.76,0.6,0.684,0.08400000000000007,11.4,-3.279575625950302,False,False,False,0.6,2.31,3.440422865167899,1.3541483361362978,2.086274529031601,True,False
1.8,12,0.76,0.77,0.684,0.774,0.08999999999999997,11.316,-3.1055273459611197,False,False,False,0.684,2.346,4.059018276205958,2.1159231695023575,1.9430951067036002,True,False
1.8,12,0.77,0.78,0.774,0.87,0.09599999999999997,11.225999999999999,-2.9340808421728584,False,False,False,0.774,2.37,4.778789327356258,3.0153874046027447,1.7634019227535136,True,False
1.8,12,0.78,0.79,0.87,0.972,0.10199999999999998,11.13,-2.765374928992301,False,False,False,0.87,2.388,5.614039220832459,4.047089814224105,1.5669494066083542,True,False
1.8,12,0.79,0.7999999999999999,0.972,1.086,0.1140000000000001,11.028,-2.599545894070358,False,False,False,0.972,2.406,6.580425794583485,5.2092461438228455,1.3711796507606397,True,False
1.8,12,0.7999999999999999,0.8099999999999999,1.086,1.206,0.11999999999999988,10.914,-2.4353887190432864,False,False,False,1.086,2.406,7.694913875289269,6.545662081502069,1.1492517937872,True,False
1.8,12,0.8099999999999999,0.82,1.206,1.326,0.1200000000000001,10.794,-2.274522812021155,False,False,False,1.206,2.406,8.975604958997408,8.03362369098768,0.9419812680097284,True,False
1.8,12,0.82,0.83,1.326,1.452,0.1259999999999999,10.674,-2.11826531993825,False,False,False,1.326,2.394,10.441554168316669,9.704524433573763,0.7370297347429062,True,False
1.8,12,0.83,0.84,1.452,1.572,0.1200000000000001,10.548,-1.9654043907638732,False,False,False,1.452,2.376,12.112448432819935,11.561239900709655,0.5512085321102802,True,False
1.8,12,0.84,0.85,1.572,1.692,0.11999999999999988,10.428,-1.818157121145743,False,False,False,1.572,2.352,14.008396406934189,13.618443162721757,0.3899532442124318,True,False
1.8,12,0.85,0.86,1.692,1.8,0.1080000000000001,10.308,-1.675245125263064,False,False,False,1.692,2.316,16.149649514206427,15.897450258847424,0.25219925535900245,True,False
1.8,12,0.86,0.87,1.8,1.8960000000000001,0.09600000000000009,10.2,-1.5383934752927533,False,False,False,1.8,2.2680000000000002,18.55657867618067,18.41355350120778,0.14302517497289102,True,False
1.8,12,0.87,0.88,1.8960000000000001,1.968,0.07199999999999984,10.104,-1.4071039283377613,False,False,False,1.8960000000000001,2.214,21.249802042945934,21.18222097744309,0.06758106550284282,True,False
1.8,12,0.88,0.89,1.968,2.0220000000000002,0.05400000000000027,10.032,-1.282424382987165,False,False,False,1.968,2.148,24.250683199284442,24.22950537224827,0.02117782703617266,True,False
1.8,12,0.89,0.9,2.0220000000000002,2.052,0.029999999999999805,9.978,-1.162774418601884,False,False,False,2.0220000000000002,2.07,27.58212883899543,27.580710951121848,0.0014178878735826572,True,False
1.8,12,0.9,0.91,2.052,2.052,0.0,9.948,-1.048126409764056,False,True,False,2.052,1.98,31.26976676451488,31.266087487617824,0.0036792768970563827,True,True
1.8,12,0.91,0.9199999999999999,2.052,2.016,-0.03600000000000003,9.948,-0.9382026393799084,True,True,True,2.052,1.8840000000000001,35.343422978772495,35.32340054475342,0.020022434019075774,True,True
1.8,12,0.9199999999999999,0.9299999999999999,2.016,1.944,-0.07200000000000006,9.984,-0.8324819836474866,True,True,True,2.016,1.77,39.8390057097649,39.7941125308548,0.04489317891010103,True,True
1.8,12,0.9299999999999999,0.94,1.944,1.83,-0.11399999999999988,10.056000000000001,-0.7297708871471058,True,True,True,1.944,1.6440000000000001,44.80071902830752,44.731405601171076,0.06931342713644284,True,True
1.8,12,0.94,0.95,1.83,1.68,-0.15000000000000013,10.17,-0.6292728558129501,True,True,True,1.83,1.506,50.28391128741434,50.198831040414944,0.08508024699939654,True,True
1.8,12,0.95,0.96,1.68,1.476,-0.20399999999999996,10.32,-0.529346798079522,True,True,True,1.68,1.35,56.35879731731477,56.270127546806435,0.08866977050833214,True,True
1.8,12,0.96,0.97,1.476,1.218,-0.258,10.524000000000001,-0.4296106703311654,True,True,True,1.476,1.182,63.115522252143855,63.042473819070835,0.07304843307301923,True,True
1.8,12,0.97,0.98,1.218,0.894,-0.32399999999999995,10.782,-0.32841117510012785,True,True,True,1.218,0.99,70.67151692542741,70.6262661127724,0.04525081265501285,True,True
1.8,12,0.98,0.99,0.894,0.498,-0.396,11.106,-0.2243712674683712,True,True,True,0.894,0.774,79.18253057447924,79.16920116470955,0.013329409769696099,True,True
1.8,13,0.7,0.71,0.208,0.2405,0.0325,12.792,-4.562585882864266,False,False,False,0.208,1.7225,1.0045664233145728,-0.879315685662676,1.8838821089772488,True,False
1.8,13,0.71,0.72,0.2405,0.27949999999999997,0.03899999999999998,12.7595,-4.370005097006389,False,False,False,0.2405,1.781,1.2130613834715651,-0.7105544202521905,1.9236158037237556,True,False
1.8,13,0.72,0.73,0.27949999999999997,0.325,0.04550000000000004,12.7205,-4.178735983917785,False,False,False,0.27949999999999997,1.833,1.461477510296792,-0.4721861513544332,1.9336636616512253,True,False
1.8,13,0.73,0.74,0.325,0.3705,0.045499999999999985,12.675,-3.9889586908432006,False,False,False,0.325,1.885,1.756836307486171,-0.17214868011454865,1.9289849876007197,True,False
1.8,13,0.74,0.75,0.3705,0.429,0.058499999999999996,12.6295,-3.802806769314538,False,False,False,0.3705,1.9369999999999998,2.107263804574838,0.1985116531959692,1.9087521513788688,True,False
1.8,13,0.75,0.76,0.429,0.494,0.065,12.571,-3.6164513327913377,False,False,False,0.429,1.9825,2.5221519135768764,0.6650284020754547,1.8571235115014217,True,False
1.8,13,0.76,0.77,0.494,0.5655,0.07150000000000001,12.506,-3.4321071923462143,False,False,False,0.494,2.0215,3.0122443111927124,1.2370538366264139,1.7751904745662985,True,False
1.8,13,0.77,0.78,0.5655,0.637,0.07150000000000001,12.4345,-3.2499401596292903,False,False,False,0.5655,2.0604999999999998,3.5898415914116732,1.9103660682616308,1.6794755231500424,True,False
1.8,13,0.78,0.79,0.637,0.728,0.09099999999999997,12.363,-3.0717277850073503,False,False,False,0.637,2.093,4.268909733132444,2.711309187484218,1.5576005456482265,True,False
1.8,13,0.79,0.7999999999999999,0.728,0.819,0.09099999999999997,12.272,-2.892784476970569,False,False,False,0.728,2.1189999999999998,5.065182117738042,3.6515831608609135,1.413598956877128,True,False
1.8,13,0.7999999999999999,0.8099999999999999,0.819,0.9165,0.09750000000000003,12.181000000000001,-2.7181115985583904,False,False,False,0.819,2.145,5.996242093826104,4.731491711625145,1.2647503822009591,True,False
1.8,13,0.8099999999999999,0.82,0.9165,1.0205,0.10399999999999998,12.0835,-2.5462475819026893,False,False,False,0.9165,2.158,7.081546121593899,5.989829388116542,1.091716733477357,True,False
1.8,13,0.82,0.83,1.0205,1.1375,0.11699999999999999,11.9795,-2.377343020442221,False,False,False,1.0205,2.1645,8.342402722463968,7.42819117278003,0.9142115496839374,True,False
1.8,13,0.83,0.84,1.1375,1.248,0.11050000000000004,11.8625,-2.2103346212965915,False,False,False,1.1375,2.1645,9.801879023325146,9.062607799520709,0.7392712238044368,True,False
1.8,13,0.84,0.85,1.248,1.365,0.11699999999999999,11.752,-2.0490010057254286,False,False,False,1.248,2.1515,11.484603727886736,10.91889157954137,0.5657121483453658,True,False
1.8,13,0.85,0.86,1.365,1.4755,0.11050000000000004,11.635,-1.8909077447066114,False,False,False,1.365,2.132,13.416571142437194,13.00631417348746,0.4102569689497333,True,False
1.8,13,0.86,0.87,1.4755,1.5795,0.10399999999999987,11.5245,-1.7381583927462094,False,False,False,1.4755,2.106,15.625003583299328,15.34693646185853,0.2780671214407988,True,False
1.8,13,0.87,0.88,1.5795,1.6704999999999999,0.09099999999999997,11.4205,-1.5904424399823243,False,False,False,1.5795,2.0669999999999997,18.138202459675817,17.970200507573434,0.168001952102383,True,False
1.8,13,0.88,0.89,1.6704999999999999,1.742,0.07150000000000012,11.3295,-1.4482881825212408,False,False,False,1.6704999999999999,2.0215,20.985704124204105,20.897720965102287,0.08798315910181742,True,False
1.8,13,0.89,0.9,1.742,1.8005,0.058499999999999996,11.258,-1.3119377034095019,False,False,False,1.742,1.9629999999999999,24.19866553603993,24.16429767791857,0.03436785812136023,True,False
1.8,13,0.9,0.91,1.8005,1.8265,0.026000000000000023,11.1995,-1.1799850951098254,False,False,False,1.8005,1.8915,27.810711634111513,27.804371038730714,0.006340595380798675,True,False
1.8,13,0.91,0.9199999999999999,1.8265,1.8265,0.0,11.1735,-1.0537803770719145,False,True,False,1.8265,1.807,31.85924295938887,31.858957040495596,0.0002859188932724521,True,True
1.8,13,0.9199999999999999,0.9299999999999999,1.8265,1.7874999999999999,-0.039000000000000146,11.1735,-0.931664407480488,True,True,True,1.8265,1.7095,36.38726381781813,36.37720034895719,0.010063468860941782,True,True
1.8,13,0.9299999999999999,0.94,1.7874999999999999,1.7095,-0.07799999999999985,11.2125,-0.8136988934105931,True,True,True,1.7874999999999999,1.599,41.44592168867271,41.41826937069515,0.02765231797756229,True,True
1.8,13,0.94,0.95,1.7095,1.5859999999999999,-0.12350000000000017,11.2905,-0.6986042456790672,True,True,True,1.7095,1.4689999999999999,47.09773865564066,47.05120132169738,0.04653733394328441,True,True
1.8,13,0.95,0.96,1.5859999999999999,1.4104999999999999,-0.1755,11.414,-0.5854616621395022,True,True,True,1.5859999999999999,1.3259999999999998,53.42101624874695,53.364726498502705,0.05628975024424676,True,True
1.8,13,0.96,0.97,1.4104999999999999,1.183,-0.2274999999999998,11.589500000000001,-0.4731065054924973,True,True,True,1.4104999999999999,1.1635,60.51581156866248,60.46293124737427,0.052880321288206744,True,True
1.8,13,0.97,0.98,1.183,0.8775,-0.3055000000000001,11.817,-0.3599364548468012,True,True,True,1.183,0.975,68.51252604286881,68.47585898964725,0.036667053221563606,True,True
1.8,13,0.98,0.99,0.8775,0.494,-0.38349999999999995,12.1225,-0.24490731945662975,True,True,True,0.8775,0.7735,77.58470268354667,77.57494109321868,0.009761590327983072,True,True
1.8,14,0.7,0.71,0.14,0.168,0.027999999999999997,13.86,-4.943514722990831,False,False,False,0.14,1.456,0.6953096080567499,-0.7679293733573545,1.4632389814141042,True,False
1.8,14,0.71,0.72,0.168,0.196,0.027999999999999997,13.832,-4.737325953351806,False,False,False,0.168,1.5050000000000001,0.8508029003838403,-0.6534482120662914,1.5042511124501319,True,False
1.8,14,0.72,0.73,0.196,0.231,0.035,13.804,-4.534670140481986,False,False,False,0.196,1.561,1.0384702182607928,-0.5128568591316882,1.551327077392481,True,False
1.8,14,0.73,0.74,0.231,0.266,0.035,13.769,-4.333252245697833,False,False,False,0.231,1.617,1.2644543952219958,-0.3230754784923664,1.5875298737143622,True,False
1.8,14,0.74,0.75,0.266,0.308,0.04199999999999998,13.734,-4.13537734429438,False,False,False,0.266,1.666,1.5359823754593782,-0.05960555701300718,1.5955879324723854,True,False
1.8,14,0.75,0.76,0.308,0.364,0.055999999999999994,13.692,-3.9389429360097843,False,False,False,0.308,1.715,1.8615007622260968,0.27118194829827136,1.5903188139278255,True,False
1.8,14,0.76,0.77,0.364,0.42,0.055999999999999994,13.636,-3.742220827989203,False,False,False,0.364,1.764,2.250894388940472,0.6799213245173519,1.5709730644231201,True,False
1.8,14,0.77,0.78,0.42,0.483,0.063,13.58,-3.549333496945254,False,False,False,0.42,1.806,2.715619109585367,1.1937464643916842,1.5218726451936826,True,False
1.8,14,0.78,0.79,0.483,0.553,0.07000000000000006,13.517,-3.358452193637819,False,False,False,0.483,1.848,3.268946302870912,1.8099336103875814,1.4590126924833307,True,False
1.8,14,0.79,0.7999999999999999,0.553,0.63,0.07699999999999996,13.447,-3.169758218857826,False,False,False,0.553,1.883,3.926147380914672,2.5572863123169505,1.3688610685977216,True,False
1.8,14,0.7999999999999999,0.8099999999999999,0.63,0.714,0.08399999999999996,13.37,-2.9834292810709857,False,False,False,0.63,1.9180000000000001,4.70468492811461,3.436498155763544,1.2681867723510662,True,False
1.8,14,0.8099999999999999,0.82,0.714,0.805,0.09100000000000008,13.286,-2.7996396220597615,False,False,False,0.714,1.939,5.624381717957714,4.491019913697706,1.1333618042600087,True,False
1.8,14,0.82,0.83,0.805,0.903,0.09799999999999998,13.195,-2.6185601364610465,False,False,False,0.805,1.96,6.707553951908916,5.711492651056998,0.9960613008519177,True,False
1.8,14,0.83,0.84,0.903,1.008,0.10499999999999998,13.097,-2.44035848557399,False,False,False,0.903,1.974,7.979093015404988,7.130334004027429,0.8487590113775596,True,False
1.8,14,0.84,0.85,1.008,1.113,0.10499999999999998,12.992,-2.2651992057849535,False,False,False,1.008,1.981,9.466477705726849,8.76829113315176,0.6981865725750893,True,False
1.8,14,0.85,0.86,1.113,1.218,0.10499999999999998,12.887,-2.094381444437826,False,False,False,1.113,1.974,11.199747198658669,10.657189976681991,0.5425572219766774,True,False
1.8,14,0.86,0.87,1.218,1.323,0.10499999999999998,12.782,-1.9278181765874483,False,False,False,1.218,1.96,13.211351595112006,12.811578498785499,0.39977309632650737,True,False
1.8,14,0.87,0.88,1.323,1.421,0.09800000000000009,12.677,-1.7654252275868765,False,False,False,1.323,1.939,15.536104761549435,15.260363213573083,0.2757415479763523,True,False
1.8,14,0.88,0.89,1.421,1.512,0.09099999999999997,12.579,-1.608015980222842,False,False,False,1.421,1.9040000000000001,18.21114197272401,18.041366863849472,0.16977510887453917,True,False
1.8,14,0.89,0.9,1.512,1.582,0.07000000000000006,12.488,-1.4552742974043225,False,False,False,1.512,1.862,21.27610555667753,21.184675803928933,0.09142975274859566,True,False
1.8,14,0.9,0.91,1.582,1.631,0.04899999999999993,12.418,-1.3083668834388866,False,False,False,1.582,1.799,24.77365479976909,24.738367422154813,0.035287377614277915,True,False
1.8,14,0.91,0.9199999999999999,1.631,1.6520000000000001,0.02100000000000013,12.369,-1.1665287943797835,False,False,False,1.631,1.729,28.750471174905336,28.74330596361845,0.007165211286885409,True,False
1.8,14,0.9199999999999999,0.9299999999999999,1.6520000000000001,1.645,-0.007000000000000117,12.347999999999999,-1.0295961071794033,False,True,False,1.6520000000000001,1.645,33.258924624051254,33.25885591829395,6.870575730033579e-05,True,True
1.8,14,0.9299999999999999,0.94,1.645,1.596,-0.04899999999999993,12.355,-0.8966109099743926,True,True,True,1.645,1.547,38.35956734746935,38.351999975113515,0.00756737235583671,True,True
1.8,14,0.94,0.95,1.596,1.498,-0.09800000000000009,12.404,-0.7675025077191577,True,True,True,1.596,1.435,44.12459410926812,44.10367735115287,0.020916758115255618,True,True
1.8,14,0.95,0.96,1.498,1.351,-0.14700000000000002,12.502,-0.6412687664331573,True,True,True,1.498,1.295,50.64278013448339,50.60755709279319,0.035223041690194634,True,True
1.8,14,0.96,0.97,1.351,1.141,-0.20999999999999996,12.649000000000001,-0.5163574086867077,True,True,True,1.351,1.141,58.02632833366584,57.98798294014796,0.038345393517879245,True,True
1.8,14,0.97,0.98,1.141,0.861,-0.28,12.859,-0.3916749490458675,True,True,True,1.141,0.966,66.42068589282624,66.39320513093175,0.027480761894494776,True,True
1.8,14,0.98,0.99,0.861,0.49,-0.371,13.139,-0.2654433714448883,True,True,True,0.861,0.77,76.01939791621416,76.01212215591096,0.0072757603032016505,True,True
1.8,15,0.7,0.71,0.0975,0.12,0.022499999999999992,14.9025,-5.315348352046961,False,False,False,0.0975,1.2449999999999999,0.4830009859546408,-0.6548660290375408,1.1378670149921817,True,False
1.8,15,0.71,0.72,0.12,0.135,0.015000000000000013,14.88,-5.096255797128027,False,False,False,0.12,1.2974999999999999,0.5990016810215614,-0.5992145750741674,1.1982162560957288,True,False
1.8,15,0.72,0.73,0.135,0.16499999999999998,0.02999999999999997,14.865,-4.8832129555393164,False,False,False,0.135,1.3499999999999999,0.740861932961762,-0.5115238772451016,1.2523858102068637,True,False
1.8,15,0.73,0.74,0.16499999999999998,0.195,0.030000000000000027,14.835,-4.668733899696953,False,False,False,0.16499999999999998,1.395,0.9139118275386497,-0.3694241900488522,1.283336017587502,True,False
1.8,15,0.74,0.75,0.195,0.22499999999999998,0.02999999999999997,14.805,-4.45786089866596,False,False,False,0.195,1.4475,1.1244897826341607,-0.19621239711968363,1.3207021797538443,True,False
1.8,15,0.75,0.76,0.22499999999999998,0.27,0.04500000000000004,14.775,-4.250502620475063,False,False,False,0.22499999999999998,1.5,1.380144121444142,0.0324394164052868,1.347704705038855,True,False
1.8,15,0.76,0.77,0.27,0.315,0.044999999999999984,14.73,-4.0424547371869295,False,False,False,0.27,1.5525,1.6898228221182674,0.3267475423500823,1.363075279768185,True,False
1.8,15,0.77,0.78,0.315,0.36,0.044999999999999984,14.685,-3.8381415613137744,False,False,False,0.315,1.5975,2.0640558025579456,0.7140639568927818,1.3499918456651638,True,False
1.8,15,0.78,0.79,0.36,0.42,0.06,14.64,-3.6374743001300343,False,False,False,0.36,1.6424999999999998,2.515233331191762,1.1915166669593873,1.3237166642323746,True,False
1.8,15,0.79,0.7999999999999999,0.42,0.4875,0.0675,14.58,-3.436831622737198,False,False,False,0.42,1.6875,3.0578839460409917,1.7738220848758934,1.2840618611650982,True,False
1.8,15,0.7999999999999999,0.8099999999999999,0.4875,0.5549999999999999,0.06749999999999995,14.5125,-3.23837078844747,False,False,False,0.4875,1.7249999999999999,3.708884712451944,2.49228314555299,1.2166015668989538,True,False
1.8,15,0.8099999999999999,0.82,0.5549999999999999,0.6375,0.08250000000000002,14.445,-3.043865297354603,False,False,False,0.5549999999999999,1.755,4.487812530156457,3.363959473362414,1.1238530567940432,True,False
1.8,15,0.82,0.83,0.6375,0.7274999999999999,0.08999999999999997,14.3625,-2.850251607421128,False,False,False,0.6375,1.785,5.41721123952375,4.394294073592713,1.0229171659310374,True,False
1.8,15,0.83,0.84,0.7274999999999999,0.8175,0.09000000000000008,14.2725,-2.659388904738091,False,False,False,0.7274999999999999,1.8074999999999999,6.522767358484502,5.618939228708329,0.9038281297761728,True,False
1.8,15,0.84,0.85,0.8175,0.9149999999999999,0.09749999999999992,14.1825,-2.472766913180811,False,False,False,0.8175,1.8225,7.833638727461984,7.0612051040881685,0.7724336233738152,True,False
1.8,15,0.85,0.86,0.9149999999999999,1.02,0.1050000000000001,14.085,-2.2890791219761604,False,False,False,0.9149999999999999,1.8299999999999998,9.382473386414677,8.747071288002463,0.6354020984122144,True,False
1.8,15,0.86,0.87,1.02,1.1175,0.09749999999999992,13.98,-2.10850399848948,False,False,False,1.02,1.8299999999999998,11.20558743485045,10.705689616042683,0.4998978188077672,True,False
1.8,15,0.87,0.88,1.1175,1.2225,0.10499999999999998,13.8825,-1.9333056497574201,False,False,False,1.1175,1.815,13.342992529382935,12.977878113422292,0.3651144159606421,True,False
1.8,15,0.88,0.89,1.2225,1.3125,0.09000000000000008,13.7775,-1.761224275977439,False,False,False,1.2225,1.7999999999999998,15.838380606149464,15.583980574516836,0.2544000316326276,True,False
1.8,15,0.89,0.9,1.3125,1.395,0.08250000000000002,13.6875,-1.5950566100033363,False,False,False,1.3125,1.7625,18.739313592519217,18.58632731652581,0.1529862759934062,True,False
1.8,15,0.9,0.91,1.395,1.4625,0.0674999999999999,13.605,-1.4334298155247267,False,False,False,1.395,1.7175,22.09753177505305,22.018411444847743,0.07912033020530629,True,False
1.8,15,0.91,0.9199999999999999,1.4625,1.5,0.03750000000000009,13.5375,-1.276730823341929,False,False,False,1.4625,1.665,25.969758464035955,25.93762311968637,0.03213534434958376,True,False
1.8,15,0.9199999999999999,0.9299999999999999,1.5,1.515,0.014999999999999902,13.5,-1.1256517206771903,False,False,False,1.5,1.5899999999999999,30.419095356391466,30.413192872014896,0.0059024843765698165,True,False
1.8,15,0.9299999999999999,0.94,1.515,1.4925,-0.022499999999999964,13.485,-0.9786157928777567,True,True,True,1.515,1.5,35.51739418669846,35.517207475442596,0.00018671125586422477,True,True
1.8,15,0.94,0.95,1.4925,1.4175,-0.07499999999999996,13.5075,-0.8357820157220673,True,True,True,1.4925,1.395,41.34873111501941,41.34135115363228,0.007379961387130152,True,True
1.8,15,0.95,0.96,1.4175,1.2974999999999999,-0.1200000000000001,13.5825,-0.6966911710189057,True,True,True,1.4175,1.275,48.01473847815595,47.99720747447142,0.01753100368452465,True,True
1.8,15,0.96,0.97,1.2974999999999999,1.1099999999999999,-0.1875,13.7025,-0.5593633799137965,True,True,True,1.2974999999999999,1.125,55.64212665381207,55.61714377293305,0.024982880879022673,True,True
1.8,15,0.97,0.98,1.1099999999999999,0.84,-0.2699999999999999,13.89,-0.4230783919626021,True,True,True,1.1099999999999999,0.96,64.39383822248726,64.3746966780777,0.01914154440956395,True,True
1.8,15,0.98,0.99,0.84,0.48,-0.36,14.16,-0.28607033561607564,True,True,True,0.84,0.765,74.48593772862004,74.48053788348204,0.005399845138001069,True,True
2.0,5,0.7,0.71,5.0,5.0,0.0,0.0,-0.0,True,True,True,5.0,5.0,75.0,75.0,0.0,True,True
2.0,5,0.71,0.72,5.0,5.0,0.0,0.0,-0.0,True,True,True,5.0,5.0,75.0,75.0,0.0,True,True
2.0,5,0.72,0.73,5.0,5.0,0.0,0.0,-0.0,True,True,True,5.0,5.0,75.0,75.0,0.0,True,True
2.0,5,0.73,0.74,5.0,5.0,0.0,0.0,-0.0,True,True,True,5.0,5.0,75.0,75.0,0.0,True,True
2.0,5,0.74,0.75,5.0,5.0,0.0,0.0,-0.0,True,True,True,5.0,5.0,75.0,75.0,0.0,True,True
2.0,5,0.75,0.76,5.0,5.0,0.0,0.0,-0.0,True,True,True,5.0,5.0,75.0,75.0,0.0,True,True
2.0,5,0.76,0.77,5.0,5.0,0.0,0.0,-0.0,True,True,True,5.0,5.0,75.0,75.0,0.0,True,True
2.0,5,0.77,0.78,5.0,5.0,0.0,0.0,-0.0,True,True,True,5.0,5.0,75.0,75.0,0.0,True,True
2.0,5,0.78,0.79,5.0,5.0,0.0,0.0,-0.0,True,True,True,5.0,5.0,75.0,75.0,0.0,True,True
2.0,5,0.79,0.7999999999999999,5.0,5.0,0.0,0.0,-0.0,True,True,True,5.0,5.0,75.0,75.0,0.0,True,True
2.0,5,0.7999999999999999,0.8099999999999999,5.0,5.0,0.0,0.0,-0.0,True,True,True,5.0,5.0,75.0,75.0,0.0,True,True
2.0,5,0.8099999999999999,0.82,5.0,5.0,0.0,0.0,-0.0,True,True,True,5.0,5.0,75.0,75.0,0.0,True,True
2.0,5,0.82,0.83,5.0,5.0,0.0,0.0,-0.0,True,True,True,5.0,4.9375,75.0,74.38843562805089,0.6115643719491146,True,True
2.0,5,0.83,0.84,5.0,5.0,0.0,0.0,-0.0,True,True,True,5.0,4.4975000000000005,75.0,70.83440084321343,4.16559915678657,True,True
2.0,5,0.84,0.85,5.0,5.0,0.0,0.0,-0.0,True,True,True,5.0,4.125,75.0,68.8351806968384,6.164819303161593,True,True
2.0,5,0.85,0.86,5.0,5.0,0.0,0.0,-0.0,True,True,True,5.0,3.8000000000000003,75.0,67.84159672521092,7.15840327478908,True,True
2.0,5,0.86,0.87,5.0,5.0,0.0,0.0,-0.0,True,True,True,5.0,3.505,75.0,67.52825972372027,7.471740276279732,True,True
2.0,5,0.87,0.88,5.0,5.0,0.0,0.0,-0.0,True,True,True,5.0,3.235,75.0,67.74282920092938,7.257170799070622,True,True
2.0,5,0.88,0.89,5.0,5.0,0.0,0.0,-0.0,True,True,True,5.0,2.98,75.0,68.36186455380196,6.638135446198035,True,True
2.0,5,0.89,0.9,5.0,5.0,0.0,0.0,-0.0,True,True,True,5.0,2.74,75.0,69.33842628645677,5.661573713543234,True,True
2.0,5,0.9,0.91,5.0,4.4975000000000005,-0.5024999999999995,0.0,-0.0,True,True,True,5.0,2.5075,75.0,70.61653679985456,4.383463200145442,True,True
2.0,5,0.91,0.9199999999999999,4.4975000000000005,3.7600000000000002,-0.7375000000000003,0.5024999999999995,-0.0473911164342987,True,True,True,4.4975000000000005,2.2825,75.14392487942632,72.1820001498485,2.9619247295778166,True,True
2.0,5,0.9199999999999999,0.9299999999999999,3.7600000000000002,3.18,-0.5800000000000001,1.2399999999999998,-0.10339319508442339,True,True,True,3.7600000000000002,2.06,76.03963313163649,74.01574566500712,2.0238874666293754,True,True
2.0,5,0.9299999999999999,0.94,3.18,2.68,-0.5,1.8199999999999998,-0.1320786609594006,True,True,True,3.18,1.8425,77.51480639670675,76.1267572091853,1.388049187521446,True,True
2.0,5,0.94,0.95,2.68,2.225,-0.45500000000000007,2.32,-0.14355093662596305,True,True,True,2.68,1.625,79.44526738525144,78.51273504302638,0.9325323422250591,True,True
2.0,5,0.95,0.96,2.225,1.79,-0.43500000000000005,2.775,-0.14233889192545285,True,True,True,2.225,1.405,81.7821026464281,81.18633505655536,0.5957675898727359,True,True
2.0,5,0.96,0.97,1.79,1.3625,-0.4275,3.21,-0.13103860241001908,True,True,True,1.79,1.185,84.51429123244235,84.17429156097678,0.33999967146556287,True,True
2.0,5,0.97,0.98,1.3625,0.93,-0.4325,3.6375,-0.11079536722562744,True,True,True,1.3625,0.96,87.65578389669847,87.49988541116059,0.15589848553787533,True,True
2.0,5,0.98,0.99,0.93,0.48,-0.45000000000000007,4.07,-0.08222501878230423,True,True,True,0.93,0.7325,91.24156785238723,91.20313581067072,0.038432041716518484,True,True
2.0,6,0.7,0.71,6.0,6.0,0.0,0.0,-0.0,True,True,True,6.0,6.0,64.0,64.0,0.0,True,True
2.0,6,0.71,0.72,6.0,6.0,0.0,0.0,-0.0,True,True,True,6.0,6.0,64.0,64.0,0.0,True,True
2.0,6,0.72,0.73,6.0,6.0,0.0,0.0,-0.0,True,True,True,6.0,6.0,64.0,64.0,0.0,True,True
2.0,6,0.73,0.74,6.0,6.0,0.0,0.0,-0.0,True,True,True,6.0,6.0,64.0,64.0,0.0,True,True
2.0,6,0.74,0.75,6.0,6.0,0.0,0.0,-0.0,True,True,True,6.0,6.0,64.0,64.0,0.0,True,True
2.0,6,0.75,0.76,6.0,6.0,0.0,0.0,-0.0,True,True,True,6.0,6.0,64.0,64.0,0.0,True,True
2.0,6,0.76,0.77,6.0,6.0,0.0,0.0,-0.0,True,True,True,6.0,6.0,64.0,64.0,0.0,True,True
2.0,6,0.77,0.78,6.0,6.0,0.0,0.0,-0.0,True,True,True,6.0,6.0,64.0,64.0,0.0,True,True
2.0,6,0.78,0.79,6.0,6.0,0.0,0.0,-0.0,True,True,True,6.0,6.0,64.0,64.0,0.0,True,True
2.0,6,0.79,0.7999999999999999,6.0,6.0,0.0,0.0,-0.0,True,True,True,6.0,5.493,64.0,58.56235589042144,5.437644109578557,True,True
2.0,6,0.7999999999999999,0.8099999999999999,6.0,6.0,0.0,0.0,-0.0,True,True,True,6.0,4.9830000000000005,64.0,54.86681065065238,9.133189349347617,True,True
2.0,6,0.8099999999999999,0.82,6.0,6.0,0.0,0.0,-0.0,True,True,True,6.0,4.581,64.0,53.16940528597486,10.830594714025139,True,True
2.0,6,0.82,0.83,6.0,6.0,0.0,0.0,-0.0,True,True,True,6.0,4.248,64.0,52.586555454132814,11.413444545867186,True,True
2.0,6,0.83,0.84,6.0,6.0,0.0,0.0,-0.0,True,True,True,6.0,3.954,64.0,52.667940027020514,11.332059972979486,True,True
2.0,6,0.84,0.85,6.0,6.0,0.0,0.0,-0.0,True,True,True,6.0,3.6870000000000003,64.0,53.218571938500446,10.781428061499554,True,True
2.0,6,0.85,0.86,6.0,6.0,0.0,0.0,-0.0,True,True,True,6.0,3.444,64.0,54.146590423132665,9.853409576867335,True,True
2.0,6,0.86,0.87,6.0,6.0,0.0,0.0,-0.0,True,True,True,6.0,3.213,64.0,55.35875428177032,8.641245718229683,True,True
2.0,6,0.87,0.88,6.0,6.0,0.0,0.0,-0.0,True,True,True,6.0,2.997,64.0,56.84078539939269,7.1592146006073065,True,True
2.0,6,0.88,0.89,6.0,5.49,-0.5099999999999998,0.0,-0.0,True,True,True,6.0,2.787,64.0,58.54931856451081,5.450681435489187,True,True
2.0,6,0.89,0.9,5.49,4.497,-0.9930000000000003,0.5099999999999998,-0.05943224629053524,True,True,True,5.49,2.58,64.0898375706566,60.473163417576295,3.6166741530803037,True,True
2.0,6,0.9,0.91,4.497,3.849,-0.6479999999999997,1.5030000000000001,-0.1583568550337129,True,True,True,4.497,2.379,65.13150457362553,62.623285602570725,2.5082189710548093,True,True
2.0,6,0.91,0.9199999999999999,3.849,3.339,-0.5100000000000002,2.151,-0.20286227154264,True,True,True,3.849,2.181,66.82426639109767,64.99883878169304,1.8254276094046276,True,True
2.0,6,0.9199999999999999,0.9299999999999999,3.339,2.898,-0.44099999999999984,2.661,-0.22187846138681508,True,True,True,3.339,1.983,68.95235023929732,67.60553114138048,1.3468190979168355,True,True
2.0,6,0.9299999999999999,0.94,2.898,2.49,-0.4079999999999999,3.102,-0.2251142891736597,True,True,True,2.898,1.782,71.4440922215498,70.45554012539394,0.9885520961558569,True,True
2.0,6,0.94,0.95,2.49,2.1,-0.3900000000000001,3.51,-0.21718266705048722,True,True,True,2.49,1.581,74.27819485499924,73.5771949206393,0.7009999343599418,True,True
2.0,6,0.95,0.96,2.1,1.713,-0.387,3.9,-0.20004384811144724,True,True,True,2.1,1.377,77.45948540677333,76.99283036314985,0.46665504362347576,True,True
2.0,6,0.96,0.97,1.713,1.32,-0.393,4.287,-0.1750038905083339,True,True,True,1.713,1.167,81.01100648610252,80.73314163849241,0.277864847610104,True,True
2.0,6,0.97,0.98,1.32,0.912,-0.40800000000000003,4.68,-0.1425490910284361,True,True,True,1.32,0.9510000000000001,84.97209842082809,84.84093101297303,0.13116740785505954,True,True
2.0,6,0.98,0.99,0.912,0.47400000000000003,-0.438,5.088,-0.10279137483153905,True,True,True,0.912,0.726,89.39977595069927,89.36601689935401,0.03375905134525681,True,True
2.0,7,0.7,0.71,7.0,7.0,0.0,0.0,-0.0,True,True,True,7.0,7.0,51.0,51.0,0.0,True,True
2.0,7,0.71,0.72,7.0,7.0,0.0,0.0,-0.0,True,True,True,7.0,7.0,51.0,51.0,0.0,True,True
2.0,7,0.72,0.73,7.0,7.0,0.0,0.0,-0.0,True,True,True,7.0,7.0,51.0,51.0,0.0,True,True
2.0,7,0.73,0.74,7.0,7.0,0.0,0.0,-0.0,True,True,True,7.0,7.0,51.0,51.0,0.0,True,True
2.0,7,0.74,0.75,7.0,7.0,0.0,0.0,-0.0,True,True,True,7.0,7.0,51.0,51.0,0.0,True,True
2.0,7,0.75,0.76,7.0,7.0,0.0,0.0,-0.0,True,True,True,7.0,6.4715,51.0,44.01508206211688,6.984917937883118,True,True
2.0,7,0.76,0.77,7.0,7.0,0.0,0.0,-0.0,True,True,True,7.0,5.5825000000000005,51.0,36.60815642492291,14.39184357507709,True,True
2.0,7,0.77,0.78,7.0,7.0,0.0,0.0,-0.0,True,True,True,7.0,5.082,51.0,34.747688526854795,16.252311473145205,True,True
2.0,7,0.78,0.79,7.0,7.0,0.0,0.0,-0.0,True,True,True,7.0,4.7145,51.0,34.44727424964957,16.552725750350433,True,True
2.0,7,0.79,0.7999999999999999,7.0,7.0,0.0,0.0,-0.0,True,True,True,7.0,4.4135,51.0,34.87263505443757,16.127364945562427,True,True
2.0,7,0.7999999999999999,0.8099999999999999,7.0,7.0,0.0,0.0,-0.0,True,True,True,7.0,4.151,51.0,35.723760110687415,15.276239889312585,True,True
2.0,7,0.8099999999999999,0.82,7.0,7.0,0.0,0.0,-0.0,True,True,True,7.0,3.92,51.0,36.889322664966365,14.110677335033635,True,True
2.0,7,0.82,0.83,7.0,7.0,0.0,0.0,-0.0,True,True,True,7.0,3.7065,51.0,38.278932190046646,12.721067809953354,True,True
2.0,7,0.83,0.84,7.0,7.0,0.0,0.0,-0.0,True,True,True,7.0,3.507,51.0,39.861214499779024,11.138785500220976,True,True
2.0,7,0.84,0.85,7.0,7.0,0.0,0.0,-0.0,True,True,True,7.0,3.318,51.0,41.61638765002196,9.383612349978037,True,True
2.0,7,0.85,0.86,7.0,7.0,0.0,0.0,-0.0,True,True,True,7.0,3.1325000000000003,51.0,43.524334513423824,7.475665486576176,True,True
2.0,7,0.86,0.87,7.0,6.447,-0.5529999999999999,0.0,-0.0,True,True,True,7.0,2.954,51.0,45.59650722347962,5.40349277652038,True,True
2.0,7,0.87,0.88,6.447,4.865,-1.5819999999999999,0.5529999999999999,-0.07701192323542973,True,True,True,6.447,2.779,51.02407240696025,47.83057452385108,3.193497883109174,True,True
2.0,7,0.88,0.89,4.865,4.2105,-0.6545000000000005,2.135,-0.2729242481736042,True,True,True,4.865,2.6075,52.44681939814133,50.235771912419615,2.211047485721714,True,True
2.0,7,0.89,0.9,4.2105,3.7345,-0.47599999999999953,2.7895000000000003,-0.32507108044597677,True,True,True,4.2105,2.436,54.5192895400761,52.81700237510239,1.7022871649737112,True,True
2.0,7,0.9,0.91,3.7345,3.339,-0.3955000000000002,3.2655,-0.3440547638806317,True,True,True,3.7345,2.261,56.94252029133674,55.58320553608696,1.359314755249784,True,True
2.0,7,0.91,0.9199999999999999,3.339,2.982,-0.35699999999999976,3.661,-0.3452713975442144,True,True,True,3.339,2.086,59.65389602833079,58.56001153165386,1.093884496676928,True,True
2.0,7,0.9199999999999999,0.9299999999999999,2.982,2.646,-0.3360000000000003,4.018,-0.33502730471710745,True,True,True,2.982,1.9075,62.639531451513264,61.76321506777153,0.8763163837417309,True,True
2.0,7,0.9299999999999999,0.94,2.646,2.317,-0.32899999999999974,4.354,-0.31597279660287375,True,True,True,2.646,1.7255,65.90661233311388,65.21934225169159,0.6872700814222981,True,True
2.0,7,0.94,0.95,2.317,1.981,-0.3360000000000001,4.683,-0.2897625156118039,True,True,True,2.317,1.54,69.47563995963881,68.95936191988152,0.5162780397572959,True,True
2.0,7,0.95,0.96,1.981,1.6415,-0.33950000000000014,5.019,-0.2574410445311164,True,True,True,1.981,1.3475,73.37835891510717,73.01543844818852,0.3629204669186521,True,True
2.0,7,0.96,0.97,1.6415,1.281,-0.36050000000000004,5.3585,-0.21874465763678733,True,True,True,1.6415,1.1480000000000001,77.65816439099656,77.43222171264833,0.22594267834823256,True,True
2.0,7,0.97,0.98,1.281,0.8925000000000001,-0.38849999999999985,5.719,-0.17419620760504834,True,True,True,1.281,0.9380000000000001,82.37224311901875,82.26020059558435,0.11204252343439691,True,True
2.0,7,0.98,0.99,0.8925000000000001,0.46900000000000003,-0.42350000000000004,6.1075,-0.12338803494175013,True,True,True,0.8925000000000001,0.721,87.59550414257006,87.56649167995798,0.02901246261208712,True,True
2.0,8,0.7,0.71,8.0,8.0,0.0,0.0,-0.0,True,True,True,8.0,8.0,36.0,36.0,0.0,True,True
2.0,8,0.71,0.72,8.0,8.0,0.0,0.0,-0.0,True,True,True,8.0,5.796,36.0,13.414560048953007,22.585439951046993,True,True
2.0,8,0.72,0.73,8.0,8.0,0.0,0.0,-0.0,True,True,True,8.0,5.176,36.0,12.755425376553404,23.244574623446596,True,True
2.0,8,0.73,0.74,8.0,8.0,0.0,0.0,-0.0,True,True,True,8.0,4.828,36.0,13.542335371961368,22.457664628038632,True,True
2.0,8,0.74,0.75,8.0,8.0,0.0,0.0,-0.0,True,True,True,8.0,4.5680000000000005,36.0,14.713156305420956,21.286843694579044,True,True
2.0,8,0.75,0.76,8.0,8.0,0.0,0.0,-0.0,True,True,True,8.0,4.352,36.0,16.07262558899809,19.92737441100191,True,True
2.0,8,0.76,0.77,8.0,8.0,0.0,0.0,-0.0,True,True,True,8.0,4.164,36.0,17.559136277178638,18.440863722821362,True,True
2.0,8,0.77,0.78,8.0,8.0,0.0,0.0,-0.0,True,True,True,8.0,3.996,36.0,19.148293139095657,16.851706860904343,True,True
2.0,8,0.78,0.79,8.0,8.0,0.0,0.0,-0.0,True,True,True,8.0,3.8360000000000003,36.0,20.82219919080581,15.177800809194189,True,True
2.0,8,0.79,0.7999999999999999,8.0,8.0,0.0,0.0,-0.0,True,True,True,8.0,3.688,36.0,22.586942309071514,13.413057690928486,True,True
2.0,8,0.7999999999999999,0.8099999999999999,8.0,8.0,0.0,0.0,-0.0,True,True,True,8.0,3.544,36.0,24.437274626595254,11.562725373404746,True,True
2.0,8,0.8099999999999999,0.82,8.0,8.0,0.0,0.0,-0.0,True,True,True,8.0,3.404,36.0,26.378985360542472,9.621014639457528,True,True
2.0,8,0.82,0.83,8.0,8.0,0.0,0.0,-0.0,True,True,True,8.0,3.2680000000000002,36.0,28.419310998530996,7.580689001469004,True,True
2.0,8,0.83,0.84,8.0,8.0,0.0,0.0,-0.0,True,True,True,8.0,3.132,36.0,30.561822018571036,5.438177981428964,True,True
2.0,8,0.84,0.85,8.0,4.948,-3.0519999999999996,0.0,-0.0,True,True,True,8.0,2.996,36.0,32.816021740769834,3.183978259230166,True,True
2.0,8,0.85,0.86,4.948,4.348,-0.6000000000000005,3.0519999999999996,-0.49600777282720904,True,True,True,4.948,2.86,36.412986773767955,35.19278240218282,1.2202043715851332,True,True
2.0,8,0.86,0.87,4.348,3.976,-0.3719999999999999,3.652,-0.5508051933106995,True,True,True,4.348,2.724,38.74344012311144,37.70447216605076,1.0389679570606773,True,True
2.0,8,0.87,0.88,3.976,3.68,-0.2959999999999998,4.024,-0.5603905589500348,True,True,True,3.976,2.584,41.29002565959733,40.359581969993336,0.9304436896039974,True,True
2.0,8,0.88,0.89,3.68,3.416,-0.26400000000000023,4.32,-0.5522401649227028,True,True,True,3.68,2.444,44.023479423754765,43.1793769703468,0.8441024534079631,True,True
2.0,8,0.89,0.9,3.416,3.164,-0.2519999999999998,4.584,-0.5341910137172817,True,True,True,3.416,2.3000000000000003,46.94527202666331,46.176310745357135,0.7689612813061757,True,True
2.0,8,0.9,0.91,3.164,2.92,-0.24400000000000022,4.836,-0.509523453721248,True,True,True,3.164,2.148,50.06728509417672,49.36538566936454,0.7018994248121757,True,True
2.0,8,0.91,0.9199999999999999,2.92,2.676,-0.24399999999999977,5.08,-0.47909825171390574,True,True,True,2.92,1.996,53.40776303266526,52.781490790320014,0.6262722423452445,True,True
2.0,8,0.9199999999999999,0.9299999999999999,2.676,2.42,-0.2560000000000002,5.324,-0.4439236859915082,True,True,True,2.676,1.836,56.99046154928316,56.44108239388683,0.5493791553963305,True,True
2.0,8,0.9299999999999999,0.94,2.42,2.156,-0.2639999999999998,5.58,-0.4049444660183821,True,True,True,2.42,1.672,60.84498517649332,60.38157589256576,0.46340928392755387,True,True
2.0,8,0.94,0.95,2.156,1.872,-0.28400000000000003,5.843999999999999,-0.36159985932850347,True,True,True,2.156,1.5,65.00776744852011,64.63535683730767,0.37241061121244456,True,True
2.0,8,0.95,0.96,1.872,1.568,-0.30400000000000005,6.128,-0.31432530800690994,True,True,True,1.872,1.32,69.52375831198708,69.24702906010673,0.27672925188035435,True,True
2.0,8,0.96,0.97,1.568,1.24,-0.32800000000000007,6.432,-0.26256706875428126,True,True,True,1.568,1.1280000000000001,74.44885417512377,74.26603891958166,0.18281525554210987,True,True
2.0,8,0.97,0.98,1.24,0.876,-0.364,6.76,-0.20590424259662995,True,True,True,1.24,0.928,79.85350105564144,79.76009891362415,0.0934021420172968,True,True
2.0,8,0.98,0.99,0.876,0.464,-0.412,7.124,-0.14392408693000866,True,True,True,0.876,0.716,85.82797227514577,85.80323051301141,0.024741762134354417,True,True
2.0,9,0.7,0.71,9.0,9.0,0.0,0.0,-0.0,True,True,True,9.0,3.663,19.0,1.4859298895601025,17.514070110439896,True,True
2.0,9,0.71,0.72,9.0,9.0,0.0,0.0,-0.0,True,True,True,9.0,3.6224999999999996,19.0,2.7316002133259616,16.26839978667404,True,True
2.0,9,0.72,0.73,9.0,9.0,0.0,0.0,-0.0,True,True,True,9.0,3.5774999999999997,19.0,4.043175712454653,14.956824287545347,True,True
2.0,9,0.73,0.74,9.0,9.0,0.0,0.0,-0.0,True,True,True,9.0,3.5324999999999998,19.0,5.415868334056524,13.584131665943476,True,True
2.0,9,0.74,0.75,9.0,9.0,0.0,0.0,-0.0,True,True,True,9.0,3.4785,19.0,6.86547852146086,12.13452147853914,True,True
2.0,9,0.75,0.76,9.0,9.0,0.0,0.0,-0.0,True,True,True,9.0,3.42,19.0,8.387213256874476,10.612786743125524,True,True
2.0,9,0.76,0.77,9.0,9.0,0.0,0.0,-0.0,True,True,True,9.0,3.3569999999999998,19.0,9.984082412755807,9.015917587244193,True,True
2.0,9,0.77,0.78,9.0,9.0,0.0,0.0,-0.0,True,True,True,9.0,3.2895,19.0,11.659654537191356,7.340345462808644,True,True
2.0,9,0.78,0.79,9.0,9.0,0.0,0.0,-0.0,True,True,True,9.0,3.222,19.0,13.415738122870431,5.584261877129569,True,True
2.0,9,0.79,0.7999999999999999,9.0,9.0,0.0,0.0,-0.0,True,True,True,9.0,3.15,19.0,15.261138930887888,3.7388610691121116,True,True
2.0,9,0.7999999999999999,0.8099999999999999,9.0,2.9339999999999997,-6.066000000000001,0.0,-0.0,True,True,True,9.0,3.069,19.0,17.202382890676102,1.7976171093238982,True,True
2.0,9,0.8099999999999999,0.82,2.9339999999999997,3.042,0.1080000000000001,6.066000000000001,-1.2782337759607492,False,False,False,2.9339999999999997,2.988,19.244525054776112,19.243483254091853,0.0010418006842591865,True,False
2.0,9,0.82,0.83,3.042,3.1094999999999997,0.0674999999999999,5.958,-1.1823706929166287,False,False,False,3.042,2.9025,21.401349787181736,21.393593614027004,0.007756173154731982,True,True
2.0,9,0.83,0.84,3.1094999999999997,3.1365,0.027000000000000135,5.8905,-1.0975743803369924,False,False,False,3.1094999999999997,2.8125,23.69895798814553,23.66137866888464,0.037579319260888866,True,True
2.0,9,0.84,0.85,3.1365,3.1319999999999997,-0.0045000000000001705,5.8635,-1.0223210855234046,False,True,False,3.1365,2.718,26.138261656798626,26.0568040757707,0.08145758102792655,True,True
2.0,9,0.85,0.86,3.1319999999999997,3.0959999999999996,-0.03600000000000003,5.868,-0.9536610782929434,True,True,True,3.1319999999999997,2.6189999999999998,28.723348296900234,28.591322679010567,0.13202561788966705,True,True
2.0,9,0.86,0.87,3.0959999999999996,3.033,-0.06299999999999972,5.904,-0.8904583409929819,True,True,True,3.0959999999999996,2.5155,31.461541551482057,31.278092229591216,0.18344932189084062,True,True
2.0,9,0.87,0.88,3.033,2.9475,-0.08550000000000013,5.9670000000000005,-0.8309767557790403,True,True,True,3.033,2.4074999999999998,34.36326906002818,34.13223023141853,0.2310388286096483,True,True
2.0,9,0.88,0.89,2.9475,2.844,-0.10349999999999993,6.0525,-0.7737114810635783,True,True,True,2.9475,2.295,37.44202266580597,37.17111261530094,0.27091005050503014,True,True
2.0,9,0.89,0.9,2.844,2.718,-0.1259999999999999,6.156000000000001,-0.7173821728716375,True,True,True,2.844,2.1734999999999998,40.71447985379576,40.410631028516995,0.303848825278763,True,True
2.0,9,0.9,0.91,2.718,2.574,-0.14400000000000013,6.282,-0.6618747593624646,True,True,True,2.718,2.0429999999999997,44.20080303405637,43.87302511957214,0.3277779144842299,True,True
2.0,9,0.91,0.9199999999999999,2.574,2.4074999999999998,-0.1665000000000001,6.426,-0.6060404262821966,True,True,True,2.574,1.9124999999999999,47.92518119109148,47.59375966443779,0.33142152665369196,True,True
2.0,9,0.9199999999999999,0.9299999999999999,2.4074999999999998,2.2184999999999997,-0.18900000000000006,6.5925,-0.5496932569306946,True,True,True,2.4074999999999998,1.7685,51.91662503819153,51.590591493714044,0.32603354447748956,True,True
2.0,9,0.9299999999999999,0.94,2.2184999999999997,2.0069999999999997,-0.21150000000000002,6.7815,-0.49213815345943696,True,True,True,2.2184999999999997,1.6199999999999999,56.21004818149207,55.90905510234924,0.30099307914282747,True,True
2.0,9,0.94,0.95,2.0069999999999997,1.7685,-0.2384999999999997,6.993,-0.4326946982005861,True,True,True,2.0069999999999997,1.4625,60.847803871912774,60.58761411018024,0.2601897617325335,True,True
2.0,9,0.95,0.96,1.7685,1.503,-0.26550000000000007,7.2315000000000005,-0.37092745836357205,True,True,True,1.7685,1.2914999999999999,65.8818077791166,65.67346968108181,0.20833809803478687,True,True
2.0,9,0.96,0.97,1.503,1.2015,-0.3014999999999999,7.497,-0.30604249291835295,True,True,True,1.503,1.1115,71.37652389044214,71.2326255143596,0.14389837608254652,True,True
2.0,9,0.97,0.98,1.2015,0.855,-0.34650000000000003,7.7985,-0.2375361295694998,True,True,True,1.2015,0.9179999999999999,77.41323773295863,77.33610414780006,0.07713358515857749,True,True
2.0,9,0.98,0.99,0.855,0.45899999999999996,-0.396,8.145,-0.16455105110119603,True,True,True,0.855,0.711,84.09642004941136,84.07550352280023,0.020916526611131303,True,True
2.0,10,0.7,0.71,0.63,0.71,0.07999999999999996,9.37,-3.3420442247059228,False,False,False,0.63,2.75,3.139559060964145,-0.0296244924274367,3.1691835533915818,True,False
2.0,10,0.71,0.72,0.71,0.8,0.09000000000000008,9.29,-3.181734970115549,False,False,False,0.71,2.775,3.6472567805054634,0.7199465318927389,2.9273102486127245,True,False
2.0,10,0.72,0.73,0.8,0.895,0.09499999999999997,9.2,-3.022237416142732,False,False,False,0.8,2.795,4.229215178742134,1.5653360309871749,2.663879147754959,True,False
2.0,10,0.73,0.74,0.895,1.0050000000000001,0.1100000000000001,9.105,-2.865441331765471,False,False,False,0.895,2.805,4.894773821476162,2.521793922115627,2.3729798993605344,True,False
2.0,10,0.74,0.75,1.0050000000000001,1.115,0.10999999999999988,8.995,-2.7084403095913747,False,False,False,1.0050000000000001,2.805,5.654041450621721,3.59032868437291,2.063712766248811,True,False
2.0,10,0.75,0.76,1.115,1.24,0.125,8.885,-2.5560552137340733,False,False,False,1.115,2.805,6.517804339600284,4.7521619993013235,1.7656423402989603,True,False
2.0,10,0.76,0.77,1.24,1.37,0.13000000000000012,8.76,-2.40406676834742,False,False,False,1.24,2.795,7.497377354672573,6.031985894315961,1.4653914603566118,True,False
2.0,10,0.77,0.78,1.37,1.5050000000000001,0.135,8.629999999999999,-2.2555779144799364,False,False,False,1.37,2.7800000000000002,8.604395330652913,7.423358365315022,1.1810369653378912,True,False
2.0,10,0.78,0.79,1.5050000000000001,1.645,0.1399999999999999,8.495,-2.110679247240754,False,False,False,1.5050000000000001,2.755,9.850539384106916,8.93816880008746,0.912370584019456,True,False
2.0,10,0.79,0.7999999999999999,1.645,1.7850000000000001,0.14000000000000012,8.355,-1.9694600965685385,False,False,False,1.645,2.725,11.247191977945873,10.572907190920045,0.6742847870258277,True,False
2.0,10,0.7999999999999999,0.8099999999999999,1.7850000000000001,1.92,0.1349999999999998,8.215,-1.833124274046234,False,False,False,1.7850000000000001,2.69,12.80509239195094,12.333763880814551,0.4713285111363881,True,False
2.0,10,0.8099999999999999,0.82,1.92,2.05,0.1299999999999999,8.08,-1.7026259330304736,False,False,False,1.92,2.645,14.534043865118683,14.23188872312614,0.302155141992543,True,False
2.0,10,0.82,0.83,2.05,2.165,0.11500000000000021,7.95,-1.5776849628545146,False,False,False,2.05,2.595,16.442749058560867,16.26935093033972,0.17339812822114808,True,False
2.0,10,0.83,0.84,2.165,2.2600000000000002,0.0950000000000002,7.835,-1.4598922451303515,False,False,False,2.165,2.54,18.538905066757913,18.455465859649294,0.08343920710861852,True,False
2.0,10,0.84,0.85,2.2600000000000002,2.34,0.07999999999999963,7.74,-1.3494952165005802,False,False,False,2.2600000000000002,2.475,20.82951538854452,20.80222178752614,0.027293601018381963,True,False
2.0,10,0.85,0.86,2.34,2.395,0.05500000000000016,7.66,-1.2448949999529562,False,False,False,2.34,2.4050000000000002,23.32151435270011,23.318906747876774,0.002607604823335663,True,False
2.0,10,0.86,0.87,2.395,2.4250000000000003,0.03000000000000025,7.605,-1.1470080764315087,False,False,False,2.395,2.33,26.02252910103593,26.019830658875144,0.002698442160784964,True,True
2.0,10,0.87,0.88,2.4250000000000003,2.43,0.004999999999999893,7.574999999999999,-1.0549101600513204,False,False,False,2.4250000000000003,2.245,28.94174603012077,28.920297362537212,0.021448667583555903,True,True
2.0,10,0.88,0.89,2.43,2.4050000000000002,-0.02499999999999991,7.57,-0.9676986223298286,True,True,True,2.43,2.1550000000000002,32.090745598914715,32.0391200451881,0.05162555372661615,True,True
2.0,10,0.89,0.9,2.4050000000000002,2.355,-0.050000000000000266,7.595,-0.8850743344639517,True,True,True,2.4050000000000002,2.055,35.484324553243475,35.395983504638046,0.0883410486054288,True,True
2.0,10,0.9,0.91,2.355,2.275,-0.08000000000000007,7.645,-0.8054811422040818,True,True,True,2.355,1.945,39.14126154305949,39.01496900144749,0.12629254161200265,True,True
2.0,10,0.91,0.9199999999999999,2.275,2.17,-0.10499999999999998,7.725,-0.7285499989153389,True,True,True,2.275,1.83,43.08520155010743,42.92841733642009,0.15678421368733808,True,True
2.0,10,0.9199999999999999,0.9299999999999999,2.17,2.035,-0.1349999999999998,7.83,-0.6528779979927705,True,True,True,2.17,1.705,47.34564900100494,47.16786775382536,0.1777812471795741,True,True
2.0,10,0.9299999999999999,0.94,2.035,1.87,-0.16500000000000004,7.965,-0.5780255684294647,True,True,True,2.035,1.57,51.95926896435633,51.7740478495745,0.18522111478183234,True,True
2.0,10,0.94,0.95,1.87,1.675,-0.19500000000000006,8.129999999999999,-0.5030470322280516,True,True,True,1.87,1.425,56.97163540258504,56.795649427550565,0.17598597503447877,True,True
2.0,10,0.95,0.96,1.675,1.44,-0.2350000000000001,8.325,-0.42701667577635855,True,True,True,1.675,1.2650000000000001,62.43964219823399,62.28724531905242,0.1523968791815733,True,True
2.0,10,0.96,0.97,1.44,1.165,-0.2749999999999999,8.56,-0.34943627309338426,True,True,True,1.44,1.095,68.4349453347421,68.32346690758777,0.11147842715432432,True,True
2.0,10,0.97,0.98,1.165,0.84,-0.32500000000000007,8.835,-0.2691070981274003,True,True,True,1.165,0.91,75.0489171718662,74.98688693701504,0.06203023485115011,True,True
2.0,10,0.98,0.99,0.84,0.455,-0.38499999999999995,9.16,-0.1850567990284783,True,True,True,0.84,0.71,82.40010792768383,82.38362945889037,0.016478468793465595,True,True
2.0,11,0.7,0.71,0.407,0.46199999999999997,0.05499999999999999,10.593,-3.7782576811429927,False,False,False,0.407,2.189,2.1206000491994863,-0.47495178768501134,2.5955518368844976,True,False
2.0,11,0.71,0.72,0.46199999999999997,0.528,0.06600000000000006,10.538,-3.609162875681126,False,False,False,0.46199999999999997,2.2329999999999997,2.4940062106535934,-0.020572250745439113,2.5145784613990325,True,False
2.0,11,0.72,0.73,0.528,0.594,0.06599999999999995,10.472,-3.440094589331162,False,False,False,0.528,2.2715,2.927381249416081,0.5252383488163375,2.4021429005997437,True,False
2.0,11,0.73,0.74,0.594,0.6709999999999999,0.07699999999999996,10.406,-3.2748800108019207,False,False,False,0.594,2.3045,3.4293047117381095,1.1685177070908468,2.2607870046472627,True,False
2.0,11,0.74,0.75,0.6709999999999999,0.7535,0.08250000000000002,10.329,-3.1101145033651267,False,False,False,0.6709999999999999,2.332,4.0093438673171065,1.9153852104251694,2.093958656891937,True,False
2.0,11,0.75,0.76,0.7535,0.847,0.09350000000000003,10.2465,-2.9477343553771727,False,False,False,0.7535,2.3539999999999996,4.678080105694759,2.7721032602761166,1.9059768454186425,True,False
2.0,11,0.76,0.77,0.847,0.946,0.09899999999999998,10.153,-2.7863572944099726,False,False,False,0.847,2.3705,5.447127131791677,3.745149981814846,1.7019771499768312,True,False
2.0,11,0.77,0.78,0.946,1.0505,0.10450000000000004,10.054,-2.6277613386073333,False,False,False,0.946,2.3815,6.329084225866122,4.84130404793078,1.487780177935342,True,False
2.0,11,0.78,0.79,1.0505,1.1604999999999999,0.10999999999999988,9.9495,-2.472066294340422,False,False,False,1.0505,2.387,7.33747597324035,6.067742508268458,1.2697334649718917,True,False
2.0,11,0.79,0.7999999999999999,1.1604999999999999,1.276,0.11550000000000016,9.839500000000001,-2.3193899006805667,False,False,False,1.1604999999999999,2.3815,8.48659580455321,7.441367926093259,1.0452278784599507,True,False
2.0,11,0.7999999999999999,0.8099999999999999,1.276,1.3915,0.11549999999999994,9.724,-2.1698478929793765,False,False,False,1.276,2.3705,9.791322544887148,8.959303652869771,0.832018892017377,True,False
2.0,11,0.8099999999999999,0.82,1.3915,1.507,0.11549999999999994,9.6085,-2.0247130293964486,False,False,False,1.3915,2.3539999999999996,11.266900447618172,10.630599864651963,0.636300582966209,True,False
2.0,11,0.82,0.83,1.507,1.6224999999999998,0.11549999999999994,9.493,-1.8838947613053971,False,False,False,1.507,2.332,12.928646954863988,12.465297925902362,0.4633490289616251,True,False
2.0,11,0.83,0.84,1.6224999999999998,1.7325,0.1100000000000001,9.3775,-1.7473056194907302,False,False,False,1.6224999999999998,2.299,14.791772541575298,14.479674688142186,0.31209785343311225,True,False
2.0,11,0.84,0.85,1.7325,1.8315,0.09899999999999998,9.2675,-1.6158200153642284,False,False,False,1.7325,2.2605,16.871208138653145,16.679216093215356,0.19199204543778947,True,False
2.0,11,0.85,0.86,1.8315,1.914,0.08250000000000002,9.1685,-1.4900548051003495,False,False,False,1.8315,2.2165,19.181638180689422,19.078281502250682,0.10335667843873964,True,False
2.0,11,0.86,0.87,1.914,1.9854999999999998,0.0714999999999999,9.086,-1.3703767761284271,False,False,False,1.914,2.1614999999999998,21.737727615065246,21.69515101509142,0.042576599973827456,True,False
2.0,11,0.87,0.88,1.9854999999999998,2.0295,0.04400000000000026,9.0145,-1.2553779059779047,False,False,False,1.9854999999999998,2.0955,24.554603421094765,24.545591953792712,0.009011467302052267,True,False
2.0,11,0.88,0.89,2.0295,2.057,0.027499999999999858,8.9705,-1.1467292591294223,False,False,False,2.0295,2.024,27.6485399199638,27.648506876555924,3.304340787479987e-05,True,True
2.0,11,0.89,0.9,2.057,2.0515,-0.00550000000000006,8.943,-1.0421619187769744,False,True,False,2.057,1.9469999999999998,31.037887705476017,31.029107887646443,0.008779817829573489,True,True
2.0,11,0.9,0.91,2.0515,2.024,-0.027499999999999858,8.9485,-0.9428185743640584,True,True,True,2.0515,1.8535,34.74418494434677,34.71318237299226,0.03100257135451301,True,True
2.0,11,0.91,0.9199999999999999,2.024,1.9634999999999998,-0.06050000000000022,8.975999999999999,-0.8465326589338618,True,True,True,2.024,1.7545,38.793373755485575,38.735294353634224,0.05807940185135152,True,True
2.0,11,0.9199999999999999,0.9299999999999999,1.9634999999999998,1.8699999999999999,-0.09349999999999992,9.0365,-0.7534779091777356,True,True,True,1.9634999999999998,1.6444999999999999,43.21732358009326,43.132707680123296,0.0846158999699611,True,True
2.0,11,0.9299999999999999,0.94,1.8699999999999999,1.7434999999999998,-0.12650000000000006,9.13,-0.6625704255820482,True,True,True,1.8699999999999999,1.5234999999999999,48.055551257843604,47.951236978998345,0.10431427884525846,True,True
2.0,11,0.94,0.95,1.7434999999999998,1.5839999999999999,-0.15949999999999998,9.2565,-0.5727496745164773,True,True,True,1.7434999999999998,1.386,53.357464124107864,53.24242412075167,0.11504000335619224,True,True
2.0,11,0.95,0.96,1.5839999999999999,1.3804999999999998,-0.20350000000000001,9.416,-0.48297765995317626,True,True,True,1.5839999999999999,1.2374999999999998,59.18530457686376,59.07613931085999,0.10916526600376386,True,True
2.0,11,0.96,0.97,1.3804999999999998,1.1275,-0.2529999999999999,9.6195,-0.3926871762875946,True,True,True,1.3804999999999998,1.0779999999999998,65.61821431170871,65.53320737542565,0.08500693628306522,True,True
2.0,11,0.97,0.98,1.1275,0.825,-0.3025,9.8725,-0.3007085258927854,True,True,True,1.1275,0.8965,72.7580955195294,72.7065914778004,0.0515040417290038,True,True
2.0,11,0.98,0.99,0.825,0.45099999999999996,-0.374,10.175,-0.20556254695576057,True,True,True,0.825,0.704,80.73829179206501,80.72451307401359,0.013778718051426608,True,True
2.0,12,0.7,0.71,0.27,0.312,0.04199999999999998,11.73,-4.183797092401332,False,False,False,0.27,1.8,1.4511527866693559,-0.6097319587725698,2.0608847454419257,True,False
2.0,12,0.71,0.72,0.312,0.36,0.04799999999999999,11.688,-4.003026730969919,False,False,False,0.312,1.848,1.728684618839963,-0.3249881887989181,2.053672807638881,True,False
2.0,12,0.72,0.73,0.36,0.40800000000000003,0.04800000000000004,11.64,-3.8237873395545003,False,False,False,0.36,1.8900000000000001,2.054890993378014,0.0389336785294625,2.0159573148485515,True,False
2.0,12,0.73,0.74,0.40800000000000003,0.468,0.06,11.592,-3.6481269541818055,False,False,False,0.40800000000000003,1.932,2.4375216974650225,0.4740083340842838,1.9635133633807387,True,False
2.0,12,0.74,0.75,0.468,0.528,0.06,11.532,-3.472343929984184,False,False,False,0.468,1.974,2.8853939931733583,0.9889162944851733,1.896477698688185,True,False
2.0,12,0.75,0.76,0.528,0.6,0.07199999999999995,11.472,-3.30028873516683,False,False,False,0.528,2.0100000000000002,3.408467947103709,1.607475184734871,1.8009927623688382,True,False
2.0,12,0.76,0.77,0.6,0.678,0.07800000000000007,11.4,-3.1285800410000677,False,False,False,0.6,2.04,4.017991882702356,2.338250670045655,1.679741212656701,True,False
2.0,12,0.77,0.78,0.678,0.762,0.08399999999999996,11.322,-2.9591718595297616,False,False,False,0.678,2.064,4.726500828920442,3.190171140610194,1.5363296883102482,True,False
2.0,12,0.78,0.79,0.762,0.852,0.08999999999999997,11.238,-2.7922087557965383,False,False,False,0.762,2.082,5.547925916732072,4.172625393678651,1.3753005230534212,True,False
2.0,12,0.79,0.7999999999999999,0.852,0.9480000000000001,0.09600000000000009,11.148,-2.6278325740928863,False,False,False,0.852,2.1,6.497581639031034,5.284115812062808,1.2134658269682257,True,False
2.0,12,0.7999999999999999,0.8099999999999999,0.9480000000000001,1.05,0.10199999999999998,11.052,-2.466182529124647,False,False,False,0.9480000000000001,2.106,7.592133635344622,6.559184197025939,1.032949438318683,True,False
2.0,12,0.8099999999999999,0.82,1.05,1.1520000000000001,0.10200000000000009,10.95,-2.3073952929063966,False,False,False,1.05,2.112,8.849513505717802,7.987464226921793,0.8620492787960092,True,False
2.0,12,0.82,0.83,1.1520000000000001,1.26,0.10799999999999987,10.847999999999999,-2.152795783276198,False,False,False,1.1520000000000001,2.106,10.288790813291982,9.601762564046503,0.6870282492454791,True,False
2.0,12,0.83,0.84,1.26,1.362,0.10200000000000009,10.74,-2.00117966977664,False,False,False,1.26,2.094,11.929972642394377,11.405362262941729,0.524610379452648,True,False
2.0,12,0.84,0.85,1.362,1.47,0.10799999999999987,10.638,-1.8547713324461461,False,False,False,1.362,2.07,13.793828247733348,13.419993169708167,0.3738350780251807,True,False
2.0,12,0.85,0.86,1.47,1.56,0.09000000000000008,10.53,-1.71132432761157,False,False,False,1.47,2.0460000000000003,15.901742558913734,15.649056719983768,0.2526858389299651,True,False
2.0,12,0.86,0.87,1.56,1.6440000000000001,0.08400000000000007,10.44,-1.5745909688290534,False,False,False,1.56,2.0100000000000002,18.275624254203635,18.12346041542986,0.15216383877377382,True,False
2.0,12,0.87,0.88,1.6440000000000001,1.716,0.07199999999999984,10.356,-1.4421979693058053,False,False,False,1.6440000000000001,1.962,20.938021062895427,20.86178001777342,0.07624104512200702,True,False
2.0,12,0.88,0.89,1.716,1.77,0.05400000000000005,10.284,-1.3146383926076564,False,False,False,1.716,1.9080000000000001,23.9124863094129,23.884016280652908,0.028470028759990385,True,False
2.0,12,0.89,0.9,1.77,1.8,0.030000000000000027,10.23,-1.192140940298384,False,False,False,1.77,1.842,27.224164122368773,27.2198806430319,0.0042834793368733415,True,False
2.0,12,0.9,0.91,1.8,1.8,0.0,10.2,-1.074677259709828,False,True,False,1.8,1.77,30.900792361449504,30.90014998339437,0.0006423780551330083,True,True
2.0,12,0.91,0.9199999999999999,1.8,1.776,-0.02400000000000002,10.2,-0.9619689306066611,True,True,True,1.8,1.68,34.973973814406065,34.961533547488685,0.012440266917380427,True,True
2.0,12,0.9199999999999999,0.9299999999999999,1.776,1.722,-0.05400000000000005,10.224,-0.8524935697928588,True,True,True,1.776,1.584,39.48087106911798,39.44886970625825,0.032001362859730875,True,True
2.0,12,0.9299999999999999,0.94,1.722,1.6260000000000001,-0.09599999999999986,10.278,-0.7458815809564393,True,True,True,1.722,1.476,44.46631276457023,44.413767012501346,0.05254575206888745,True,True
2.0,12,0.94,0.95,1.6260000000000001,1.494,-0.13200000000000012,10.374,-0.64189543817144,True,True,True,1.6260000000000001,1.35,49.98551604548564,49.915738781365924,0.06977726411971474,True,True
2.0,12,0.95,0.96,1.494,1.32,-0.17399999999999993,10.506,-0.5388873508356063,True,True,True,1.494,1.212,56.1076647581586,56.03296378573213,0.07470097242647,True,True
2.0,12,0.96,0.97,1.32,1.092,-0.22799999999999998,10.68,-0.4359789014763252,True,True,True,1.32,1.062,62.920736875876,62.857829703913964,0.06290717196203843,True,True
2.0,12,0.97,0.98,1.092,0.804,-0.28800000000000003,10.908,-0.3322490352432011,True,True,True,1.092,0.888,70.53840254714183,70.49799190976066,0.040410637381171455,True,True
2.0,12,0.98,0.99,0.804,0.45,-0.35400000000000004,11.196,-0.22618951112694793,True,True,True,0.804,0.6960000000000001,79.11027795331462,79.09844713873117,0.01183081458344759,True,True
2.0,13,0.7,0.71,0.182,0.2145,0.0325,12.818,-4.571859431406672,False,False,False,0.182,1.5014999999999998,1.0007477697158387,-0.5992666700021871,1.6000144397180258,True,False
2.0,13,0.71,0.72,0.2145,0.247,0.0325,12.7855,-4.378909845039005,False,False,False,0.2145,1.5534999999999999,1.20789181484238,-0.42987830903217916,1.6377701238745592,True,False
2.0,13,0.72,0.73,0.247,0.286,0.03899999999999998,12.753,-4.189412366094376,False,False,False,0.247,1.599,1.454509795920407,-0.19388767269479423,1.6483974686152012,True,False
2.0,13,0.73,0.74,0.286,0.33149999999999996,0.045499999999999985,12.714,-4.001232409891949,False,False,False,0.286,1.6444999999999999,1.7475120417686982,0.10081269571704699,1.6466993460516512,True,False
2.0,13,0.74,0.75,0.33149999999999996,0.3835,0.052000000000000046,12.6685,-3.814549867933111,False,False,False,0.33149999999999996,1.69,2.0948714068564938,0.46292673088259173,1.631944675973902,True,False
2.0,13,0.75,0.76,0.3835,0.4355,0.05199999999999999,12.6165,-3.629540867087894,False,False,False,0.3835,1.7354999999999998,2.505763915713358,0.9021008553796901,1.603663060333668,True,False
2.0,13,0.76,0.77,0.4355,0.5005,0.06499999999999995,12.5645,-3.4481617478197677,False,False,False,0.4355,1.7745,2.9907444033202157,1.4439015933284693,1.5468428099917464,True,False
2.0,13,0.77,0.78,0.5005,0.5655,0.06500000000000006,12.4995,-3.2669288692980265,False,False,False,0.5005,1.807,3.561832669920479,2.0987746853963287,1.4630579845241503,True,False
2.0,13,0.78,0.79,0.5655,0.637,0.07150000000000001,12.4345,-3.089492772197193,False,False,False,0.5655,1.8395,4.232713761533984,2.8639634258133015,1.3687503357206823,True,False
2.0,13,0.79,0.7999999999999999,0.637,0.7214999999999999,0.08449999999999991,12.363,-2.914235209320986,False,False,False,0.637,1.8655,5.01878116268129,3.7664189510122963,1.252362211668994,True,False
2.0,13,0.7999999999999999,0.8099999999999999,0.7214999999999999,0.8059999999999999,0.08450000000000002,12.2785,-2.7398680948115253,False,False,False,0.7214999999999999,1.885,5.937324211869905,4.819083166826163,1.1182410450437423,True,False
2.0,13,0.8099999999999999,0.82,0.8059999999999999,0.8969999999999999,0.09099999999999997,12.194,-2.5695322558630687,False,False,False,0.8059999999999999,1.898,7.007499285025439,6.035901318398178,0.971597966627261,True,False
2.0,13,0.82,0.83,0.8969999999999999,0.9944999999999999,0.09750000000000003,12.103,-2.401851711374615,False,False,False,0.8969999999999999,1.9044999999999999,8.250403525591855,7.4320259430337945,0.8183775825580604,True,False
2.0,13,0.83,0.84,0.9944999999999999,1.0919999999999999,0.09749999999999992,12.0055,-2.2369797509779747,False,False,False,0.9944999999999999,1.9109999999999998,9.6890219114326,9.014588884251989,0.674433027180612,True,False
2.0,13,0.84,0.85,1.0919999999999999,1.1895,0.09750000000000014,11.908,-2.076200134120014,False,False,False,1.0919999999999999,1.9044999999999999,11.348119332525055,10.82198047305473,0.5261388594703256,True,False
2.0,13,0.85,0.86,1.1895,1.287,0.09749999999999992,11.8105,-1.919429816833471,False,False,False,1.1895,1.8915,13.25414762883929,12.864057098251472,0.39009053058781795,True,False
2.0,13,0.86,0.87,1.287,1.378,0.09099999999999997,11.713000000000001,-1.7665885074611785,False,False,False,1.287,1.8655,15.4351380865635,15.169659359551225,0.26547872701227426,True,False
2.0,13,0.87,0.88,1.378,1.4625,0.08450000000000002,11.622,-1.618503746550026,False,False,False,1.378,1.8395,17.920618733066057,17.75135492536372,0.16926380770233607,True,False
2.0,13,0.88,0.89,1.4625,1.534,0.07150000000000012,11.5375,-1.474877523795297,False,False,False,1.4625,1.7939999999999998,20.74176862113864,20.652685546304735,0.08908307483390487,True,False
2.0,13,0.89,0.9,1.534,1.5795,0.045499999999999874,11.466,-1.3361767371907398,False,False,False,1.534,1.7485,23.931712957140988,23.892927103635,0.0387858535059884,True,False
2.0,13,0.9,0.91,1.5795,1.6119999999999999,0.03249999999999997,11.4205,-1.203269769070205,False,False,False,1.5795,1.6835,27.526278223288198,27.51769108598542,0.008587137302779269,True,False
2.0,13,0.91,0.9199999999999999,1.6119999999999999,1.6119999999999999,0.0,11.388,-1.0740100178184957,False,True,False,1.6119999999999999,1.6119999999999999,31.56503612994776,31.56503612994776,0.0,True,True
2.0,13,0.9199999999999999,0.9299999999999999,1.6119999999999999,1.5859999999999999,-0.026000000000000023,11.388,-0.9495497625979143,True,True,True,1.6119999999999999,1.5274999999999999,36.092974793292036,36.08661005226011,0.0063647410319234154,True,True
2.0,13,0.9299999999999999,0.94,1.5859999999999999,1.521,-0.06499999999999995,11.414,-0.8283218880168124,True,True,True,1.5859999999999999,1.43,41.16276801681924,41.14157078336143,0.021197233457812104,True,True
2.0,13,0.94,0.95,1.521,1.417,-0.10399999999999987,11.479,-0.7102677592799267,True,True,True,1.521,1.3195,46.83781627873232,46.80116878458875,0.0366474941435726,True,True
2.0,13,0.95,0.96,1.417,1.261,-0.15600000000000014,11.583,-0.5941302288909983,True,True,True,1.417,1.1895,53.196361774196006,53.148893756084874,0.04746801811113244,True,True
2.0,13,0.96,0.97,1.261,1.0594999999999999,-0.2015,11.739,-0.4792093936732754,True,True,True,1.261,1.0465,60.337158930941676,60.29222989992197,0.04492903101970569,True,True
2.0,13,0.97,0.98,1.0594999999999999,0.7865,-0.2729999999999999,11.9405,-0.36369816697116275,True,True,True,1.0594999999999999,0.8775,68.3875565013515,68.35582210833248,0.03173439301902192,True,True
2.0,13,0.98,0.99,0.7865,0.442,-0.3445,12.2135,-0.246745765822524,True,True,True,0.7865,0.6955,77.51534889397499,77.50669781318271,0.008651080792276389,True,True
2.0,14,0.7,0.71,0.126,0.147,0.02099999999999999,13.874,-4.948508172205974,False,False,False,0.126,1.281,0.6935224041531004,-0.5699301734284585,1.263452577581559,True,False
2.0,14,0.71,0.72,0.147,0.17500000000000002,0.028000000000000025,13.853,-4.744518249839688,False,False,False,0.147,1.323,0.8483161862461701,-0.4489551170256001,1.2972713032717702,True,False
2.0,14,0.72,0.73,0.17500000000000002,0.203,0.027999999999999997,13.825,-4.541568725888399,False,False,False,0.17500000000000002,1.372,1.035042603057826,-0.30333806149784226,1.3383806645556682,True,False
2.0,14,0.73,0.74,0.203,0.23800000000000002,0.035,13.797,-4.342064146553344,False,False,False,0.203,1.421,1.2597556651954467,-0.11053843356828641,1.370294098763733,True,False
2.0,14,0.74,0.75,0.23800000000000002,0.28,0.04200000000000001,13.762,-4.143808286892329,False,False,False,0.23800000000000002,1.463,1.529588803635167,0.15344431969436068,1.3761444839408064,True,False
2.0,14,0.75,0.76,0.28,0.322,0.04199999999999998,13.72,-3.946998034038434,False,False,False,0.28,1.512,1.8528590581355746,0.4665951354641278,1.3862639226714468,True,False
2.0,14,0.76,0.77,0.322,0.371,0.04899999999999999,13.678,-3.7537471755086775,False,False,False,0.322,1.554,2.2392945638827095,0.8706180281923577,1.3686765356903519,True,False
2.0,14,0.77,0.78,0.371,0.427,0.055999999999999994,13.629,-3.56214037038784,False,False,False,0.371,1.589,2.700161019121458,1.3766219313328105,1.3235390877886473,True,False
2.0,14,0.78,0.79,0.427,0.49,0.063,13.573,-3.372366029758535,False,False,False,0.427,1.631,3.248507662052077,1.967037608521101,1.2814700535309762,True,False
2.0,14,0.79,0.7999999999999999,0.49,0.553,0.06300000000000006,13.51,-3.1846087258696536,False,False,False,0.49,1.659,3.8993439205935054,2.7004733591195427,1.1988705614739628,True,False
2.0,14,0.7999999999999999,0.8099999999999999,0.553,0.63,0.07699999999999996,13.447,-3.0006113345221794,False,False,False,0.553,1.687,4.6698551115775,3.562392606530624,1.1074625050468763,True,False
2.0,14,0.8099999999999999,0.82,0.63,0.707,0.07699999999999996,13.37,-2.817340188690276,False,False,False,0.63,1.715,5.579569430053079,4.570478840500631,1.0090905895524473,True,False
2.0,14,0.82,0.83,0.707,0.798,0.09100000000000008,13.293,-2.6380083284559825,False,False,False,0.707,1.736,6.650504939667357,5.756576462654095,0.8939284770132616,True,False
2.0,14,0.83,0.84,0.798,0.889,0.09099999999999997,13.202,-2.459923091284097,False,False,False,0.798,1.743,7.907348191237158,7.151153142623661,0.7561950486134972,True,False
2.0,14,0.84,0.85,0.889,0.98,0.09099999999999997,13.111,-2.285947258855182,False,False,False,0.889,1.75,9.37744913712109,8.752160711457282,0.6252884256638076,True,False
2.0,14,0.85,0.86,0.98,1.071,0.09099999999999997,13.02,-2.1159964620610294,False,False,False,0.98,1.75,11.090914292753997,10.595334317192558,0.49557997556143896,True,False
2.0,14,0.86,0.87,1.071,1.169,0.09800000000000009,12.929,-1.9499891413784323,False,False,False,1.071,1.743,13.080520649520363,12.707126903466207,0.37339374605415543,True,False
2.0,14,0.87,0.88,1.169,1.2530000000000001,0.08400000000000007,12.831,-1.7868715859562367,False,False,False,1.169,1.722,15.381769807668817,15.123833661147575,0.2579361465212422,True,False
2.0,14,0.88,0.89,1.2530000000000001,1.33,0.07699999999999996,12.747,-1.6294919866365025,False,False,False,1.2530000000000001,1.694,18.03290442556669,17.870125768995255,0.16277865657143664,True,False
2.0,14,0.89,0.9,1.33,1.393,0.06299999999999994,12.67,-1.4764834519629055,False,False,False,1.33,1.659,21.075059639772025,20.984513613518946,0.0905460262530795,True,False
2.0,14,0.9,0.91,1.393,1.442,0.04899999999999993,12.607,-1.328280020898216,False,False,False,1.393,1.61,24.552805809179986,24.513853686559898,0.0389521226200884,True,False
2.0,14,0.91,0.9199999999999999,1.442,1.463,0.02100000000000013,12.558,-1.1843535127998481,False,False,False,1.442,1.547,28.515026439667437,28.50565113946134,0.009375300206098558,True,False
2.0,14,0.9199999999999999,0.9299999999999999,1.463,1.463,0.0,12.536999999999999,-1.045355231268884,False,True,False,1.463,1.477,33.016321963405005,33.016225826944,9.613646100348205e-05,True,False
2.0,14,0.9299999999999999,0.94,1.463,1.421,-0.04200000000000004,12.536999999999999,-0.9098187760703326,True,True,True,1.463,1.3860000000000001,38.119348766557394,38.114380132388625,0.004968634168768915,True,True
2.0,14,0.94,0.95,1.421,1.337,-0.08400000000000007,12.579,-0.778330703369823,True,True,True,1.421,1.281,43.89794559566015,43.88018321783078,0.01776237782936363,True,True
2.0,14,0.95,0.96,1.337,1.211,-0.1259999999999999,12.663,-0.649526986829553,True,True,True,1.337,1.162,50.44170796998517,50.41230381661657,0.029404153368595587,True,True
2.0,14,0.96,0.97,1.211,1.029,-0.18200000000000016,12.789,-0.5220724879195433,True,True,True,1.211,1.029,57.86244772291808,57.83097044096339,0.03147728195468602,True,True
2.0,14,0.97,0.98,1.029,0.77,-0.2589999999999999,12.971,-0.39508638028415494,True,True,True,1.029,0.868,66.30334390889253,66.27922996657183,0.02411394232069597,True,True
2.0,14,0.98,0.99,0.77,0.441,-0.329,13.23,-0.26728181781078253,True,True,True,0.77,0.6930000000000001,75.95283215591095,75.94650053630734,0.006331619603614058,True,True
2.0,15,0.7,0.71,0.09,0.105,0.015,14.91,-5.318023414126501,False,False,False,0.09,1.095,0.4821434237165131,-0.49742715500025325,0.9795705787167663,True,False
2.0,15,0.71,0.72,0.105,0.1275,0.022500000000000006,14.895,-5.101393151762228,False,False,False,0.105,1.1475,0.5978008786049297,-0.4466820805249667,1.0444829591298963,True,False
2.0,15,0.72,0.73,0.1275,0.15,0.022499999999999992,14.8725,-4.885676736041607,False,False,False,0.1275,1.1925,0.739144746109067,-0.3502446710751015,1.0893894171841685,True,False
2.0,15,0.73,0.74,0.15,0.1725,0.022499999999999992,14.85,-4.673454560869549,False,False,False,0.15,1.2375,0.9114948311385984,-0.21623937314223074,1.1277342042808292,True,False
2.0,15,0.74,0.75,0.1725,0.20249999999999999,0.03,14.8275,-4.464635763253598,False,False,False,0.1725,1.2825,1.1211324456189982,-0.037176200248172586,1.1583086458671707,True,False
2.0,15,0.75,0.76,0.20249999999999999,0.24,0.037500000000000006,14.7975,-4.256975467105228,False,False,False,0.20249999999999999,1.3275,1.3755017937518474,0.1955744026255668,1.1799273911262806,True,False
2.0,15,0.76,0.77,0.24,0.27749999999999997,0.03749999999999998,14.76,-4.050687842557982,False,False,False,0.24,1.3725,1.6834394909311823,0.4919198512553149,1.1915196396758674,True,False
2.0,15,0.77,0.78,0.27749999999999997,0.3225,0.04500000000000004,14.7225,-3.8479427399688144,False,False,False,0.27749999999999997,1.41,2.0553496951836943,0.8787763045207186,1.1765733906629756,True,False
2.0,15,0.78,0.79,0.3225,0.375,0.05249999999999999,14.6775,-3.646791601103728,False,False,False,0.3225,1.4549999999999998,2.503459010486945,1.3377629284866734,1.1656960820002715,True,False
2.0,15,0.79,0.7999999999999999,0.375,0.435,0.06,14.625,-3.447439127745646,False,False,False,0.375,1.4925,3.042078708138071,1.914327787961693,1.127750920176378,True,False
2.0,15,0.7999999999999999,0.8099999999999999,0.435,0.495,0.06,14.565,-3.250085824891466,False,False,False,0.435,1.5225,3.687863018234278,2.623909072443608,1.0639539457906704,True,False
2.0,15,0.8099999999999999,0.82,0.495,0.5625,0.0675,14.505,-3.056508559233542,False,False,False,0.495,1.5525,4.460143694763604,3.469404809875779,0.9907388848878256,True,False
2.0,15,0.82,0.83,0.5625,0.645,0.08250000000000002,14.4375,-2.8651354278254155,False,False,False,0.5625,1.5825,5.381135205303101,4.4715474582168255,0.9095877470862757,True,False
2.0,15,0.83,0.84,0.645,0.72,0.07499999999999996,14.355,-2.674761094938889,False,False,False,0.645,1.5975,6.476304255131802,5.678833249419695,0.797471005712107,True,False
2.0,15,0.84,0.85,0.72,0.8099999999999999,0.08999999999999997,14.28,-2.4897663684274267,False,False,False,0.72,1.6125,7.774533922398872,7.0890665432152,0.6854673791836721,True,False
2.0,15,0.85,0.86,0.8099999999999999,0.8999999999999999,0.08999999999999997,14.19,-2.3061436095734265,False,False,False,0.8099999999999999,1.6275,9.308378074371458,8.73156663455128,0.5768114398201778,True,False
2.0,15,0.86,0.87,0.8999999999999999,0.99,0.09000000000000008,14.1,-2.1266027452576295,False,False,False,0.8999999999999999,1.6275,11.11417009605533,10.6582554661635,0.45591462989183107,True,False
2.0,15,0.87,0.88,0.99,1.08,0.09000000000000008,14.01,-1.9510615633424422,False,False,False,0.99,1.6199999999999999,13.23221187846937,12.891165177765268,0.34104670070410137,True,False
2.0,15,0.88,0.89,1.08,1.1624999999999999,0.0824999999999998,13.92,-1.7794405314175976,False,False,False,1.08,1.5975,15.706852141100903,15.475224322338084,0.2316278187628189,True,False
2.0,15,0.89,0.9,1.1624999999999999,1.2375,0.07500000000000018,13.8375,-1.612536682441729,False,False,False,1.1624999999999999,1.575,18.58671427449464,18.439334489614428,0.14737978488021142,True,False
2.0,15,0.9,0.91,1.2375,1.2974999999999999,0.05999999999999983,13.7625,-1.4500240967408342,False,False,False,1.2375,1.5374999999999999,21.925057328245952,21.845814682808594,0.0792426454373576,True,False
2.0,15,0.91,0.9199999999999999,1.2974999999999999,1.335,0.03750000000000009,13.7025,-1.2922920854546838,False,False,False,1.2974999999999999,1.4849999999999999,25.78054989685524,25.74880437607876,0.031745520776482294,True,False
2.0,15,0.9199999999999999,0.9299999999999999,1.335,1.3499999999999999,0.014999999999999902,13.665,-1.1394096861521337,False,False,False,1.335,1.425,30.218562114839703,30.21121037878673,0.007351736052971347,True,False
2.0,15,0.9299999999999999,0.94,1.3499999999999999,1.3275,-0.022499999999999964,13.65,-0.9905899571955046,True,True,True,1.3499999999999999,1.3425,35.313254133032046,35.313241127051604,1.3005980441960219e-05,True,True
2.0,15,0.94,0.95,1.3275,1.2674999999999998,-0.06000000000000005,13.6725,-0.8459914573355517,True,True,True,1.3275,1.2525,41.15091189719331,41.14572804509799,0.005183852095321129,True,True
2.0,15,0.95,0.96,1.2674999999999998,1.1624999999999999,-0.10499999999999998,13.7325,-0.7043851651770383,True,True,True,1.2674999999999998,1.14,47.83469003249825,47.81936072697699,0.015329305521262881,True,True
2.0,15,0.96,0.97,1.1624999999999999,0.9974999999999999,-0.16499999999999992,13.8375,-0.5648743491740309,True,True,True,1.1624999999999999,1.0125,55.491750366628835,55.47099620183641,0.020754164792428753,True,True
2.0,15,0.97,0.98,0.9974999999999999,0.7575,-0.24,14.0025,-0.4265050528046318,True,True,True,0.9974999999999999,0.8624999999999999,64.28365046642298,64.26687621225044,0.016774254172545966,True,True
2.0,15,0.98,0.99,0.7575,0.435,-0.32249999999999995,14.2425,-0.287737058969771,True,True,True,0.7575,0.6825,74.42206987453055,74.41652194019034,0.005547934340214056,True,True
